Product Name,Product Group SKU,Variant Name,Attribute 1,Option 1,Attribute 2,Option 2,Attribute 3,Option 3,Parent Category,Category,Subcategory,Brand,SKU,Barcode,Description,Customer Unit,Supplier Unit,Customer Units in One Supplier Unit,Purchase Price,Selling Price,Regular Price,Opening Supplier Quantity,Additional Customer-Unit Stock,Low Stock Alert,Status
Guard Basmati Rice,,,,,,,,,Grocery,Rice,Basmati Rice,Guard,GRO-RICE-BR-GUAR-00001,,Guard Basmati Rice in Grocery > Rice. Simple product for Zephrant ERP import; one internal Default variant will be created.,KG,Bag,50,12000,280,300,0,0,10,Active
Falak Basmati Rice,,,,,,,,,Grocery,Rice,Basmati Rice,Falak,GRO-RICE-BR-FALA-00002,,Falak Basmati Rice in Grocery > Rice. Simple product for Zephrant ERP import; one internal Default variant will be created.,KG,Bag,50,12000,280,300,0,0,10,Active
Kashmir Basmati Rice,,,,,,,,,Grocery,Rice,Basmati Rice,Kashmir,GRO-RICE-BR-KASH-00003,,Kashmir Basmati Rice in Grocery > Rice. Simple product for Zephrant ERP import; one internal Default variant will be created.,KG,Bag,50,12000,280,300,0,0,10,Active
Lal Qilla Basmati Rice,,,,,,,,,Grocery,Rice,Basmati Rice,Lal Qilla,GRO-RICE-BR-LQ-00004,,Lal Qilla Basmati Rice in Grocery > Rice. Simple product for Zephrant ERP import; one internal Default variant will be created.,KG,Bag,50,12000,280,300,0,0,10,Active
Guard Sella Rice,,,,,,,,,Grocery,Rice,Sella Rice,Guard,GRO-RICE-SR-GUAR-00005,,Guard Sella Rice in Grocery > Rice. Simple product for Zephrant ERP import; one internal Default variant will be created.,KG,Bag,50,12000,280,300,0,0,10,Active
Falak Sella Rice,,,,,,,,,Grocery,Rice,Sella Rice,Falak,GRO-RICE-SR-FALA-00006,,Falak Sella Rice in Grocery > Rice. Simple product for Zephrant ERP import; one internal Default variant will be created.,KG,Bag,50,12000,280,300,0,0,10,Active
Kashmir Sella Rice,,,,,,,,,Grocery,Rice,Sella Rice,Kashmir,GRO-RICE-SR-KASH-00007,,Kashmir Sella Rice in Grocery > Rice. Simple product for Zephrant ERP import; one internal Default variant will be created.,KG,Bag,50,12000,280,300,0,0,10,Active
Lal Qilla Sella Rice,,,,,,,,,Grocery,Rice,Sella Rice,Lal Qilla,GRO-RICE-SR-LQ-00008,,Lal Qilla Sella Rice in Grocery > Rice. Simple product for Zephrant ERP import; one internal Default variant will be created.,KG,Bag,50,12000,280,300,0,0,10,Active
Guard Steam Rice,,,,,,,,,Grocery,Rice,Steam Rice,Guard,GRO-RICE-SR-GUAR-00009,,Guard Steam Rice in Grocery > Rice. Simple product for Zephrant ERP import; one internal Default variant will be created.,KG,Bag,50,12000,280,300,0,0,10,Active
Falak Steam Rice,,,,,,,,,Grocery,Rice,Steam Rice,Falak,GRO-RICE-SR-FALA-00010,,Falak Steam Rice in Grocery > Rice. Simple product for Zephrant ERP import; one internal Default variant will be created.,KG,Bag,50,12000,280,300,0,0,10,Active
Kashmir Steam Rice,,,,,,,,,Grocery,Rice,Steam Rice,Kashmir,GRO-RICE-SR-KASH-00011,,Kashmir Steam Rice in Grocery > Rice. Simple product for Zephrant ERP import; one internal Default variant will be created.,KG,Bag,50,12000,280,300,0,0,10,Active
Lal Qilla Steam Rice,,,,,,,,,Grocery,Rice,Steam Rice,Lal Qilla,GRO-RICE-SR-LQ-00012,,Lal Qilla Steam Rice in Grocery > Rice. Simple product for Zephrant ERP import; one internal Default variant will be created.,KG,Bag,50,12000,280,300,0,0,10,Active
Guard Brown Rice,,,,,,,,,Grocery,Rice,Brown Rice,Guard,GRO-RICE-BR-GUAR-00013,,Guard Brown Rice in Grocery > Rice. Simple product for Zephrant ERP import; one internal Default variant will be created.,KG,Bag,50,12000,280,300,0,0,10,Active
Falak Brown Rice,,,,,,,,,Grocery,Rice,Brown Rice,Falak,GRO-RICE-BR-FALA-00014,,Falak Brown Rice in Grocery > Rice. Simple product for Zephrant ERP import; one internal Default variant will be created.,KG,Bag,50,12000,280,300,0,0,10,Active
Kashmir Brown Rice,,,,,,,,,Grocery,Rice,Brown Rice,Kashmir,GRO-RICE-BR-KASH-00015,,Kashmir Brown Rice in Grocery > Rice. Simple product for Zephrant ERP import; one internal Default variant will be created.,KG,Bag,50,12000,280,300,0,0,10,Active
Lal Qilla Brown Rice,,,,,,,,,Grocery,Rice,Brown Rice,Lal Qilla,GRO-RICE-BR-LQ-00016,,Lal Qilla Brown Rice in Grocery > Rice. Simple product for Zephrant ERP import; one internal Default variant will be created.,KG,Bag,50,12000,280,300,0,0,10,Active
Guard Broken Rice,,,,,,,,,Grocery,Rice,Broken Rice,Guard,GRO-RICE-BR-GUAR-00017,,Guard Broken Rice in Grocery > Rice. Simple product for Zephrant ERP import; one internal Default variant will be created.,KG,Bag,50,12000,280,300,0,0,10,Active
Falak Broken Rice,,,,,,,,,Grocery,Rice,Broken Rice,Falak,GRO-RICE-BR-FALA-00018,,Falak Broken Rice in Grocery > Rice. Simple product for Zephrant ERP import; one internal Default variant will be created.,KG,Bag,50,12000,280,300,0,0,10,Active
Kashmir Broken Rice,,,,,,,,,Grocery,Rice,Broken Rice,Kashmir,GRO-RICE-BR-KASH-00019,,Kashmir Broken Rice in Grocery > Rice. Simple product for Zephrant ERP import; one internal Default variant will be created.,KG,Bag,50,12000,280,300,0,0,10,Active
Lal Qilla Broken Rice,,,,,,,,,Grocery,Rice,Broken Rice,Lal Qilla,GRO-RICE-BR-LQ-00020,,Lal Qilla Broken Rice in Grocery > Rice. Simple product for Zephrant ERP import; one internal Default variant will be created.,KG,Bag,50,12000,280,300,0,0,10,Active
Guard Local Rice,,,,,,,,,Grocery,Rice,Local Rice,Guard,GRO-RICE-LR-GUAR-00021,,Guard Local Rice in Grocery > Rice. Simple product for Zephrant ERP import; one internal Default variant will be created.,KG,Bag,50,12000,280,300,0,0,10,Active
Falak Local Rice,,,,,,,,,Grocery,Rice,Local Rice,Falak,GRO-RICE-LR-FALA-00022,,Falak Local Rice in Grocery > Rice. Simple product for Zephrant ERP import; one internal Default variant will be created.,KG,Bag,50,12000,280,300,0,0,10,Active
Kashmir Local Rice,,,,,,,,,Grocery,Rice,Local Rice,Kashmir,GRO-RICE-LR-KASH-00023,,Kashmir Local Rice in Grocery > Rice. Simple product for Zephrant ERP import; one internal Default variant will be created.,KG,Bag,50,12000,280,300,0,0,10,Active
Lal Qilla Local Rice,,,,,,,,,Grocery,Rice,Local Rice,Lal Qilla,GRO-RICE-LR-LQ-00024,,Lal Qilla Local Rice in Grocery > Rice. Simple product for Zephrant ERP import; one internal Default variant will be created.,KG,Bag,50,12000,280,300,0,0,10,Active
Guard Imported Rice,,,,,,,,,Grocery,Rice,Imported Rice,Guard,GRO-RICE-IR-GUAR-00025,,Guard Imported Rice in Grocery > Rice. Simple product for Zephrant ERP import; one internal Default variant will be created.,KG,Bag,50,12000,280,300,0,0,10,Active
Falak Imported Rice,,,,,,,,,Grocery,Rice,Imported Rice,Falak,GRO-RICE-IR-FALA-00026,,Falak Imported Rice in Grocery > Rice. Simple product for Zephrant ERP import; one internal Default variant will be created.,KG,Bag,50,12000,280,300,0,0,10,Active
Kashmir Imported Rice,,,,,,,,,Grocery,Rice,Imported Rice,Kashmir,GRO-RICE-IR-KASH-00027,,Kashmir Imported Rice in Grocery > Rice. Simple product for Zephrant ERP import; one internal Default variant will be created.,KG,Bag,50,12000,280,300,0,0,10,Active
Lal Qilla Imported Rice,,,,,,,,,Grocery,Rice,Imported Rice,Lal Qilla,GRO-RICE-IR-LQ-00028,,Lal Qilla Imported Rice in Grocery > Rice. Simple product for Zephrant ERP import; one internal Default variant will be created.,KG,Bag,50,12000,280,300,0,0,10,Active
Guard Super Kernel Rice,,,,,,,,,Grocery,Rice,Super Kernel Rice,Guard,GRO-RICE-SKR-GUAR-00029,,Guard Super Kernel Rice in Grocery > Rice. Simple product for Zephrant ERP import; one internal Default variant will be created.,KG,Bag,50,12000,280,300,0,0,10,Active
Falak Super Kernel Rice,,,,,,,,,Grocery,Rice,Super Kernel Rice,Falak,GRO-RICE-SKR-FALA-00030,,Falak Super Kernel Rice in Grocery > Rice. Simple product for Zephrant ERP import; one internal Default variant will be created.,KG,Bag,50,12000,280,300,0,0,10,Active
Kashmir Super Kernel Rice,,,,,,,,,Grocery,Rice,Super Kernel Rice,Kashmir,GRO-RICE-SKR-KASH-00031,,Kashmir Super Kernel Rice in Grocery > Rice. Simple product for Zephrant ERP import; one internal Default variant will be created.,KG,Bag,50,12000,280,300,0,0,10,Active
Lal Qilla Super Kernel Rice,,,,,,,,,Grocery,Rice,Super Kernel Rice,Lal Qilla,GRO-RICE-SKR-LQ-00032,,Lal Qilla Super Kernel Rice in Grocery > Rice. Simple product for Zephrant ERP import; one internal Default variant will be created.,KG,Bag,50,12000,280,300,0,0,10,Active
Guard Kainat Rice,,,,,,,,,Grocery,Rice,Kainat Rice,Guard,GRO-RICE-KR-GUAR-00033,,Guard Kainat Rice in Grocery > Rice. Simple product for Zephrant ERP import; one internal Default variant will be created.,KG,Bag,50,12000,280,300,0,0,10,Active
Falak Kainat Rice,,,,,,,,,Grocery,Rice,Kainat Rice,Falak,GRO-RICE-KR-FALA-00034,,Falak Kainat Rice in Grocery > Rice. Simple product for Zephrant ERP import; one internal Default variant will be created.,KG,Bag,50,12000,280,300,0,0,10,Active
Kashmir Kainat Rice,,,,,,,,,Grocery,Rice,Kainat Rice,Kashmir,GRO-RICE-KR-KASH-00035,,Kashmir Kainat Rice in Grocery > Rice. Simple product for Zephrant ERP import; one internal Default variant will be created.,KG,Bag,50,12000,280,300,0,0,10,Active
Lal Qilla Kainat Rice,,,,,,,,,Grocery,Rice,Kainat Rice,Lal Qilla,GRO-RICE-KR-LQ-00036,,Lal Qilla Kainat Rice in Grocery > Rice. Simple product for Zephrant ERP import; one internal Default variant will be created.,KG,Bag,50,12000,280,300,0,0,10,Active
Guard Jasmine Rice,,,,,,,,,Grocery,Rice,Jasmine Rice,Guard,GRO-RICE-JR-GUAR-00037,,Guard Jasmine Rice in Grocery > Rice. Simple product for Zephrant ERP import; one internal Default variant will be created.,KG,Bag,50,12000,280,300,0,0,10,Active
Falak Jasmine Rice,,,,,,,,,Grocery,Rice,Jasmine Rice,Falak,GRO-RICE-JR-FALA-00038,,Falak Jasmine Rice in Grocery > Rice. Simple product for Zephrant ERP import; one internal Default variant will be created.,KG,Bag,50,12000,280,300,0,0,10,Active
Kashmir Jasmine Rice,,,,,,,,,Grocery,Rice,Jasmine Rice,Kashmir,GRO-RICE-JR-KASH-00039,,Kashmir Jasmine Rice in Grocery > Rice. Simple product for Zephrant ERP import; one internal Default variant will be created.,KG,Bag,50,12000,280,300,0,0,10,Active
Lal Qilla Jasmine Rice,,,,,,,,,Grocery,Rice,Jasmine Rice,Lal Qilla,GRO-RICE-JR-LQ-00040,,Lal Qilla Jasmine Rice in Grocery > Rice. Simple product for Zephrant ERP import; one internal Default variant will be created.,KG,Bag,50,12000,280,300,0,0,10,Active
Guard IRRI Rice,,,,,,,,,Grocery,Rice,IRRI Rice,Guard,GRO-RICE-IR-GUAR-00041,,Guard IRRI Rice in Grocery > Rice. Simple product for Zephrant ERP import; one internal Default variant will be created.,KG,Bag,50,12000,280,300,0,0,10,Active
Falak IRRI Rice,,,,,,,,,Grocery,Rice,IRRI Rice,Falak,GRO-RICE-IR-FALA-00042,,Falak IRRI Rice in Grocery > Rice. Simple product for Zephrant ERP import; one internal Default variant will be created.,KG,Bag,50,12000,280,300,0,0,10,Active
Kashmir IRRI Rice,,,,,,,,,Grocery,Rice,IRRI Rice,Kashmir,GRO-RICE-IR-KASH-00043,,Kashmir IRRI Rice in Grocery > Rice. Simple product for Zephrant ERP import; one internal Default variant will be created.,KG,Bag,50,12000,280,300,0,0,10,Active
Lal Qilla IRRI Rice,,,,,,,,,Grocery,Rice,IRRI Rice,Lal Qilla,GRO-RICE-IR-LQ-00044,,Lal Qilla IRRI Rice in Grocery > Rice. Simple product for Zephrant ERP import; one internal Default variant will be created.,KG,Bag,50,12000,280,300,0,0,10,Active
Guard Long Grain Rice,,,,,,,,,Grocery,Rice,Long Grain Rice,Guard,GRO-RICE-LGR-GUAR-00045,,Guard Long Grain Rice in Grocery > Rice. Simple product for Zephrant ERP import; one internal Default variant will be created.,KG,Bag,50,12000,280,300,0,0,10,Active
Falak Long Grain Rice,,,,,,,,,Grocery,Rice,Long Grain Rice,Falak,GRO-RICE-LGR-FALA-00046,,Falak Long Grain Rice in Grocery > Rice. Simple product for Zephrant ERP import; one internal Default variant will be created.,KG,Bag,50,12000,280,300,0,0,10,Active
Kashmir Long Grain Rice,,,,,,,,,Grocery,Rice,Long Grain Rice,Kashmir,GRO-RICE-LGR-KASH-00047,,Kashmir Long Grain Rice in Grocery > Rice. Simple product for Zephrant ERP import; one internal Default variant will be created.,KG,Bag,50,12000,280,300,0,0,10,Active
Lal Qilla Long Grain Rice,,,,,,,,,Grocery,Rice,Long Grain Rice,Lal Qilla,GRO-RICE-LGR-LQ-00048,,Lal Qilla Long Grain Rice in Grocery > Rice. Simple product for Zephrant ERP import; one internal Default variant will be created.,KG,Bag,50,12000,280,300,0,0,10,Active
Guard Short Grain Rice,,,,,,,,,Grocery,Rice,Short Grain Rice,Guard,GRO-RICE-SGR-GUAR-00049,,Guard Short Grain Rice in Grocery > Rice. Simple product for Zephrant ERP import; one internal Default variant will be created.,KG,Bag,50,12000,280,300,0,0,10,Active
Falak Short Grain Rice,,,,,,,,,Grocery,Rice,Short Grain Rice,Falak,GRO-RICE-SGR-FALA-00050,,Falak Short Grain Rice in Grocery > Rice. Simple product for Zephrant ERP import; one internal Default variant will be created.,KG,Bag,50,12000,280,300,0,0,10,Active
Kashmir Short Grain Rice,,,,,,,,,Grocery,Rice,Short Grain Rice,Kashmir,GRO-RICE-SGR-KASH-00051,,Kashmir Short Grain Rice in Grocery > Rice. Simple product for Zephrant ERP import; one internal Default variant will be created.,KG,Bag,50,12000,280,300,0,0,10,Active
Lal Qilla Short Grain Rice,,,,,,,,,Grocery,Rice,Short Grain Rice,Lal Qilla,GRO-RICE-SGR-LQ-00052,,Lal Qilla Short Grain Rice in Grocery > Rice. Simple product for Zephrant ERP import; one internal Default variant will be created.,KG,Bag,50,12000,280,300,0,0,10,Active
Guard Sticky Rice,,,,,,,,,Grocery,Rice,Sticky Rice,Guard,GRO-RICE-SR-GUAR-00053,,Guard Sticky Rice in Grocery > Rice. Simple product for Zephrant ERP import; one internal Default variant will be created.,KG,Bag,50,12000,280,300,0,0,10,Active
Falak Sticky Rice,,,,,,,,,Grocery,Rice,Sticky Rice,Falak,GRO-RICE-SR-FALA-00054,,Falak Sticky Rice in Grocery > Rice. Simple product for Zephrant ERP import; one internal Default variant will be created.,KG,Bag,50,12000,280,300,0,0,10,Active
Kashmir Sticky Rice,,,,,,,,,Grocery,Rice,Sticky Rice,Kashmir,GRO-RICE-SR-KASH-00055,,Kashmir Sticky Rice in Grocery > Rice. Simple product for Zephrant ERP import; one internal Default variant will be created.,KG,Bag,50,12000,280,300,0,0,10,Active
Lal Qilla Sticky Rice,,,,,,,,,Grocery,Rice,Sticky Rice,Lal Qilla,GRO-RICE-SR-LQ-00056,,Lal Qilla Sticky Rice in Grocery > Rice. Simple product for Zephrant ERP import; one internal Default variant will be created.,KG,Bag,50,12000,280,300,0,0,10,Active
Sunridge Wheat Flour,,,,,,,,,Grocery,Flour & Grains,Wheat Flour,Sunridge,GRO-FG-WF-SUNR-00057,,Sunridge Wheat Flour in Grocery > Flour & Grains. Simple product for Zephrant ERP import; one internal Default variant will be created.,KG,Bag,50,12000,280,300,0,0,10,Active
Bake Parlor Wheat Flour,,,,,,,,,Grocery,Flour & Grains,Wheat Flour,Bake Parlor,GRO-FG-WF-BP-00058,,Bake Parlor Wheat Flour in Grocery > Flour & Grains. Simple product for Zephrant ERP import; one internal Default variant will be created.,KG,Bag,50,12000,280,300,0,0,10,Active
Nature's Own Wheat Flour,,,,,,,,,Grocery,Flour & Grains,Wheat Flour,Nature's Own,GRO-FG-WF-NSO-00059,,Nature's Own Wheat Flour in Grocery > Flour & Grains. Simple product for Zephrant ERP import; one internal Default variant will be created.,KG,Bag,50,12000,280,300,0,0,10,Active
Wheat Flour,,,,,,,,,Grocery,Flour & Grains,Wheat Flour,Store Brand,GRO-FG-WF-SB-00060,,Wheat Flour in Grocery > Flour & Grains. Simple product for Zephrant ERP import; one internal Default variant will be created.,KG,Bag,50,12000,280,300,0,0,10,Active
Sunridge Chakki Atta,,,,,,,,,Grocery,Flour & Grains,Chakki Atta,Sunridge,GRO-FG-CA-SUNR-00061,,Sunridge Chakki Atta in Grocery > Flour & Grains. Simple product for Zephrant ERP import; one internal Default variant will be created.,KG,Bag,50,12000,280,300,0,0,10,Active
Bake Parlor Chakki Atta,,,,,,,,,Grocery,Flour & Grains,Chakki Atta,Bake Parlor,GRO-FG-CA-BP-00062,,Bake Parlor Chakki Atta in Grocery > Flour & Grains. Simple product for Zephrant ERP import; one internal Default variant will be created.,KG,Bag,50,12000,280,300,0,0,10,Active
Nature's Own Chakki Atta,,,,,,,,,Grocery,Flour & Grains,Chakki Atta,Nature's Own,GRO-FG-CA-NSO-00063,,Nature's Own Chakki Atta in Grocery > Flour & Grains. Simple product for Zephrant ERP import; one internal Default variant will be created.,KG,Bag,50,12000,280,300,0,0,10,Active
Chakki Atta,,,,,,,,,Grocery,Flour & Grains,Chakki Atta,Store Brand,GRO-FG-CA-SB-00064,,Chakki Atta in Grocery > Flour & Grains. Simple product for Zephrant ERP import; one internal Default variant will be created.,KG,Bag,50,12000,280,300,0,0,10,Active
Sunridge Fine Flour,,,,,,,,,Grocery,Flour & Grains,Fine Flour,Sunridge,GRO-FG-FF-SUNR-00065,,Sunridge Fine Flour in Grocery > Flour & Grains. Simple product for Zephrant ERP import; one internal Default variant will be created.,KG,Bag,50,12000,280,300,0,0,10,Active
Bake Parlor Fine Flour,,,,,,,,,Grocery,Flour & Grains,Fine Flour,Bake Parlor,GRO-FG-FF-BP-00066,,Bake Parlor Fine Flour in Grocery > Flour & Grains. Simple product for Zephrant ERP import; one internal Default variant will be created.,KG,Bag,50,12000,280,300,0,0,10,Active
Nature's Own Fine Flour,,,,,,,,,Grocery,Flour & Grains,Fine Flour,Nature's Own,GRO-FG-FF-NSO-00067,,Nature's Own Fine Flour in Grocery > Flour & Grains. Simple product for Zephrant ERP import; one internal Default variant will be created.,KG,Bag,50,12000,280,300,0,0,10,Active
Fine Flour,,,,,,,,,Grocery,Flour & Grains,Fine Flour,Store Brand,GRO-FG-FF-SB-00068,,Fine Flour in Grocery > Flour & Grains. Simple product for Zephrant ERP import; one internal Default variant will be created.,KG,Bag,50,12000,280,300,0,0,10,Active
Sunridge Semolina,,,,,,,,,Grocery,Flour & Grains,Semolina,Sunridge,GRO-FG-SEMO-SUNR-00069,,Sunridge Semolina in Grocery > Flour & Grains. Simple product for Zephrant ERP import; one internal Default variant will be created.,KG,Bag,50,12000,280,300,0,0,10,Active
Bake Parlor Semolina,,,,,,,,,Grocery,Flour & Grains,Semolina,Bake Parlor,GRO-FG-SEMO-BP-00070,,Bake Parlor Semolina in Grocery > Flour & Grains. Simple product for Zephrant ERP import; one internal Default variant will be created.,KG,Bag,50,12000,280,300,0,0,10,Active
Nature's Own Semolina,,,,,,,,,Grocery,Flour & Grains,Semolina,Nature's Own,GRO-FG-SEMO-NSO-00071,,Nature's Own Semolina in Grocery > Flour & Grains. Simple product for Zephrant ERP import; one internal Default variant will be created.,KG,Bag,50,12000,280,300,0,0,10,Active
Semolina,,,,,,,,,Grocery,Flour & Grains,Semolina,Store Brand,GRO-FG-SEMO-SB-00072,,Semolina in Grocery > Flour & Grains. Simple product for Zephrant ERP import; one internal Default variant will be created.,KG,Bag,50,12000,280,300,0,0,10,Active
Sunridge Corn Flour,,,,,,,,,Grocery,Flour & Grains,Corn Flour,Sunridge,GRO-FG-CF-SUNR-00073,,Sunridge Corn Flour in Grocery > Flour & Grains. Simple product for Zephrant ERP import; one internal Default variant will be created.,KG,Bag,50,12000,280,300,0,0,10,Active
Bake Parlor Corn Flour,,,,,,,,,Grocery,Flour & Grains,Corn Flour,Bake Parlor,GRO-FG-CF-BP-00074,,Bake Parlor Corn Flour in Grocery > Flour & Grains. Simple product for Zephrant ERP import; one internal Default variant will be created.,KG,Bag,50,12000,280,300,0,0,10,Active
Nature's Own Corn Flour,,,,,,,,,Grocery,Flour & Grains,Corn Flour,Nature's Own,GRO-FG-CF-NSO-00075,,Nature's Own Corn Flour in Grocery > Flour & Grains. Simple product for Zephrant ERP import; one internal Default variant will be created.,KG,Bag,50,12000,280,300,0,0,10,Active
Corn Flour,,,,,,,,,Grocery,Flour & Grains,Corn Flour,Store Brand,GRO-FG-CF-SB-00076,,Corn Flour in Grocery > Flour & Grains. Simple product for Zephrant ERP import; one internal Default variant will be created.,KG,Bag,50,12000,280,300,0,0,10,Active
Sunridge Gram Flour,,,,,,,,,Grocery,Flour & Grains,Gram Flour,Sunridge,GRO-FG-GF-SUNR-00077,,Sunridge Gram Flour in Grocery > Flour & Grains. Simple product for Zephrant ERP import; one internal Default variant will be created.,KG,Bag,50,12000,280,300,0,0,10,Active
Bake Parlor Gram Flour,,,,,,,,,Grocery,Flour & Grains,Gram Flour,Bake Parlor,GRO-FG-GF-BP-00078,,Bake Parlor Gram Flour in Grocery > Flour & Grains. Simple product for Zephrant ERP import; one internal Default variant will be created.,KG,Bag,50,12000,280,300,0,0,10,Active
Nature's Own Gram Flour,,,,,,,,,Grocery,Flour & Grains,Gram Flour,Nature's Own,GRO-FG-GF-NSO-00079,,Nature's Own Gram Flour in Grocery > Flour & Grains. Simple product for Zephrant ERP import; one internal Default variant will be created.,KG,Bag,50,12000,280,300,0,0,10,Active
Gram Flour,,,,,,,,,Grocery,Flour & Grains,Gram Flour,Store Brand,GRO-FG-GF-SB-00080,,Gram Flour in Grocery > Flour & Grains. Simple product for Zephrant ERP import; one internal Default variant will be created.,KG,Bag,50,12000,280,300,0,0,10,Active
Sunridge Oats,,,,,,,,,Grocery,Flour & Grains,Oats,Sunridge,GRO-FG-OATS-SUNR-00081,,Sunridge Oats in Grocery > Flour & Grains. Simple product for Zephrant ERP import; one internal Default variant will be created.,KG,Bag,50,12000,280,300,0,0,10,Active
Bake Parlor Oats,,,,,,,,,Grocery,Flour & Grains,Oats,Bake Parlor,GRO-FG-OATS-BP-00082,,Bake Parlor Oats in Grocery > Flour & Grains. Simple product for Zephrant ERP import; one internal Default variant will be created.,KG,Bag,50,12000,280,300,0,0,10,Active
Nature's Own Oats,,,,,,,,,Grocery,Flour & Grains,Oats,Nature's Own,GRO-FG-OATS-NSO-00083,,Nature's Own Oats in Grocery > Flour & Grains. Simple product for Zephrant ERP import; one internal Default variant will be created.,KG,Bag,50,12000,280,300,0,0,10,Active
Oats,,,,,,,,,Grocery,Flour & Grains,Oats,Store Brand,GRO-FG-OATS-SB-00084,,Oats in Grocery > Flour & Grains. Simple product for Zephrant ERP import; one internal Default variant will be created.,KG,Bag,50,12000,280,300,0,0,10,Active
Sunridge Porridge,,,,,,,,,Grocery,Flour & Grains,Porridge,Sunridge,GRO-FG-PORR-SUNR-00085,,Sunridge Porridge in Grocery > Flour & Grains. Simple product for Zephrant ERP import; one internal Default variant will be created.,KG,Bag,50,12000,280,300,0,0,10,Active
Bake Parlor Porridge,,,,,,,,,Grocery,Flour & Grains,Porridge,Bake Parlor,GRO-FG-PORR-BP-00086,,Bake Parlor Porridge in Grocery > Flour & Grains. Simple product for Zephrant ERP import; one internal Default variant will be created.,KG,Bag,50,12000,280,300,0,0,10,Active
Nature's Own Porridge,,,,,,,,,Grocery,Flour & Grains,Porridge,Nature's Own,GRO-FG-PORR-NSO-00087,,Nature's Own Porridge in Grocery > Flour & Grains. Simple product for Zephrant ERP import; one internal Default variant will be created.,KG,Bag,50,12000,280,300,0,0,10,Active
Porridge,,,,,,,,,Grocery,Flour & Grains,Porridge,Store Brand,GRO-FG-PORR-SB-00088,,Porridge in Grocery > Flour & Grains. Simple product for Zephrant ERP import; one internal Default variant will be created.,KG,Bag,50,12000,280,300,0,0,10,Active
Sunridge Barley Flour,,,,,,,,,Grocery,Flour & Grains,Barley Flour,Sunridge,GRO-FG-BF-SUNR-00089,,Sunridge Barley Flour in Grocery > Flour & Grains. Simple product for Zephrant ERP import; one internal Default variant will be created.,KG,Bag,50,12000,280,300,0,0,10,Active
Bake Parlor Barley Flour,,,,,,,,,Grocery,Flour & Grains,Barley Flour,Bake Parlor,GRO-FG-BF-BP-00090,,Bake Parlor Barley Flour in Grocery > Flour & Grains. Simple product for Zephrant ERP import; one internal Default variant will be created.,KG,Bag,50,12000,280,300,0,0,10,Active
Nature's Own Barley Flour,,,,,,,,,Grocery,Flour & Grains,Barley Flour,Nature's Own,GRO-FG-BF-NSO-00091,,Nature's Own Barley Flour in Grocery > Flour & Grains. Simple product for Zephrant ERP import; one internal Default variant will be created.,KG,Bag,50,12000,280,300,0,0,10,Active
Barley Flour,,,,,,,,,Grocery,Flour & Grains,Barley Flour,Store Brand,GRO-FG-BF-SB-00092,,Barley Flour in Grocery > Flour & Grains. Simple product for Zephrant ERP import; one internal Default variant will be created.,KG,Bag,50,12000,280,300,0,0,10,Active
Sunridge Multigrain Flour,,,,,,,,,Grocery,Flour & Grains,Multigrain Flour,Sunridge,GRO-FG-MF-SUNR-00093,,Sunridge Multigrain Flour in Grocery > Flour & Grains. Simple product for Zephrant ERP import; one internal Default variant will be created.,KG,Bag,50,12000,280,300,0,0,10,Active
Bake Parlor Multigrain Flour,,,,,,,,,Grocery,Flour & Grains,Multigrain Flour,Bake Parlor,GRO-FG-MF-BP-00094,,Bake Parlor Multigrain Flour in Grocery > Flour & Grains. Simple product for Zephrant ERP import; one internal Default variant will be created.,KG,Bag,50,12000,280,300,0,0,10,Active
Nature's Own Multigrain Flour,,,,,,,,,Grocery,Flour & Grains,Multigrain Flour,Nature's Own,GRO-FG-MF-NSO-00095,,Nature's Own Multigrain Flour in Grocery > Flour & Grains. Simple product for Zephrant ERP import; one internal Default variant will be created.,KG,Bag,50,12000,280,300,0,0,10,Active
Multigrain Flour,,,,,,,,,Grocery,Flour & Grains,Multigrain Flour,Store Brand,GRO-FG-MF-SB-00096,,Multigrain Flour in Grocery > Flour & Grains. Simple product for Zephrant ERP import; one internal Default variant will be created.,KG,Bag,50,12000,280,300,0,0,10,Active
Chana Daal,,,,,,,,,Grocery,Pulses,Chana Daal,Store Brand,GRO-PULS-CD-SB-00097,,Chana Daal in Grocery > Pulses. Simple product for Zephrant ERP import; one internal Default variant will be created.,KG,Bag,50,12000,280,300,0,0,10,Active
Chana Daal,,,,,,,,,Grocery,Pulses,Chana Daal,Local Mill,GRO-PULS-CD-LM-00098,,Chana Daal in Grocery > Pulses. Simple product for Zephrant ERP import; one internal Default variant will be created.,KG,Bag,50,12000,280,300,0,0,10,Active
Punjab Daal Chana Daal,,,,,,,,,Grocery,Pulses,Chana Daal,Punjab Daal,GRO-PULS-CD-PD-00099,,Punjab Daal Chana Daal in Grocery > Pulses. Simple product for Zephrant ERP import; one internal Default variant will be created.,KG,Bag,50,12000,280,300,0,0,10,Active
Metro Chef Chana Daal,,,,,,,,,Grocery,Pulses,Chana Daal,Metro Chef,GRO-PULS-CD-MC-00100,,Metro Chef Chana Daal in Grocery > Pulses. Simple product for Zephrant ERP import; one internal Default variant will be created.,KG,Bag,50,12000,280,300,0,0,10,Active
Masoor Daal,,,,,,,,,Grocery,Pulses,Masoor Daal,Store Brand,GRO-PULS-MD-SB-00101,,Masoor Daal in Grocery > Pulses. Simple product for Zephrant ERP import; one internal Default variant will be created.,KG,Bag,50,12000,280,300,0,0,10,Active
Masoor Daal,,,,,,,,,Grocery,Pulses,Masoor Daal,Local Mill,GRO-PULS-MD-LM-00102,,Masoor Daal in Grocery > Pulses. Simple product for Zephrant ERP import; one internal Default variant will be created.,KG,Bag,50,12000,280,300,0,0,10,Active
Punjab Daal Masoor Daal,,,,,,,,,Grocery,Pulses,Masoor Daal,Punjab Daal,GRO-PULS-MD-PD-00103,,Punjab Daal Masoor Daal in Grocery > Pulses. Simple product for Zephrant ERP import; one internal Default variant will be created.,KG,Bag,50,12000,280,300,0,0,10,Active
Metro Chef Masoor Daal,,,,,,,,,Grocery,Pulses,Masoor Daal,Metro Chef,GRO-PULS-MD-MC-00104,,Metro Chef Masoor Daal in Grocery > Pulses. Simple product for Zephrant ERP import; one internal Default variant will be created.,KG,Bag,50,12000,280,300,0,0,10,Active
Moong Daal,,,,,,,,,Grocery,Pulses,Moong Daal,Store Brand,GRO-PULS-MD-SB-00105,,Moong Daal in Grocery > Pulses. Simple product for Zephrant ERP import; one internal Default variant will be created.,KG,Bag,50,12000,280,300,0,0,10,Active
Moong Daal,,,,,,,,,Grocery,Pulses,Moong Daal,Local Mill,GRO-PULS-MD-LM-00106,,Moong Daal in Grocery > Pulses. Simple product for Zephrant ERP import; one internal Default variant will be created.,KG,Bag,50,12000,280,300,0,0,10,Active
Punjab Daal Moong Daal,,,,,,,,,Grocery,Pulses,Moong Daal,Punjab Daal,GRO-PULS-MD-PD-00107,,Punjab Daal Moong Daal in Grocery > Pulses. Simple product for Zephrant ERP import; one internal Default variant will be created.,KG,Bag,50,12000,280,300,0,0,10,Active
Metro Chef Moong Daal,,,,,,,,,Grocery,Pulses,Moong Daal,Metro Chef,GRO-PULS-MD-MC-00108,,Metro Chef Moong Daal in Grocery > Pulses. Simple product for Zephrant ERP import; one internal Default variant will be created.,KG,Bag,50,12000,280,300,0,0,10,Active
Mash Daal,,,,,,,,,Grocery,Pulses,Mash Daal,Store Brand,GRO-PULS-MD-SB-00109,,Mash Daal in Grocery > Pulses. Simple product for Zephrant ERP import; one internal Default variant will be created.,KG,Bag,50,12000,280,300,0,0,10,Active
Mash Daal,,,,,,,,,Grocery,Pulses,Mash Daal,Local Mill,GRO-PULS-MD-LM-00110,,Mash Daal in Grocery > Pulses. Simple product for Zephrant ERP import; one internal Default variant will be created.,KG,Bag,50,12000,280,300,0,0,10,Active
Punjab Daal Mash Daal,,,,,,,,,Grocery,Pulses,Mash Daal,Punjab Daal,GRO-PULS-MD-PD-00111,,Punjab Daal Mash Daal in Grocery > Pulses. Simple product for Zephrant ERP import; one internal Default variant will be created.,KG,Bag,50,12000,280,300,0,0,10,Active
Metro Chef Mash Daal,,,,,,,,,Grocery,Pulses,Mash Daal,Metro Chef,GRO-PULS-MD-MC-00112,,Metro Chef Mash Daal in Grocery > Pulses. Simple product for Zephrant ERP import; one internal Default variant will be created.,KG,Bag,50,12000,280,300,0,0,10,Active
White Chana,,,,,,,,,Grocery,Pulses,White Chana,Store Brand,GRO-PULS-WC-SB-00113,,White Chana in Grocery > Pulses. Simple product for Zephrant ERP import; one internal Default variant will be created.,KG,Bag,50,12000,280,300,0,0,10,Active
White Chana,,,,,,,,,Grocery,Pulses,White Chana,Local Mill,GRO-PULS-WC-LM-00114,,White Chana in Grocery > Pulses. Simple product for Zephrant ERP import; one internal Default variant will be created.,KG,Bag,50,12000,280,300,0,0,10,Active
Punjab Daal White Chana,,,,,,,,,Grocery,Pulses,White Chana,Punjab Daal,GRO-PULS-WC-PD-00115,,Punjab Daal White Chana in Grocery > Pulses. Simple product for Zephrant ERP import; one internal Default variant will be created.,KG,Bag,50,12000,280,300,0,0,10,Active
Metro Chef White Chana,,,,,,,,,Grocery,Pulses,White Chana,Metro Chef,GRO-PULS-WC-MC-00116,,Metro Chef White Chana in Grocery > Pulses. Simple product for Zephrant ERP import; one internal Default variant will be created.,KG,Bag,50,12000,280,300,0,0,10,Active
Black Chana,,,,,,,,,Grocery,Pulses,Black Chana,Store Brand,GRO-PULS-BC-SB-00117,,Black Chana in Grocery > Pulses. Simple product for Zephrant ERP import; one internal Default variant will be created.,KG,Bag,50,12000,280,300,0,0,10,Active
Black Chana,,,,,,,,,Grocery,Pulses,Black Chana,Local Mill,GRO-PULS-BC-LM-00118,,Black Chana in Grocery > Pulses. Simple product for Zephrant ERP import; one internal Default variant will be created.,KG,Bag,50,12000,280,300,0,0,10,Active
Punjab Daal Black Chana,,,,,,,,,Grocery,Pulses,Black Chana,Punjab Daal,GRO-PULS-BC-PD-00119,,Punjab Daal Black Chana in Grocery > Pulses. Simple product for Zephrant ERP import; one internal Default variant will be created.,KG,Bag,50,12000,280,300,0,0,10,Active
Metro Chef Black Chana,,,,,,,,,Grocery,Pulses,Black Chana,Metro Chef,GRO-PULS-BC-MC-00120,,Metro Chef Black Chana in Grocery > Pulses. Simple product for Zephrant ERP import; one internal Default variant will be created.,KG,Bag,50,12000,280,300,0,0,10,Active
Rajma,,,,,,,,,Grocery,Pulses,Rajma,Store Brand,GRO-PULS-RAJM-SB-00121,,Rajma in Grocery > Pulses. Simple product for Zephrant ERP import; one internal Default variant will be created.,KG,Bag,50,12000,280,300,0,0,10,Active
Rajma,,,,,,,,,Grocery,Pulses,Rajma,Local Mill,GRO-PULS-RAJM-LM-00122,,Rajma in Grocery > Pulses. Simple product for Zephrant ERP import; one internal Default variant will be created.,KG,Bag,50,12000,280,300,0,0,10,Active
Punjab Daal Rajma,,,,,,,,,Grocery,Pulses,Rajma,Punjab Daal,GRO-PULS-RAJM-PD-00123,,Punjab Daal Rajma in Grocery > Pulses. Simple product for Zephrant ERP import; one internal Default variant will be created.,KG,Bag,50,12000,280,300,0,0,10,Active
Metro Chef Rajma,,,,,,,,,Grocery,Pulses,Rajma,Metro Chef,GRO-PULS-RAJM-MC-00124,,Metro Chef Rajma in Grocery > Pulses. Simple product for Zephrant ERP import; one internal Default variant will be created.,KG,Bag,50,12000,280,300,0,0,10,Active
Lobia,,,,,,,,,Grocery,Pulses,Lobia,Store Brand,GRO-PULS-LOBI-SB-00125,,Lobia in Grocery > Pulses. Simple product for Zephrant ERP import; one internal Default variant will be created.,KG,Bag,50,12000,280,300,0,0,10,Active
Lobia,,,,,,,,,Grocery,Pulses,Lobia,Local Mill,GRO-PULS-LOBI-LM-00126,,Lobia in Grocery > Pulses. Simple product for Zephrant ERP import; one internal Default variant will be created.,KG,Bag,50,12000,280,300,0,0,10,Active
Punjab Daal Lobia,,,,,,,,,Grocery,Pulses,Lobia,Punjab Daal,GRO-PULS-LOBI-PD-00127,,Punjab Daal Lobia in Grocery > Pulses. Simple product for Zephrant ERP import; one internal Default variant will be created.,KG,Bag,50,12000,280,300,0,0,10,Active
Metro Chef Lobia,,,,,,,,,Grocery,Pulses,Lobia,Metro Chef,GRO-PULS-LOBI-MC-00128,,Metro Chef Lobia in Grocery > Pulses. Simple product for Zephrant ERP import; one internal Default variant will be created.,KG,Bag,50,12000,280,300,0,0,10,Active
Whole Masoor,,,,,,,,,Grocery,Pulses,Whole Masoor,Store Brand,GRO-PULS-WM-SB-00129,,Whole Masoor in Grocery > Pulses. Simple product for Zephrant ERP import; one internal Default variant will be created.,KG,Bag,50,12000,280,300,0,0,10,Active
Whole Masoor,,,,,,,,,Grocery,Pulses,Whole Masoor,Local Mill,GRO-PULS-WM-LM-00130,,Whole Masoor in Grocery > Pulses. Simple product for Zephrant ERP import; one internal Default variant will be created.,KG,Bag,50,12000,280,300,0,0,10,Active
Punjab Daal Whole Masoor,,,,,,,,,Grocery,Pulses,Whole Masoor,Punjab Daal,GRO-PULS-WM-PD-00131,,Punjab Daal Whole Masoor in Grocery > Pulses. Simple product for Zephrant ERP import; one internal Default variant will be created.,KG,Bag,50,12000,280,300,0,0,10,Active
Metro Chef Whole Masoor,,,,,,,,,Grocery,Pulses,Whole Masoor,Metro Chef,GRO-PULS-WM-MC-00132,,Metro Chef Whole Masoor in Grocery > Pulses. Simple product for Zephrant ERP import; one internal Default variant will be created.,KG,Bag,50,12000,280,300,0,0,10,Active
Whole Moong,,,,,,,,,Grocery,Pulses,Whole Moong,Store Brand,GRO-PULS-WM-SB-00133,,Whole Moong in Grocery > Pulses. Simple product for Zephrant ERP import; one internal Default variant will be created.,KG,Bag,50,12000,280,300,0,0,10,Active
Whole Moong,,,,,,,,,Grocery,Pulses,Whole Moong,Local Mill,GRO-PULS-WM-LM-00134,,Whole Moong in Grocery > Pulses. Simple product for Zephrant ERP import; one internal Default variant will be created.,KG,Bag,50,12000,280,300,0,0,10,Active
Punjab Daal Whole Moong,,,,,,,,,Grocery,Pulses,Whole Moong,Punjab Daal,GRO-PULS-WM-PD-00135,,Punjab Daal Whole Moong in Grocery > Pulses. Simple product for Zephrant ERP import; one internal Default variant will be created.,KG,Bag,50,12000,280,300,0,0,10,Active
Metro Chef Whole Moong,,,,,,,,,Grocery,Pulses,Whole Moong,Metro Chef,GRO-PULS-WM-MC-00136,,Metro Chef Whole Moong in Grocery > Pulses. Simple product for Zephrant ERP import; one internal Default variant will be created.,KG,Bag,50,12000,280,300,0,0,10,Active
Whole Mash,,,,,,,,,Grocery,Pulses,Whole Mash,Store Brand,GRO-PULS-WM-SB-00137,,Whole Mash in Grocery > Pulses. Simple product for Zephrant ERP import; one internal Default variant will be created.,KG,Bag,50,12000,280,300,0,0,10,Active
Whole Mash,,,,,,,,,Grocery,Pulses,Whole Mash,Local Mill,GRO-PULS-WM-LM-00138,,Whole Mash in Grocery > Pulses. Simple product for Zephrant ERP import; one internal Default variant will be created.,KG,Bag,50,12000,280,300,0,0,10,Active
Punjab Daal Whole Mash,,,,,,,,,Grocery,Pulses,Whole Mash,Punjab Daal,GRO-PULS-WM-PD-00139,,Punjab Daal Whole Mash in Grocery > Pulses. Simple product for Zephrant ERP import; one internal Default variant will be created.,KG,Bag,50,12000,280,300,0,0,10,Active
Metro Chef Whole Mash,,,,,,,,,Grocery,Pulses,Whole Mash,Metro Chef,GRO-PULS-WM-MC-00140,,Metro Chef Whole Mash in Grocery > Pulses. Simple product for Zephrant ERP import; one internal Default variant will be created.,KG,Bag,50,12000,280,300,0,0,10,Active
White Sugar,,,,,,,,,Grocery,Sugar & Sweeteners,White Sugar,Store Brand,GRO-SS-WS-SB-00141,,White Sugar in Grocery > Sugar & Sweeteners. Simple product for Zephrant ERP import; one internal Default variant will be created.,KG,Bag,50,12000,280,300,0,0,10,Active
White Sugar,,,,,,,,,Grocery,Sugar & Sweeteners,White Sugar,Local Mill,GRO-SS-WS-LM-00142,,White Sugar in Grocery > Sugar & Sweeteners. Simple product for Zephrant ERP import; one internal Default variant will be created.,KG,Bag,50,12000,280,300,0,0,10,Active
Sugarland White Sugar,,,,,,,,,Grocery,Sugar & Sweeteners,White Sugar,Sugarland,GRO-SS-WS-SUGA-00143,,Sugarland White Sugar in Grocery > Sugar & Sweeteners. Simple product for Zephrant ERP import; one internal Default variant will be created.,KG,Bag,50,12000,280,300,0,0,10,Active
Equal White Sugar,,,,,,,,,Grocery,Sugar & Sweeteners,White Sugar,Equal,GRO-SS-WS-EQUA-00144,,Equal White Sugar in Grocery > Sugar & Sweeteners. Simple product for Zephrant ERP import; one internal Default variant will be created.,KG,Bag,50,12000,280,300,0,0,10,Active
Brown Sugar,,,,,,,,,Grocery,Sugar & Sweeteners,Brown Sugar,Store Brand,GRO-SS-BS-SB-00145,,Brown Sugar in Grocery > Sugar & Sweeteners. Simple product for Zephrant ERP import; one internal Default variant will be created.,KG,Bag,50,12000,280,300,0,0,10,Active
Brown Sugar,,,,,,,,,Grocery,Sugar & Sweeteners,Brown Sugar,Local Mill,GRO-SS-BS-LM-00146,,Brown Sugar in Grocery > Sugar & Sweeteners. Simple product for Zephrant ERP import; one internal Default variant will be created.,KG,Bag,50,12000,280,300,0,0,10,Active
Sugarland Brown Sugar,,,,,,,,,Grocery,Sugar & Sweeteners,Brown Sugar,Sugarland,GRO-SS-BS-SUGA-00147,,Sugarland Brown Sugar in Grocery > Sugar & Sweeteners. Simple product for Zephrant ERP import; one internal Default variant will be created.,KG,Bag,50,12000,280,300,0,0,10,Active
Equal Brown Sugar,,,,,,,,,Grocery,Sugar & Sweeteners,Brown Sugar,Equal,GRO-SS-BS-EQUA-00148,,Equal Brown Sugar in Grocery > Sugar & Sweeteners. Simple product for Zephrant ERP import; one internal Default variant will be created.,KG,Bag,50,12000,280,300,0,0,10,Active
Gur,,,,,,,,,Grocery,Sugar & Sweeteners,Gur,Store Brand,GRO-SS-GUR-SB-00149,,Gur in Grocery > Sugar & Sweeteners. Simple product for Zephrant ERP import; one internal Default variant will be created.,KG,Bag,50,12000,280,300,0,0,10,Active
Gur,,,,,,,,,Grocery,Sugar & Sweeteners,Gur,Local Mill,GRO-SS-GUR-LM-00150,,Gur in Grocery > Sugar & Sweeteners. Simple product for Zephrant ERP import; one internal Default variant will be created.,KG,Bag,50,12000,280,300,0,0,10,Active
Sugarland Gur,,,,,,,,,Grocery,Sugar & Sweeteners,Gur,Sugarland,GRO-SS-GUR-SUGA-00151,,Sugarland Gur in Grocery > Sugar & Sweeteners. Simple product for Zephrant ERP import; one internal Default variant will be created.,KG,Bag,50,12000,280,300,0,0,10,Active
Equal Gur,,,,,,,,,Grocery,Sugar & Sweeteners,Gur,Equal,GRO-SS-GUR-EQUA-00152,,Equal Gur in Grocery > Sugar & Sweeteners. Simple product for Zephrant ERP import; one internal Default variant will be created.,KG,Bag,50,12000,280,300,0,0,10,Active
Mishri,,,,,,,,,Grocery,Sugar & Sweeteners,Mishri,Store Brand,GRO-SS-MISH-SB-00153,,Mishri in Grocery > Sugar & Sweeteners. Simple product for Zephrant ERP import; one internal Default variant will be created.,KG,Bag,50,12000,280,300,0,0,10,Active
Mishri,,,,,,,,,Grocery,Sugar & Sweeteners,Mishri,Local Mill,GRO-SS-MISH-LM-00154,,Mishri in Grocery > Sugar & Sweeteners. Simple product for Zephrant ERP import; one internal Default variant will be created.,KG,Bag,50,12000,280,300,0,0,10,Active
Sugarland Mishri,,,,,,,,,Grocery,Sugar & Sweeteners,Mishri,Sugarland,GRO-SS-MISH-SUGA-00155,,Sugarland Mishri in Grocery > Sugar & Sweeteners. Simple product for Zephrant ERP import; one internal Default variant will be created.,KG,Bag,50,12000,280,300,0,0,10,Active
Equal Mishri,,,,,,,,,Grocery,Sugar & Sweeteners,Mishri,Equal,GRO-SS-MISH-EQUA-00156,,Equal Mishri in Grocery > Sugar & Sweeteners. Simple product for Zephrant ERP import; one internal Default variant will be created.,KG,Bag,50,12000,280,300,0,0,10,Active
Artificial Sweetener,,,,,,,,,Grocery,Sugar & Sweeteners,Artificial Sweetener,Store Brand,GRO-SS-AS-SB-00157,,Artificial Sweetener in Grocery > Sugar & Sweeteners. Simple product for Zephrant ERP import; one internal Default variant will be created.,KG,Bag,50,12000,280,300,0,0,10,Active
Artificial Sweetener,,,,,,,,,Grocery,Sugar & Sweeteners,Artificial Sweetener,Local Mill,GRO-SS-AS-LM-00158,,Artificial Sweetener in Grocery > Sugar & Sweeteners. Simple product for Zephrant ERP import; one internal Default variant will be created.,KG,Bag,50,12000,280,300,0,0,10,Active
Sugarland Artificial Sweetener,,,,,,,,,Grocery,Sugar & Sweeteners,Artificial Sweetener,Sugarland,GRO-SS-AS-SUGA-00159,,Sugarland Artificial Sweetener in Grocery > Sugar & Sweeteners. Simple product for Zephrant ERP import; one internal Default variant will be created.,KG,Bag,50,12000,280,300,0,0,10,Active
Equal Artificial Sweetener,,,,,,,,,Grocery,Sugar & Sweeteners,Artificial Sweetener,Equal,GRO-SS-AS-EQUA-00160,,Equal Artificial Sweetener in Grocery > Sugar & Sweeteners. Simple product for Zephrant ERP import; one internal Default variant will be created.,KG,Bag,50,12000,280,300,0,0,10,Active
Honey,,,,,,,,,Grocery,Sugar & Sweeteners,Honey,Store Brand,GRO-SS-HONE-SB-00161,,Honey in Grocery > Sugar & Sweeteners. Simple product for Zephrant ERP import; one internal Default variant will be created.,KG,Bag,50,12000,280,300,0,0,10,Active
Honey,,,,,,,,,Grocery,Sugar & Sweeteners,Honey,Local Mill,GRO-SS-HONE-LM-00162,,Honey in Grocery > Sugar & Sweeteners. Simple product for Zephrant ERP import; one internal Default variant will be created.,KG,Bag,50,12000,280,300,0,0,10,Active
Sugarland Honey,,,,,,,,,Grocery,Sugar & Sweeteners,Honey,Sugarland,GRO-SS-HONE-SUGA-00163,,Sugarland Honey in Grocery > Sugar & Sweeteners. Simple product for Zephrant ERP import; one internal Default variant will be created.,KG,Bag,50,12000,280,300,0,0,10,Active
Equal Honey,,,,,,,,,Grocery,Sugar & Sweeteners,Honey,Equal,GRO-SS-HONE-EQUA-00164,,Equal Honey in Grocery > Sugar & Sweeteners. Simple product for Zephrant ERP import; one internal Default variant will be created.,KG,Bag,50,12000,280,300,0,0,10,Active
National Table Salt,,,,,,,,,Grocery,Salt,Table Salt,National,GRO-SALT-TS-NATI-00165,,National Table Salt in Grocery > Salt. Simple product for Zephrant ERP import; one internal Default variant will be created.,KG,Bag,50,12000,280,300,0,0,10,Active
Shan Table Salt,,,,,,,,,Grocery,Salt,Table Salt,Shan,GRO-SALT-TS-SHAN-00166,,Shan Table Salt in Grocery > Salt. Simple product for Zephrant ERP import; one internal Default variant will be created.,KG,Bag,50,12000,280,300,0,0,10,Active
Himalayan Chef Table Salt,,,,,,,,,Grocery,Salt,Table Salt,Himalayan Chef,GRO-SALT-TS-HC-00167,,Himalayan Chef Table Salt in Grocery > Salt. Simple product for Zephrant ERP import; one internal Default variant will be created.,KG,Bag,50,12000,280,300,0,0,10,Active
Table Salt,,,,,,,,,Grocery,Salt,Table Salt,Store Brand,GRO-SALT-TS-SB-00168,,Table Salt in Grocery > Salt. Simple product for Zephrant ERP import; one internal Default variant will be created.,KG,Bag,50,12000,280,300,0,0,10,Active
National Iodized Salt,,,,,,,,,Grocery,Salt,Iodized Salt,National,GRO-SALT-IS-NATI-00169,,National Iodized Salt in Grocery > Salt. Simple product for Zephrant ERP import; one internal Default variant will be created.,KG,Bag,50,12000,280,300,0,0,10,Active
Shan Iodized Salt,,,,,,,,,Grocery,Salt,Iodized Salt,Shan,GRO-SALT-IS-SHAN-00170,,Shan Iodized Salt in Grocery > Salt. Simple product for Zephrant ERP import; one internal Default variant will be created.,KG,Bag,50,12000,280,300,0,0,10,Active
Himalayan Chef Iodized Salt,,,,,,,,,Grocery,Salt,Iodized Salt,Himalayan Chef,GRO-SALT-IS-HC-00171,,Himalayan Chef Iodized Salt in Grocery > Salt. Simple product for Zephrant ERP import; one internal Default variant will be created.,KG,Bag,50,12000,280,300,0,0,10,Active
Iodized Salt,,,,,,,,,Grocery,Salt,Iodized Salt,Store Brand,GRO-SALT-IS-SB-00172,,Iodized Salt in Grocery > Salt. Simple product for Zephrant ERP import; one internal Default variant will be created.,KG,Bag,50,12000,280,300,0,0,10,Active
National Pink Salt,,,,,,,,,Grocery,Salt,Pink Salt,National,GRO-SALT-PS-NATI-00173,,National Pink Salt in Grocery > Salt. Simple product for Zephrant ERP import; one internal Default variant will be created.,KG,Bag,50,12000,280,300,0,0,10,Active
Shan Pink Salt,,,,,,,,,Grocery,Salt,Pink Salt,Shan,GRO-SALT-PS-SHAN-00174,,Shan Pink Salt in Grocery > Salt. Simple product for Zephrant ERP import; one internal Default variant will be created.,KG,Bag,50,12000,280,300,0,0,10,Active
Himalayan Chef Pink Salt,,,,,,,,,Grocery,Salt,Pink Salt,Himalayan Chef,GRO-SALT-PS-HC-00175,,Himalayan Chef Pink Salt in Grocery > Salt. Simple product for Zephrant ERP import; one internal Default variant will be created.,KG,Bag,50,12000,280,300,0,0,10,Active
Pink Salt,,,,,,,,,Grocery,Salt,Pink Salt,Store Brand,GRO-SALT-PS-SB-00176,,Pink Salt in Grocery > Salt. Simple product for Zephrant ERP import; one internal Default variant will be created.,KG,Bag,50,12000,280,300,0,0,10,Active
National Black Salt,,,,,,,,,Grocery,Salt,Black Salt,National,GRO-SALT-BS-NATI-00177,,National Black Salt in Grocery > Salt. Simple product for Zephrant ERP import; one internal Default variant will be created.,KG,Bag,50,12000,280,300,0,0,10,Active
Shan Black Salt,,,,,,,,,Grocery,Salt,Black Salt,Shan,GRO-SALT-BS-SHAN-00178,,Shan Black Salt in Grocery > Salt. Simple product for Zephrant ERP import; one internal Default variant will be created.,KG,Bag,50,12000,280,300,0,0,10,Active
Himalayan Chef Black Salt,,,,,,,,,Grocery,Salt,Black Salt,Himalayan Chef,GRO-SALT-BS-HC-00179,,Himalayan Chef Black Salt in Grocery > Salt. Simple product for Zephrant ERP import; one internal Default variant will be created.,KG,Bag,50,12000,280,300,0,0,10,Active
Black Salt,,,,,,,,,Grocery,Salt,Black Salt,Store Brand,GRO-SALT-BS-SB-00180,,Black Salt in Grocery > Salt. Simple product for Zephrant ERP import; one internal Default variant will be created.,KG,Bag,50,12000,280,300,0,0,10,Active
National Sea Salt,,,,,,,,,Grocery,Salt,Sea Salt,National,GRO-SALT-SS-NATI-00181,,National Sea Salt in Grocery > Salt. Simple product for Zephrant ERP import; one internal Default variant will be created.,KG,Bag,50,12000,280,300,0,0,10,Active
Shan Sea Salt,,,,,,,,,Grocery,Salt,Sea Salt,Shan,GRO-SALT-SS-SHAN-00182,,Shan Sea Salt in Grocery > Salt. Simple product for Zephrant ERP import; one internal Default variant will be created.,KG,Bag,50,12000,280,300,0,0,10,Active
Himalayan Chef Sea Salt,,,,,,,,,Grocery,Salt,Sea Salt,Himalayan Chef,GRO-SALT-SS-HC-00183,,Himalayan Chef Sea Salt in Grocery > Salt. Simple product for Zephrant ERP import; one internal Default variant will be created.,KG,Bag,50,12000,280,300,0,0,10,Active
Sea Salt,,,,,,,,,Grocery,Salt,Sea Salt,Store Brand,GRO-SALT-SS-SB-00184,,Sea Salt in Grocery > Salt. Simple product for Zephrant ERP import; one internal Default variant will be created.,KG,Bag,50,12000,280,300,0,0,10,Active
National Red Chili Powder,,,,,,,,,Grocery,Spices,Red Chili Powder,National,GRO-SPIC-RCP-NATI-00185,,National Red Chili Powder in Grocery > Spices. Simple product for Zephrant ERP import; one internal Default variant will be created.,KG,Bag,50,12000,280,300,0,0,10,Active
Shan Red Chili Powder,,,,,,,,,Grocery,Spices,Red Chili Powder,Shan,GRO-SPIC-RCP-SHAN-00186,,Shan Red Chili Powder in Grocery > Spices. Simple product for Zephrant ERP import; one internal Default variant will be created.,KG,Bag,50,12000,280,300,0,0,10,Active
Mehran Red Chili Powder,,,,,,,,,Grocery,Spices,Red Chili Powder,Mehran,GRO-SPIC-RCP-MEHR-00187,,Mehran Red Chili Powder in Grocery > Spices. Simple product for Zephrant ERP import; one internal Default variant will be created.,KG,Bag,50,12000,280,300,0,0,10,Active
Laziza Red Chili Powder,,,,,,,,,Grocery,Spices,Red Chili Powder,Laziza,GRO-SPIC-RCP-LAZI-00188,,Laziza Red Chili Powder in Grocery > Spices. Simple product for Zephrant ERP import; one internal Default variant will be created.,KG,Bag,50,12000,280,300,0,0,10,Active
National Turmeric Powder,,,,,,,,,Grocery,Spices,Turmeric Powder,National,GRO-SPIC-TP-NATI-00189,,National Turmeric Powder in Grocery > Spices. Simple product for Zephrant ERP import; one internal Default variant will be created.,KG,Bag,50,12000,280,300,0,0,10,Active
Shan Turmeric Powder,,,,,,,,,Grocery,Spices,Turmeric Powder,Shan,GRO-SPIC-TP-SHAN-00190,,Shan Turmeric Powder in Grocery > Spices. Simple product for Zephrant ERP import; one internal Default variant will be created.,KG,Bag,50,12000,280,300,0,0,10,Active
Mehran Turmeric Powder,,,,,,,,,Grocery,Spices,Turmeric Powder,Mehran,GRO-SPIC-TP-MEHR-00191,,Mehran Turmeric Powder in Grocery > Spices. Simple product for Zephrant ERP import; one internal Default variant will be created.,KG,Bag,50,12000,280,300,0,0,10,Active
Laziza Turmeric Powder,,,,,,,,,Grocery,Spices,Turmeric Powder,Laziza,GRO-SPIC-TP-LAZI-00192,,Laziza Turmeric Powder in Grocery > Spices. Simple product for Zephrant ERP import; one internal Default variant will be created.,KG,Bag,50,12000,280,300,0,0,10,Active
National Coriander Powder,,,,,,,,,Grocery,Spices,Coriander Powder,National,GRO-SPIC-CP-NATI-00193,,National Coriander Powder in Grocery > Spices. Simple product for Zephrant ERP import; one internal Default variant will be created.,KG,Bag,50,12000,280,300,0,0,10,Active
Shan Coriander Powder,,,,,,,,,Grocery,Spices,Coriander Powder,Shan,GRO-SPIC-CP-SHAN-00194,,Shan Coriander Powder in Grocery > Spices. Simple product for Zephrant ERP import; one internal Default variant will be created.,KG,Bag,50,12000,280,300,0,0,10,Active
Mehran Coriander Powder,,,,,,,,,Grocery,Spices,Coriander Powder,Mehran,GRO-SPIC-CP-MEHR-00195,,Mehran Coriander Powder in Grocery > Spices. Simple product for Zephrant ERP import; one internal Default variant will be created.,KG,Bag,50,12000,280,300,0,0,10,Active
Laziza Coriander Powder,,,,,,,,,Grocery,Spices,Coriander Powder,Laziza,GRO-SPIC-CP-LAZI-00196,,Laziza Coriander Powder in Grocery > Spices. Simple product for Zephrant ERP import; one internal Default variant will be created.,KG,Bag,50,12000,280,300,0,0,10,Active
National Cumin Powder,,,,,,,,,Grocery,Spices,Cumin Powder,National,GRO-SPIC-CP-NATI-00197,,National Cumin Powder in Grocery > Spices. Simple product for Zephrant ERP import; one internal Default variant will be created.,KG,Bag,50,12000,280,300,0,0,10,Active
Shan Cumin Powder,,,,,,,,,Grocery,Spices,Cumin Powder,Shan,GRO-SPIC-CP-SHAN-00198,,Shan Cumin Powder in Grocery > Spices. Simple product for Zephrant ERP import; one internal Default variant will be created.,KG,Bag,50,12000,280,300,0,0,10,Active
Mehran Cumin Powder,,,,,,,,,Grocery,Spices,Cumin Powder,Mehran,GRO-SPIC-CP-MEHR-00199,,Mehran Cumin Powder in Grocery > Spices. Simple product for Zephrant ERP import; one internal Default variant will be created.,KG,Bag,50,12000,280,300,0,0,10,Active
Laziza Cumin Powder,,,,,,,,,Grocery,Spices,Cumin Powder,Laziza,GRO-SPIC-CP-LAZI-00200,,Laziza Cumin Powder in Grocery > Spices. Simple product for Zephrant ERP import; one internal Default variant will be created.,KG,Bag,50,12000,280,300,0,0,10,Active
National Black Pepper,,,,,,,,,Grocery,Spices,Black Pepper,National,GRO-SPIC-BP-NATI-00201,,National Black Pepper in Grocery > Spices. Simple product for Zephrant ERP import; one internal Default variant will be created.,KG,Bag,50,12000,280,300,0,0,10,Active
Shan Black Pepper,,,,,,,,,Grocery,Spices,Black Pepper,Shan,GRO-SPIC-BP-SHAN-00202,,Shan Black Pepper in Grocery > Spices. Simple product for Zephrant ERP import; one internal Default variant will be created.,KG,Bag,50,12000,280,300,0,0,10,Active
Mehran Black Pepper,,,,,,,,,Grocery,Spices,Black Pepper,Mehran,GRO-SPIC-BP-MEHR-00203,,Mehran Black Pepper in Grocery > Spices. Simple product for Zephrant ERP import; one internal Default variant will be created.,KG,Bag,50,12000,280,300,0,0,10,Active
Laziza Black Pepper,,,,,,,,,Grocery,Spices,Black Pepper,Laziza,GRO-SPIC-BP-LAZI-00204,,Laziza Black Pepper in Grocery > Spices. Simple product for Zephrant ERP import; one internal Default variant will be created.,KG,Bag,50,12000,280,300,0,0,10,Active
National White Pepper,,,,,,,,,Grocery,Spices,White Pepper,National,GRO-SPIC-WP-NATI-00205,,National White Pepper in Grocery > Spices. Simple product for Zephrant ERP import; one internal Default variant will be created.,KG,Bag,50,12000,280,300,0,0,10,Active
Shan White Pepper,,,,,,,,,Grocery,Spices,White Pepper,Shan,GRO-SPIC-WP-SHAN-00206,,Shan White Pepper in Grocery > Spices. Simple product for Zephrant ERP import; one internal Default variant will be created.,KG,Bag,50,12000,280,300,0,0,10,Active
Mehran White Pepper,,,,,,,,,Grocery,Spices,White Pepper,Mehran,GRO-SPIC-WP-MEHR-00207,,Mehran White Pepper in Grocery > Spices. Simple product for Zephrant ERP import; one internal Default variant will be created.,KG,Bag,50,12000,280,300,0,0,10,Active
Laziza White Pepper,,,,,,,,,Grocery,Spices,White Pepper,Laziza,GRO-SPIC-WP-LAZI-00208,,Laziza White Pepper in Grocery > Spices. Simple product for Zephrant ERP import; one internal Default variant will be created.,KG,Bag,50,12000,280,300,0,0,10,Active
National Cloves,,,,,,,,,Grocery,Spices,Cloves,National,GRO-SPIC-CLOV-NATI-00209,,National Cloves in Grocery > Spices. Simple product for Zephrant ERP import; one internal Default variant will be created.,KG,Bag,50,12000,280,300,0,0,10,Active
Shan Cloves,,,,,,,,,Grocery,Spices,Cloves,Shan,GRO-SPIC-CLOV-SHAN-00210,,Shan Cloves in Grocery > Spices. Simple product for Zephrant ERP import; one internal Default variant will be created.,KG,Bag,50,12000,280,300,0,0,10,Active
Mehran Cloves,,,,,,,,,Grocery,Spices,Cloves,Mehran,GRO-SPIC-CLOV-MEHR-00211,,Mehran Cloves in Grocery > Spices. Simple product for Zephrant ERP import; one internal Default variant will be created.,KG,Bag,50,12000,280,300,0,0,10,Active
Laziza Cloves,,,,,,,,,Grocery,Spices,Cloves,Laziza,GRO-SPIC-CLOV-LAZI-00212,,Laziza Cloves in Grocery > Spices. Simple product for Zephrant ERP import; one internal Default variant will be created.,KG,Bag,50,12000,280,300,0,0,10,Active
National Cardamom,,,,,,,,,Grocery,Spices,Cardamom,National,GRO-SPIC-CARD-NATI-00213,,National Cardamom in Grocery > Spices. Simple product for Zephrant ERP import; one internal Default variant will be created.,KG,Bag,50,12000,280,300,0,0,10,Active
Shan Cardamom,,,,,,,,,Grocery,Spices,Cardamom,Shan,GRO-SPIC-CARD-SHAN-00214,,Shan Cardamom in Grocery > Spices. Simple product for Zephrant ERP import; one internal Default variant will be created.,KG,Bag,50,12000,280,300,0,0,10,Active
Mehran Cardamom,,,,,,,,,Grocery,Spices,Cardamom,Mehran,GRO-SPIC-CARD-MEHR-00215,,Mehran Cardamom in Grocery > Spices. Simple product for Zephrant ERP import; one internal Default variant will be created.,KG,Bag,50,12000,280,300,0,0,10,Active
Laziza Cardamom,,,,,,,,,Grocery,Spices,Cardamom,Laziza,GRO-SPIC-CARD-LAZI-00216,,Laziza Cardamom in Grocery > Spices. Simple product for Zephrant ERP import; one internal Default variant will be created.,KG,Bag,50,12000,280,300,0,0,10,Active
National Cinnamon,,,,,,,,,Grocery,Spices,Cinnamon,National,GRO-SPIC-CINN-NATI-00217,,National Cinnamon in Grocery > Spices. Simple product for Zephrant ERP import; one internal Default variant will be created.,KG,Bag,50,12000,280,300,0,0,10,Active
Shan Cinnamon,,,,,,,,,Grocery,Spices,Cinnamon,Shan,GRO-SPIC-CINN-SHAN-00218,,Shan Cinnamon in Grocery > Spices. Simple product for Zephrant ERP import; one internal Default variant will be created.,KG,Bag,50,12000,280,300,0,0,10,Active
Mehran Cinnamon,,,,,,,,,Grocery,Spices,Cinnamon,Mehran,GRO-SPIC-CINN-MEHR-00219,,Mehran Cinnamon in Grocery > Spices. Simple product for Zephrant ERP import; one internal Default variant will be created.,KG,Bag,50,12000,280,300,0,0,10,Active
Laziza Cinnamon,,,,,,,,,Grocery,Spices,Cinnamon,Laziza,GRO-SPIC-CINN-LAZI-00220,,Laziza Cinnamon in Grocery > Spices. Simple product for Zephrant ERP import; one internal Default variant will be created.,KG,Bag,50,12000,280,300,0,0,10,Active
National Bay Leaves,,,,,,,,,Grocery,Spices,Bay Leaves,National,GRO-SPIC-BL-NATI-00221,,National Bay Leaves in Grocery > Spices. Simple product for Zephrant ERP import; one internal Default variant will be created.,KG,Bag,50,12000,280,300,0,0,10,Active
Shan Bay Leaves,,,,,,,,,Grocery,Spices,Bay Leaves,Shan,GRO-SPIC-BL-SHAN-00222,,Shan Bay Leaves in Grocery > Spices. Simple product for Zephrant ERP import; one internal Default variant will be created.,KG,Bag,50,12000,280,300,0,0,10,Active
Mehran Bay Leaves,,,,,,,,,Grocery,Spices,Bay Leaves,Mehran,GRO-SPIC-BL-MEHR-00223,,Mehran Bay Leaves in Grocery > Spices. Simple product for Zephrant ERP import; one internal Default variant will be created.,KG,Bag,50,12000,280,300,0,0,10,Active
Laziza Bay Leaves,,,,,,,,,Grocery,Spices,Bay Leaves,Laziza,GRO-SPIC-BL-LAZI-00224,,Laziza Bay Leaves in Grocery > Spices. Simple product for Zephrant ERP import; one internal Default variant will be created.,KG,Bag,50,12000,280,300,0,0,10,Active
National Cumin Seeds,,,,,,,,,Grocery,Spices,Cumin Seeds,National,GRO-SPIC-CS-NATI-00225,,National Cumin Seeds in Grocery > Spices. Simple product for Zephrant ERP import; one internal Default variant will be created.,KG,Bag,50,12000,280,300,0,0,10,Active
Shan Cumin Seeds,,,,,,,,,Grocery,Spices,Cumin Seeds,Shan,GRO-SPIC-CS-SHAN-00226,,Shan Cumin Seeds in Grocery > Spices. Simple product for Zephrant ERP import; one internal Default variant will be created.,KG,Bag,50,12000,280,300,0,0,10,Active
Mehran Cumin Seeds,,,,,,,,,Grocery,Spices,Cumin Seeds,Mehran,GRO-SPIC-CS-MEHR-00227,,Mehran Cumin Seeds in Grocery > Spices. Simple product for Zephrant ERP import; one internal Default variant will be created.,KG,Bag,50,12000,280,300,0,0,10,Active
Laziza Cumin Seeds,,,,,,,,,Grocery,Spices,Cumin Seeds,Laziza,GRO-SPIC-CS-LAZI-00228,,Laziza Cumin Seeds in Grocery > Spices. Simple product for Zephrant ERP import; one internal Default variant will be created.,KG,Bag,50,12000,280,300,0,0,10,Active
National Coriander Seeds,,,,,,,,,Grocery,Spices,Coriander Seeds,National,GRO-SPIC-CS-NATI-00229,,National Coriander Seeds in Grocery > Spices. Simple product for Zephrant ERP import; one internal Default variant will be created.,KG,Bag,50,12000,280,300,0,0,10,Active
Shan Coriander Seeds,,,,,,,,,Grocery,Spices,Coriander Seeds,Shan,GRO-SPIC-CS-SHAN-00230,,Shan Coriander Seeds in Grocery > Spices. Simple product for Zephrant ERP import; one internal Default variant will be created.,KG,Bag,50,12000,280,300,0,0,10,Active
Mehran Coriander Seeds,,,,,,,,,Grocery,Spices,Coriander Seeds,Mehran,GRO-SPIC-CS-MEHR-00231,,Mehran Coriander Seeds in Grocery > Spices. Simple product for Zephrant ERP import; one internal Default variant will be created.,KG,Bag,50,12000,280,300,0,0,10,Active
Laziza Coriander Seeds,,,,,,,,,Grocery,Spices,Coriander Seeds,Laziza,GRO-SPIC-CS-LAZI-00232,,Laziza Coriander Seeds in Grocery > Spices. Simple product for Zephrant ERP import; one internal Default variant will be created.,KG,Bag,50,12000,280,300,0,0,10,Active
National Fennel Seeds,,,,,,,,,Grocery,Spices,Fennel Seeds,National,GRO-SPIC-FS-NATI-00233,,National Fennel Seeds in Grocery > Spices. Simple product for Zephrant ERP import; one internal Default variant will be created.,KG,Bag,50,12000,280,300,0,0,10,Active
Shan Fennel Seeds,,,,,,,,,Grocery,Spices,Fennel Seeds,Shan,GRO-SPIC-FS-SHAN-00234,,Shan Fennel Seeds in Grocery > Spices. Simple product for Zephrant ERP import; one internal Default variant will be created.,KG,Bag,50,12000,280,300,0,0,10,Active
Mehran Fennel Seeds,,,,,,,,,Grocery,Spices,Fennel Seeds,Mehran,GRO-SPIC-FS-MEHR-00235,,Mehran Fennel Seeds in Grocery > Spices. Simple product for Zephrant ERP import; one internal Default variant will be created.,KG,Bag,50,12000,280,300,0,0,10,Active
Laziza Fennel Seeds,,,,,,,,,Grocery,Spices,Fennel Seeds,Laziza,GRO-SPIC-FS-LAZI-00236,,Laziza Fennel Seeds in Grocery > Spices. Simple product for Zephrant ERP import; one internal Default variant will be created.,KG,Bag,50,12000,280,300,0,0,10,Active
National Mustard Seeds,,,,,,,,,Grocery,Spices,Mustard Seeds,National,GRO-SPIC-MS-NATI-00237,,National Mustard Seeds in Grocery > Spices. Simple product for Zephrant ERP import; one internal Default variant will be created.,KG,Bag,50,12000,280,300,0,0,10,Active
Shan Mustard Seeds,,,,,,,,,Grocery,Spices,Mustard Seeds,Shan,GRO-SPIC-MS-SHAN-00238,,Shan Mustard Seeds in Grocery > Spices. Simple product for Zephrant ERP import; one internal Default variant will be created.,KG,Bag,50,12000,280,300,0,0,10,Active
Mehran Mustard Seeds,,,,,,,,,Grocery,Spices,Mustard Seeds,Mehran,GRO-SPIC-MS-MEHR-00239,,Mehran Mustard Seeds in Grocery > Spices. Simple product for Zephrant ERP import; one internal Default variant will be created.,KG,Bag,50,12000,280,300,0,0,10,Active
Laziza Mustard Seeds,,,,,,,,,Grocery,Spices,Mustard Seeds,Laziza,GRO-SPIC-MS-LAZI-00240,,Laziza Mustard Seeds in Grocery > Spices. Simple product for Zephrant ERP import; one internal Default variant will be created.,KG,Bag,50,12000,280,300,0,0,10,Active
National Kalonji,,,,,,,,,Grocery,Spices,Kalonji,National,GRO-SPIC-KALO-NATI-00241,,National Kalonji in Grocery > Spices. Simple product for Zephrant ERP import; one internal Default variant will be created.,KG,Bag,50,12000,280,300,0,0,10,Active
Shan Kalonji,,,,,,,,,Grocery,Spices,Kalonji,Shan,GRO-SPIC-KALO-SHAN-00242,,Shan Kalonji in Grocery > Spices. Simple product for Zephrant ERP import; one internal Default variant will be created.,KG,Bag,50,12000,280,300,0,0,10,Active
Mehran Kalonji,,,,,,,,,Grocery,Spices,Kalonji,Mehran,GRO-SPIC-KALO-MEHR-00243,,Mehran Kalonji in Grocery > Spices. Simple product for Zephrant ERP import; one internal Default variant will be created.,KG,Bag,50,12000,280,300,0,0,10,Active
Laziza Kalonji,,,,,,,,,Grocery,Spices,Kalonji,Laziza,GRO-SPIC-KALO-LAZI-00244,,Laziza Kalonji in Grocery > Spices. Simple product for Zephrant ERP import; one internal Default variant will be created.,KG,Bag,50,12000,280,300,0,0,10,Active
National Fenugreek Seeds,,,,,,,,,Grocery,Spices,Fenugreek Seeds,National,GRO-SPIC-FS-NATI-00245,,National Fenugreek Seeds in Grocery > Spices. Simple product for Zephrant ERP import; one internal Default variant will be created.,KG,Bag,50,12000,280,300,0,0,10,Active
Shan Fenugreek Seeds,,,,,,,,,Grocery,Spices,Fenugreek Seeds,Shan,GRO-SPIC-FS-SHAN-00246,,Shan Fenugreek Seeds in Grocery > Spices. Simple product for Zephrant ERP import; one internal Default variant will be created.,KG,Bag,50,12000,280,300,0,0,10,Active
Mehran Fenugreek Seeds,,,,,,,,,Grocery,Spices,Fenugreek Seeds,Mehran,GRO-SPIC-FS-MEHR-00247,,Mehran Fenugreek Seeds in Grocery > Spices. Simple product for Zephrant ERP import; one internal Default variant will be created.,KG,Bag,50,12000,280,300,0,0,10,Active
Laziza Fenugreek Seeds,,,,,,,,,Grocery,Spices,Fenugreek Seeds,Laziza,GRO-SPIC-FS-LAZI-00248,,Laziza Fenugreek Seeds in Grocery > Spices. Simple product for Zephrant ERP import; one internal Default variant will be created.,KG,Bag,50,12000,280,300,0,0,10,Active
National Biryani Masala,,,,,,,,,Grocery,Recipe Mixes & Masalas,Biryani Masala,National,GRO-RMM-BM-NATI-00249,,National Biryani Masala in Grocery > Recipe Mixes & Masalas. Simple product for Zephrant ERP import; one internal Default variant will be created.,Piece,Carton,12,2400,250,300,0,0,5,Active
Shan Biryani Masala,,,,,,,,,Grocery,Recipe Mixes & Masalas,Biryani Masala,Shan,GRO-RMM-BM-SHAN-00250,,Shan Biryani Masala in Grocery > Recipe Mixes & Masalas. Simple product for Zephrant ERP import; one internal Default variant will be created.,Piece,Carton,12,2400,250,300,0,0,5,Active
Mehran Biryani Masala,,,,,,,,,Grocery,Recipe Mixes & Masalas,Biryani Masala,Mehran,GRO-RMM-BM-MEHR-00251,,Mehran Biryani Masala in Grocery > Recipe Mixes & Masalas. Simple product for Zephrant ERP import; one internal Default variant will be created.,Piece,Carton,12,2400,250,300,0,0,5,Active
Laziza Biryani Masala,,,,,,,,,Grocery,Recipe Mixes & Masalas,Biryani Masala,Laziza,GRO-RMM-BM-LAZI-00252,,Laziza Biryani Masala in Grocery > Recipe Mixes & Masalas. Simple product for Zephrant ERP import; one internal Default variant will be created.,Piece,Carton,12,2400,250,300,0,0,5,Active
National Karahi Masala,,,,,,,,,Grocery,Recipe Mixes & Masalas,Karahi Masala,National,GRO-RMM-KM-NATI-00253,,National Karahi Masala in Grocery > Recipe Mixes & Masalas. Simple product for Zephrant ERP import; one internal Default variant will be created.,Piece,Carton,12,2400,250,300,0,0,5,Active
Shan Karahi Masala,,,,,,,,,Grocery,Recipe Mixes & Masalas,Karahi Masala,Shan,GRO-RMM-KM-SHAN-00254,,Shan Karahi Masala in Grocery > Recipe Mixes & Masalas. Simple product for Zephrant ERP import; one internal Default variant will be created.,Piece,Carton,12,2400,250,300,0,0,5,Active
Mehran Karahi Masala,,,,,,,,,Grocery,Recipe Mixes & Masalas,Karahi Masala,Mehran,GRO-RMM-KM-MEHR-00255,,Mehran Karahi Masala in Grocery > Recipe Mixes & Masalas. Simple product for Zephrant ERP import; one internal Default variant will be created.,Piece,Carton,12,2400,250,300,0,0,5,Active
Laziza Karahi Masala,,,,,,,,,Grocery,Recipe Mixes & Masalas,Karahi Masala,Laziza,GRO-RMM-KM-LAZI-00256,,Laziza Karahi Masala in Grocery > Recipe Mixes & Masalas. Simple product for Zephrant ERP import; one internal Default variant will be created.,Piece,Carton,12,2400,250,300,0,0,5,Active
National Nihari Masala,,,,,,,,,Grocery,Recipe Mixes & Masalas,Nihari Masala,National,GRO-RMM-NM-NATI-00257,,National Nihari Masala in Grocery > Recipe Mixes & Masalas. Simple product for Zephrant ERP import; one internal Default variant will be created.,Piece,Carton,12,2400,250,300,0,0,5,Active
Shan Nihari Masala,,,,,,,,,Grocery,Recipe Mixes & Masalas,Nihari Masala,Shan,GRO-RMM-NM-SHAN-00258,,Shan Nihari Masala in Grocery > Recipe Mixes & Masalas. Simple product for Zephrant ERP import; one internal Default variant will be created.,Piece,Carton,12,2400,250,300,0,0,5,Active
Mehran Nihari Masala,,,,,,,,,Grocery,Recipe Mixes & Masalas,Nihari Masala,Mehran,GRO-RMM-NM-MEHR-00259,,Mehran Nihari Masala in Grocery > Recipe Mixes & Masalas. Simple product for Zephrant ERP import; one internal Default variant will be created.,Piece,Carton,12,2400,250,300,0,0,5,Active
Laziza Nihari Masala,,,,,,,,,Grocery,Recipe Mixes & Masalas,Nihari Masala,Laziza,GRO-RMM-NM-LAZI-00260,,Laziza Nihari Masala in Grocery > Recipe Mixes & Masalas. Simple product for Zephrant ERP import; one internal Default variant will be created.,Piece,Carton,12,2400,250,300,0,0,5,Active
National Haleem Masala,,,,,,,,,Grocery,Recipe Mixes & Masalas,Haleem Masala,National,GRO-RMM-HM-NATI-00261,,National Haleem Masala in Grocery > Recipe Mixes & Masalas. Simple product for Zephrant ERP import; one internal Default variant will be created.,Piece,Carton,12,2400,250,300,0,0,5,Active
Shan Haleem Masala,,,,,,,,,Grocery,Recipe Mixes & Masalas,Haleem Masala,Shan,GRO-RMM-HM-SHAN-00262,,Shan Haleem Masala in Grocery > Recipe Mixes & Masalas. Simple product for Zephrant ERP import; one internal Default variant will be created.,Piece,Carton,12,2400,250,300,0,0,5,Active
Mehran Haleem Masala,,,,,,,,,Grocery,Recipe Mixes & Masalas,Haleem Masala,Mehran,GRO-RMM-HM-MEHR-00263,,Mehran Haleem Masala in Grocery > Recipe Mixes & Masalas. Simple product for Zephrant ERP import; one internal Default variant will be created.,Piece,Carton,12,2400,250,300,0,0,5,Active
Laziza Haleem Masala,,,,,,,,,Grocery,Recipe Mixes & Masalas,Haleem Masala,Laziza,GRO-RMM-HM-LAZI-00264,,Laziza Haleem Masala in Grocery > Recipe Mixes & Masalas. Simple product for Zephrant ERP import; one internal Default variant will be created.,Piece,Carton,12,2400,250,300,0,0,5,Active
National Pulao Masala,,,,,,,,,Grocery,Recipe Mixes & Masalas,Pulao Masala,National,GRO-RMM-PM-NATI-00265,,National Pulao Masala in Grocery > Recipe Mixes & Masalas. Simple product for Zephrant ERP import; one internal Default variant will be created.,Piece,Carton,12,2400,250,300,0,0,5,Active
Shan Pulao Masala,,,,,,,,,Grocery,Recipe Mixes & Masalas,Pulao Masala,Shan,GRO-RMM-PM-SHAN-00266,,Shan Pulao Masala in Grocery > Recipe Mixes & Masalas. Simple product for Zephrant ERP import; one internal Default variant will be created.,Piece,Carton,12,2400,250,300,0,0,5,Active
Mehran Pulao Masala,,,,,,,,,Grocery,Recipe Mixes & Masalas,Pulao Masala,Mehran,GRO-RMM-PM-MEHR-00267,,Mehran Pulao Masala in Grocery > Recipe Mixes & Masalas. Simple product for Zephrant ERP import; one internal Default variant will be created.,Piece,Carton,12,2400,250,300,0,0,5,Active
Laziza Pulao Masala,,,,,,,,,Grocery,Recipe Mixes & Masalas,Pulao Masala,Laziza,GRO-RMM-PM-LAZI-00268,,Laziza Pulao Masala in Grocery > Recipe Mixes & Masalas. Simple product for Zephrant ERP import; one internal Default variant will be created.,Piece,Carton,12,2400,250,300,0,0,5,Active
National Korma Masala,,,,,,,,,Grocery,Recipe Mixes & Masalas,Korma Masala,National,GRO-RMM-KM-NATI-00269,,National Korma Masala in Grocery > Recipe Mixes & Masalas. Simple product for Zephrant ERP import; one internal Default variant will be created.,Piece,Carton,12,2400,250,300,0,0,5,Active
Shan Korma Masala,,,,,,,,,Grocery,Recipe Mixes & Masalas,Korma Masala,Shan,GRO-RMM-KM-SHAN-00270,,Shan Korma Masala in Grocery > Recipe Mixes & Masalas. Simple product for Zephrant ERP import; one internal Default variant will be created.,Piece,Carton,12,2400,250,300,0,0,5,Active
Mehran Korma Masala,,,,,,,,,Grocery,Recipe Mixes & Masalas,Korma Masala,Mehran,GRO-RMM-KM-MEHR-00271,,Mehran Korma Masala in Grocery > Recipe Mixes & Masalas. Simple product for Zephrant ERP import; one internal Default variant will be created.,Piece,Carton,12,2400,250,300,0,0,5,Active
Laziza Korma Masala,,,,,,,,,Grocery,Recipe Mixes & Masalas,Korma Masala,Laziza,GRO-RMM-KM-LAZI-00272,,Laziza Korma Masala in Grocery > Recipe Mixes & Masalas. Simple product for Zephrant ERP import; one internal Default variant will be created.,Piece,Carton,12,2400,250,300,0,0,5,Active
National Tikka Masala,,,,,,,,,Grocery,Recipe Mixes & Masalas,Tikka Masala,National,GRO-RMM-TM-NATI-00273,,National Tikka Masala in Grocery > Recipe Mixes & Masalas. Simple product for Zephrant ERP import; one internal Default variant will be created.,Piece,Carton,12,2400,250,300,0,0,5,Active
Shan Tikka Masala,,,,,,,,,Grocery,Recipe Mixes & Masalas,Tikka Masala,Shan,GRO-RMM-TM-SHAN-00274,,Shan Tikka Masala in Grocery > Recipe Mixes & Masalas. Simple product for Zephrant ERP import; one internal Default variant will be created.,Piece,Carton,12,2400,250,300,0,0,5,Active
Mehran Tikka Masala,,,,,,,,,Grocery,Recipe Mixes & Masalas,Tikka Masala,Mehran,GRO-RMM-TM-MEHR-00275,,Mehran Tikka Masala in Grocery > Recipe Mixes & Masalas. Simple product for Zephrant ERP import; one internal Default variant will be created.,Piece,Carton,12,2400,250,300,0,0,5,Active
Laziza Tikka Masala,,,,,,,,,Grocery,Recipe Mixes & Masalas,Tikka Masala,Laziza,GRO-RMM-TM-LAZI-00276,,Laziza Tikka Masala in Grocery > Recipe Mixes & Masalas. Simple product for Zephrant ERP import; one internal Default variant will be created.,Piece,Carton,12,2400,250,300,0,0,5,Active
National BBQ Masala,,,,,,,,,Grocery,Recipe Mixes & Masalas,BBQ Masala,National,GRO-RMM-BM-NATI-00277,,National BBQ Masala in Grocery > Recipe Mixes & Masalas. Simple product for Zephrant ERP import; one internal Default variant will be created.,Piece,Carton,12,2400,250,300,0,0,5,Active
Shan BBQ Masala,,,,,,,,,Grocery,Recipe Mixes & Masalas,BBQ Masala,Shan,GRO-RMM-BM-SHAN-00278,,Shan BBQ Masala in Grocery > Recipe Mixes & Masalas. Simple product for Zephrant ERP import; one internal Default variant will be created.,Piece,Carton,12,2400,250,300,0,0,5,Active
Mehran BBQ Masala,,,,,,,,,Grocery,Recipe Mixes & Masalas,BBQ Masala,Mehran,GRO-RMM-BM-MEHR-00279,,Mehran BBQ Masala in Grocery > Recipe Mixes & Masalas. Simple product for Zephrant ERP import; one internal Default variant will be created.,Piece,Carton,12,2400,250,300,0,0,5,Active
Laziza BBQ Masala,,,,,,,,,Grocery,Recipe Mixes & Masalas,BBQ Masala,Laziza,GRO-RMM-BM-LAZI-00280,,Laziza BBQ Masala in Grocery > Recipe Mixes & Masalas. Simple product for Zephrant ERP import; one internal Default variant will be created.,Piece,Carton,12,2400,250,300,0,0,5,Active
National Fish Masala,,,,,,,,,Grocery,Recipe Mixes & Masalas,Fish Masala,National,GRO-RMM-FM-NATI-00281,,National Fish Masala in Grocery > Recipe Mixes & Masalas. Simple product for Zephrant ERP import; one internal Default variant will be created.,Piece,Carton,12,2400,250,300,0,0,5,Active
Shan Fish Masala,,,,,,,,,Grocery,Recipe Mixes & Masalas,Fish Masala,Shan,GRO-RMM-FM-SHAN-00282,,Shan Fish Masala in Grocery > Recipe Mixes & Masalas. Simple product for Zephrant ERP import; one internal Default variant will be created.,Piece,Carton,12,2400,250,300,0,0,5,Active
Mehran Fish Masala,,,,,,,,,Grocery,Recipe Mixes & Masalas,Fish Masala,Mehran,GRO-RMM-FM-MEHR-00283,,Mehran Fish Masala in Grocery > Recipe Mixes & Masalas. Simple product for Zephrant ERP import; one internal Default variant will be created.,Piece,Carton,12,2400,250,300,0,0,5,Active
Laziza Fish Masala,,,,,,,,,Grocery,Recipe Mixes & Masalas,Fish Masala,Laziza,GRO-RMM-FM-LAZI-00284,,Laziza Fish Masala in Grocery > Recipe Mixes & Masalas. Simple product for Zephrant ERP import; one internal Default variant will be created.,Piece,Carton,12,2400,250,300,0,0,5,Active
National Qeema Masala,,,,,,,,,Grocery,Recipe Mixes & Masalas,Qeema Masala,National,GRO-RMM-QM-NATI-00285,,National Qeema Masala in Grocery > Recipe Mixes & Masalas. Simple product for Zephrant ERP import; one internal Default variant will be created.,Piece,Carton,12,2400,250,300,0,0,5,Active
Shan Qeema Masala,,,,,,,,,Grocery,Recipe Mixes & Masalas,Qeema Masala,Shan,GRO-RMM-QM-SHAN-00286,,Shan Qeema Masala in Grocery > Recipe Mixes & Masalas. Simple product for Zephrant ERP import; one internal Default variant will be created.,Piece,Carton,12,2400,250,300,0,0,5,Active
Mehran Qeema Masala,,,,,,,,,Grocery,Recipe Mixes & Masalas,Qeema Masala,Mehran,GRO-RMM-QM-MEHR-00287,,Mehran Qeema Masala in Grocery > Recipe Mixes & Masalas. Simple product for Zephrant ERP import; one internal Default variant will be created.,Piece,Carton,12,2400,250,300,0,0,5,Active
Laziza Qeema Masala,,,,,,,,,Grocery,Recipe Mixes & Masalas,Qeema Masala,Laziza,GRO-RMM-QM-LAZI-00288,,Laziza Qeema Masala in Grocery > Recipe Mixes & Masalas. Simple product for Zephrant ERP import; one internal Default variant will be created.,Piece,Carton,12,2400,250,300,0,0,5,Active
National Chaat Masala,,,,,,,,,Grocery,Recipe Mixes & Masalas,Chaat Masala,National,GRO-RMM-CM-NATI-00289,,National Chaat Masala in Grocery > Recipe Mixes & Masalas. Simple product for Zephrant ERP import; one internal Default variant will be created.,Piece,Carton,12,2400,250,300,0,0,5,Active
Shan Chaat Masala,,,,,,,,,Grocery,Recipe Mixes & Masalas,Chaat Masala,Shan,GRO-RMM-CM-SHAN-00290,,Shan Chaat Masala in Grocery > Recipe Mixes & Masalas. Simple product for Zephrant ERP import; one internal Default variant will be created.,Piece,Carton,12,2400,250,300,0,0,5,Active
Mehran Chaat Masala,,,,,,,,,Grocery,Recipe Mixes & Masalas,Chaat Masala,Mehran,GRO-RMM-CM-MEHR-00291,,Mehran Chaat Masala in Grocery > Recipe Mixes & Masalas. Simple product for Zephrant ERP import; one internal Default variant will be created.,Piece,Carton,12,2400,250,300,0,0,5,Active
Laziza Chaat Masala,,,,,,,,,Grocery,Recipe Mixes & Masalas,Chaat Masala,Laziza,GRO-RMM-CM-LAZI-00292,,Laziza Chaat Masala in Grocery > Recipe Mixes & Masalas. Simple product for Zephrant ERP import; one internal Default variant will be created.,Piece,Carton,12,2400,250,300,0,0,5,Active
National Achar Gosht Masala,,,,,,,,,Grocery,Recipe Mixes & Masalas,Achar Gosht Masala,National,GRO-RMM-AGM-NATI-00293,,National Achar Gosht Masala in Grocery > Recipe Mixes & Masalas. Simple product for Zephrant ERP import; one internal Default variant will be created.,Piece,Carton,12,2400,250,300,0,0,5,Active
Shan Achar Gosht Masala,,,,,,,,,Grocery,Recipe Mixes & Masalas,Achar Gosht Masala,Shan,GRO-RMM-AGM-SHAN-00294,,Shan Achar Gosht Masala in Grocery > Recipe Mixes & Masalas. Simple product for Zephrant ERP import; one internal Default variant will be created.,Piece,Carton,12,2400,250,300,0,0,5,Active
Mehran Achar Gosht Masala,,,,,,,,,Grocery,Recipe Mixes & Masalas,Achar Gosht Masala,Mehran,GRO-RMM-AGM-MEHR-00295,,Mehran Achar Gosht Masala in Grocery > Recipe Mixes & Masalas. Simple product for Zephrant ERP import; one internal Default variant will be created.,Piece,Carton,12,2400,250,300,0,0,5,Active
Laziza Achar Gosht Masala,,,,,,,,,Grocery,Recipe Mixes & Masalas,Achar Gosht Masala,Laziza,GRO-RMM-AGM-LAZI-00296,,Laziza Achar Gosht Masala in Grocery > Recipe Mixes & Masalas. Simple product for Zephrant ERP import; one internal Default variant will be created.,Piece,Carton,12,2400,250,300,0,0,5,Active
Dalda Canola Oil,,,,,,,,,Grocery,Cooking Oil,Canola Oil,Dalda,GRO-CO-CO-DALD-00297,,Dalda Canola Oil in Grocery > Cooking Oil. Simple product for Zephrant ERP import; one internal Default variant will be created.,Liter,Carton,12,12000,450,500,0,0,5,Active
Mezan Canola Oil,,,,,,,,,Grocery,Cooking Oil,Canola Oil,Mezan,GRO-CO-CO-MEZA-00298,,Mezan Canola Oil in Grocery > Cooking Oil. Simple product for Zephrant ERP import; one internal Default variant will be created.,Liter,Carton,12,12000,450,500,0,0,5,Active
Sufi Canola Oil,,,,,,,,,Grocery,Cooking Oil,Canola Oil,Sufi,GRO-CO-CO-SUFI-00299,,Sufi Canola Oil in Grocery > Cooking Oil. Simple product for Zephrant ERP import; one internal Default variant will be created.,Liter,Carton,12,12000,450,500,0,0,5,Active
Habib Canola Oil,,,,,,,,,Grocery,Cooking Oil,Canola Oil,Habib,GRO-CO-CO-HABI-00300,,Habib Canola Oil in Grocery > Cooking Oil. Simple product for Zephrant ERP import; one internal Default variant will be created.,Liter,Carton,12,12000,450,500,0,0,5,Active
Dalda Sunflower Oil,,,,,,,,,Grocery,Cooking Oil,Sunflower Oil,Dalda,GRO-CO-SO-DALD-00301,,Dalda Sunflower Oil in Grocery > Cooking Oil. Simple product for Zephrant ERP import; one internal Default variant will be created.,Liter,Carton,12,12000,450,500,0,0,5,Active
Mezan Sunflower Oil,,,,,,,,,Grocery,Cooking Oil,Sunflower Oil,Mezan,GRO-CO-SO-MEZA-00302,,Mezan Sunflower Oil in Grocery > Cooking Oil. Simple product for Zephrant ERP import; one internal Default variant will be created.,Liter,Carton,12,12000,450,500,0,0,5,Active
Sufi Sunflower Oil,,,,,,,,,Grocery,Cooking Oil,Sunflower Oil,Sufi,GRO-CO-SO-SUFI-00303,,Sufi Sunflower Oil in Grocery > Cooking Oil. Simple product for Zephrant ERP import; one internal Default variant will be created.,Liter,Carton,12,12000,450,500,0,0,5,Active
Habib Sunflower Oil,,,,,,,,,Grocery,Cooking Oil,Sunflower Oil,Habib,GRO-CO-SO-HABI-00304,,Habib Sunflower Oil in Grocery > Cooking Oil. Simple product for Zephrant ERP import; one internal Default variant will be created.,Liter,Carton,12,12000,450,500,0,0,5,Active
Dalda Soybean Oil,,,,,,,,,Grocery,Cooking Oil,Soybean Oil,Dalda,GRO-CO-SO-DALD-00305,,Dalda Soybean Oil in Grocery > Cooking Oil. Simple product for Zephrant ERP import; one internal Default variant will be created.,Liter,Carton,12,12000,450,500,0,0,5,Active
Mezan Soybean Oil,,,,,,,,,Grocery,Cooking Oil,Soybean Oil,Mezan,GRO-CO-SO-MEZA-00306,,Mezan Soybean Oil in Grocery > Cooking Oil. Simple product for Zephrant ERP import; one internal Default variant will be created.,Liter,Carton,12,12000,450,500,0,0,5,Active
Sufi Soybean Oil,,,,,,,,,Grocery,Cooking Oil,Soybean Oil,Sufi,GRO-CO-SO-SUFI-00307,,Sufi Soybean Oil in Grocery > Cooking Oil. Simple product for Zephrant ERP import; one internal Default variant will be created.,Liter,Carton,12,12000,450,500,0,0,5,Active
Habib Soybean Oil,,,,,,,,,Grocery,Cooking Oil,Soybean Oil,Habib,GRO-CO-SO-HABI-00308,,Habib Soybean Oil in Grocery > Cooking Oil. Simple product for Zephrant ERP import; one internal Default variant will be created.,Liter,Carton,12,12000,450,500,0,0,5,Active
Dalda Corn Oil,,,,,,,,,Grocery,Cooking Oil,Corn Oil,Dalda,GRO-CO-CO-DALD-00309,,Dalda Corn Oil in Grocery > Cooking Oil. Simple product for Zephrant ERP import; one internal Default variant will be created.,Liter,Carton,12,12000,450,500,0,0,5,Active
Mezan Corn Oil,,,,,,,,,Grocery,Cooking Oil,Corn Oil,Mezan,GRO-CO-CO-MEZA-00310,,Mezan Corn Oil in Grocery > Cooking Oil. Simple product for Zephrant ERP import; one internal Default variant will be created.,Liter,Carton,12,12000,450,500,0,0,5,Active
Sufi Corn Oil,,,,,,,,,Grocery,Cooking Oil,Corn Oil,Sufi,GRO-CO-CO-SUFI-00311,,Sufi Corn Oil in Grocery > Cooking Oil. Simple product for Zephrant ERP import; one internal Default variant will be created.,Liter,Carton,12,12000,450,500,0,0,5,Active
Habib Corn Oil,,,,,,,,,Grocery,Cooking Oil,Corn Oil,Habib,GRO-CO-CO-HABI-00312,,Habib Corn Oil in Grocery > Cooking Oil. Simple product for Zephrant ERP import; one internal Default variant will be created.,Liter,Carton,12,12000,450,500,0,0,5,Active
Dalda Olive Oil,,,,,,,,,Grocery,Cooking Oil,Olive Oil,Dalda,GRO-CO-OO-DALD-00313,,Dalda Olive Oil in Grocery > Cooking Oil. Simple product for Zephrant ERP import; one internal Default variant will be created.,Liter,Carton,12,12000,450,500,0,0,5,Active
Mezan Olive Oil,,,,,,,,,Grocery,Cooking Oil,Olive Oil,Mezan,GRO-CO-OO-MEZA-00314,,Mezan Olive Oil in Grocery > Cooking Oil. Simple product for Zephrant ERP import; one internal Default variant will be created.,Liter,Carton,12,12000,450,500,0,0,5,Active
Sufi Olive Oil,,,,,,,,,Grocery,Cooking Oil,Olive Oil,Sufi,GRO-CO-OO-SUFI-00315,,Sufi Olive Oil in Grocery > Cooking Oil. Simple product for Zephrant ERP import; one internal Default variant will be created.,Liter,Carton,12,12000,450,500,0,0,5,Active
Habib Olive Oil,,,,,,,,,Grocery,Cooking Oil,Olive Oil,Habib,GRO-CO-OO-HABI-00316,,Habib Olive Oil in Grocery > Cooking Oil. Simple product for Zephrant ERP import; one internal Default variant will be created.,Liter,Carton,12,12000,450,500,0,0,5,Active
Dalda Mustard Oil,,,,,,,,,Grocery,Cooking Oil,Mustard Oil,Dalda,GRO-CO-MO-DALD-00317,,Dalda Mustard Oil in Grocery > Cooking Oil. Simple product for Zephrant ERP import; one internal Default variant will be created.,Liter,Carton,12,12000,450,500,0,0,5,Active
Mezan Mustard Oil,,,,,,,,,Grocery,Cooking Oil,Mustard Oil,Mezan,GRO-CO-MO-MEZA-00318,,Mezan Mustard Oil in Grocery > Cooking Oil. Simple product for Zephrant ERP import; one internal Default variant will be created.,Liter,Carton,12,12000,450,500,0,0,5,Active
Sufi Mustard Oil,,,,,,,,,Grocery,Cooking Oil,Mustard Oil,Sufi,GRO-CO-MO-SUFI-00319,,Sufi Mustard Oil in Grocery > Cooking Oil. Simple product for Zephrant ERP import; one internal Default variant will be created.,Liter,Carton,12,12000,450,500,0,0,5,Active
Habib Mustard Oil,,,,,,,,,Grocery,Cooking Oil,Mustard Oil,Habib,GRO-CO-MO-HABI-00320,,Habib Mustard Oil in Grocery > Cooking Oil. Simple product for Zephrant ERP import; one internal Default variant will be created.,Liter,Carton,12,12000,450,500,0,0,5,Active
Dalda Coconut Oil,,,,,,,,,Grocery,Cooking Oil,Coconut Oil,Dalda,GRO-CO-CO-DALD-00321,,Dalda Coconut Oil in Grocery > Cooking Oil. Simple product for Zephrant ERP import; one internal Default variant will be created.,Liter,Carton,12,12000,450,500,0,0,5,Active
Mezan Coconut Oil,,,,,,,,,Grocery,Cooking Oil,Coconut Oil,Mezan,GRO-CO-CO-MEZA-00322,,Mezan Coconut Oil in Grocery > Cooking Oil. Simple product for Zephrant ERP import; one internal Default variant will be created.,Liter,Carton,12,12000,450,500,0,0,5,Active
Sufi Coconut Oil,,,,,,,,,Grocery,Cooking Oil,Coconut Oil,Sufi,GRO-CO-CO-SUFI-00323,,Sufi Coconut Oil in Grocery > Cooking Oil. Simple product for Zephrant ERP import; one internal Default variant will be created.,Liter,Carton,12,12000,450,500,0,0,5,Active
Habib Coconut Oil,,,,,,,,,Grocery,Cooking Oil,Coconut Oil,Habib,GRO-CO-CO-HABI-00324,,Habib Coconut Oil in Grocery > Cooking Oil. Simple product for Zephrant ERP import; one internal Default variant will be created.,Liter,Carton,12,12000,450,500,0,0,5,Active
Dalda Banaspati Ghee,,,,,,,,,Grocery,Ghee,Banaspati Ghee,Dalda,GRO-GHEE-BG-DALD-00325,,Dalda Banaspati Ghee in Grocery > Ghee. Simple product for Zephrant ERP import; one internal Default variant will be created.,Liter,Carton,12,12000,450,500,0,0,5,Active
Mezan Banaspati Ghee,,,,,,,,,Grocery,Ghee,Banaspati Ghee,Mezan,GRO-GHEE-BG-MEZA-00326,,Mezan Banaspati Ghee in Grocery > Ghee. Simple product for Zephrant ERP import; one internal Default variant will be created.,Liter,Carton,12,12000,450,500,0,0,5,Active
Sufi Banaspati Ghee,,,,,,,,,Grocery,Ghee,Banaspati Ghee,Sufi,GRO-GHEE-BG-SUFI-00327,,Sufi Banaspati Ghee in Grocery > Ghee. Simple product for Zephrant ERP import; one internal Default variant will be created.,Liter,Carton,12,12000,450,500,0,0,5,Active
Habib Banaspati Ghee,,,,,,,,,Grocery,Ghee,Banaspati Ghee,Habib,GRO-GHEE-BG-HABI-00328,,Habib Banaspati Ghee in Grocery > Ghee. Simple product for Zephrant ERP import; one internal Default variant will be created.,Liter,Carton,12,12000,450,500,0,0,5,Active
Dalda Cooking Ghee,,,,,,,,,Grocery,Ghee,Cooking Ghee,Dalda,GRO-GHEE-CG-DALD-00329,,Dalda Cooking Ghee in Grocery > Ghee. Simple product for Zephrant ERP import; one internal Default variant will be created.,Liter,Carton,12,12000,450,500,0,0,5,Active
Mezan Cooking Ghee,,,,,,,,,Grocery,Ghee,Cooking Ghee,Mezan,GRO-GHEE-CG-MEZA-00330,,Mezan Cooking Ghee in Grocery > Ghee. Simple product for Zephrant ERP import; one internal Default variant will be created.,Liter,Carton,12,12000,450,500,0,0,5,Active
Sufi Cooking Ghee,,,,,,,,,Grocery,Ghee,Cooking Ghee,Sufi,GRO-GHEE-CG-SUFI-00331,,Sufi Cooking Ghee in Grocery > Ghee. Simple product for Zephrant ERP import; one internal Default variant will be created.,Liter,Carton,12,12000,450,500,0,0,5,Active
Habib Cooking Ghee,,,,,,,,,Grocery,Ghee,Cooking Ghee,Habib,GRO-GHEE-CG-HABI-00332,,Habib Cooking Ghee in Grocery > Ghee. Simple product for Zephrant ERP import; one internal Default variant will be created.,Liter,Carton,12,12000,450,500,0,0,5,Active
Dalda Desi Ghee,,,,,,,,,Grocery,Ghee,Desi Ghee,Dalda,GRO-GHEE-DG-DALD-00333,,Dalda Desi Ghee in Grocery > Ghee. Simple product for Zephrant ERP import; one internal Default variant will be created.,Liter,Carton,12,12000,450,500,0,0,5,Active
Mezan Desi Ghee,,,,,,,,,Grocery,Ghee,Desi Ghee,Mezan,GRO-GHEE-DG-MEZA-00334,,Mezan Desi Ghee in Grocery > Ghee. Simple product for Zephrant ERP import; one internal Default variant will be created.,Liter,Carton,12,12000,450,500,0,0,5,Active
Sufi Desi Ghee,,,,,,,,,Grocery,Ghee,Desi Ghee,Sufi,GRO-GHEE-DG-SUFI-00335,,Sufi Desi Ghee in Grocery > Ghee. Simple product for Zephrant ERP import; one internal Default variant will be created.,Liter,Carton,12,12000,450,500,0,0,5,Active
Habib Desi Ghee,,,,,,,,,Grocery,Ghee,Desi Ghee,Habib,GRO-GHEE-DG-HABI-00336,,Habib Desi Ghee in Grocery > Ghee. Simple product for Zephrant ERP import; one internal Default variant will be created.,Liter,Carton,12,12000,450,500,0,0,5,Active
Almonds,,,,,,,,,Grocery,Dry Fruits & Nuts,Almonds,Store Brand,GRO-DFN-ALMO-SB-00337,,Almonds in Grocery > Dry Fruits & Nuts. Simple product for Zephrant ERP import; one internal Default variant will be created.,KG,Bag,50,12000,280,300,0,0,10,Active
Local Dry Fruit Almonds,,,,,,,,,Grocery,Dry Fruits & Nuts,Almonds,Local Dry Fruit,GRO-DFN-ALMO-LDF-00338,,Local Dry Fruit Almonds in Grocery > Dry Fruits & Nuts. Simple product for Zephrant ERP import; one internal Default variant will be created.,KG,Bag,50,12000,280,300,0,0,10,Active
Metro Chef Almonds,,,,,,,,,Grocery,Dry Fruits & Nuts,Almonds,Metro Chef,GRO-DFN-ALMO-MC-00339,,Metro Chef Almonds in Grocery > Dry Fruits & Nuts. Simple product for Zephrant ERP import; one internal Default variant will be created.,KG,Bag,50,12000,280,300,0,0,10,Active
Al-Fatah Almonds,,,,,,,,,Grocery,Dry Fruits & Nuts,Almonds,Al-Fatah,GRO-DFN-ALMO-AF-00340,,Al-Fatah Almonds in Grocery > Dry Fruits & Nuts. Simple product for Zephrant ERP import; one internal Default variant will be created.,KG,Bag,50,12000,280,300,0,0,10,Active
Cashews,,,,,,,,,Grocery,Dry Fruits & Nuts,Cashews,Store Brand,GRO-DFN-CASH-SB-00341,,Cashews in Grocery > Dry Fruits & Nuts. Simple product for Zephrant ERP import; one internal Default variant will be created.,KG,Bag,50,12000,280,300,0,0,10,Active
Local Dry Fruit Cashews,,,,,,,,,Grocery,Dry Fruits & Nuts,Cashews,Local Dry Fruit,GRO-DFN-CASH-LDF-00342,,Local Dry Fruit Cashews in Grocery > Dry Fruits & Nuts. Simple product for Zephrant ERP import; one internal Default variant will be created.,KG,Bag,50,12000,280,300,0,0,10,Active
Metro Chef Cashews,,,,,,,,,Grocery,Dry Fruits & Nuts,Cashews,Metro Chef,GRO-DFN-CASH-MC-00343,,Metro Chef Cashews in Grocery > Dry Fruits & Nuts. Simple product for Zephrant ERP import; one internal Default variant will be created.,KG,Bag,50,12000,280,300,0,0,10,Active
Al-Fatah Cashews,,,,,,,,,Grocery,Dry Fruits & Nuts,Cashews,Al-Fatah,GRO-DFN-CASH-AF-00344,,Al-Fatah Cashews in Grocery > Dry Fruits & Nuts. Simple product for Zephrant ERP import; one internal Default variant will be created.,KG,Bag,50,12000,280,300,0,0,10,Active
Pistachios,,,,,,,,,Grocery,Dry Fruits & Nuts,Pistachios,Store Brand,GRO-DFN-PIST-SB-00345,,Pistachios in Grocery > Dry Fruits & Nuts. Simple product for Zephrant ERP import; one internal Default variant will be created.,KG,Bag,50,12000,280,300,0,0,10,Active
Local Dry Fruit Pistachios,,,,,,,,,Grocery,Dry Fruits & Nuts,Pistachios,Local Dry Fruit,GRO-DFN-PIST-LDF-00346,,Local Dry Fruit Pistachios in Grocery > Dry Fruits & Nuts. Simple product for Zephrant ERP import; one internal Default variant will be created.,KG,Bag,50,12000,280,300,0,0,10,Active
Metro Chef Pistachios,,,,,,,,,Grocery,Dry Fruits & Nuts,Pistachios,Metro Chef,GRO-DFN-PIST-MC-00347,,Metro Chef Pistachios in Grocery > Dry Fruits & Nuts. Simple product for Zephrant ERP import; one internal Default variant will be created.,KG,Bag,50,12000,280,300,0,0,10,Active
Al-Fatah Pistachios,,,,,,,,,Grocery,Dry Fruits & Nuts,Pistachios,Al-Fatah,GRO-DFN-PIST-AF-00348,,Al-Fatah Pistachios in Grocery > Dry Fruits & Nuts. Simple product for Zephrant ERP import; one internal Default variant will be created.,KG,Bag,50,12000,280,300,0,0,10,Active
Walnuts,,,,,,,,,Grocery,Dry Fruits & Nuts,Walnuts,Store Brand,GRO-DFN-WALN-SB-00349,,Walnuts in Grocery > Dry Fruits & Nuts. Simple product for Zephrant ERP import; one internal Default variant will be created.,KG,Bag,50,12000,280,300,0,0,10,Active
Local Dry Fruit Walnuts,,,,,,,,,Grocery,Dry Fruits & Nuts,Walnuts,Local Dry Fruit,GRO-DFN-WALN-LDF-00350,,Local Dry Fruit Walnuts in Grocery > Dry Fruits & Nuts. Simple product for Zephrant ERP import; one internal Default variant will be created.,KG,Bag,50,12000,280,300,0,0,10,Active
Metro Chef Walnuts,,,,,,,,,Grocery,Dry Fruits & Nuts,Walnuts,Metro Chef,GRO-DFN-WALN-MC-00351,,Metro Chef Walnuts in Grocery > Dry Fruits & Nuts. Simple product for Zephrant ERP import; one internal Default variant will be created.,KG,Bag,50,12000,280,300,0,0,10,Active
Al-Fatah Walnuts,,,,,,,,,Grocery,Dry Fruits & Nuts,Walnuts,Al-Fatah,GRO-DFN-WALN-AF-00352,,Al-Fatah Walnuts in Grocery > Dry Fruits & Nuts. Simple product for Zephrant ERP import; one internal Default variant will be created.,KG,Bag,50,12000,280,300,0,0,10,Active
Raisins,,,,,,,,,Grocery,Dry Fruits & Nuts,Raisins,Store Brand,GRO-DFN-RAIS-SB-00353,,Raisins in Grocery > Dry Fruits & Nuts. Simple product for Zephrant ERP import; one internal Default variant will be created.,KG,Bag,50,12000,280,300,0,0,10,Active
Local Dry Fruit Raisins,,,,,,,,,Grocery,Dry Fruits & Nuts,Raisins,Local Dry Fruit,GRO-DFN-RAIS-LDF-00354,,Local Dry Fruit Raisins in Grocery > Dry Fruits & Nuts. Simple product for Zephrant ERP import; one internal Default variant will be created.,KG,Bag,50,12000,280,300,0,0,10,Active
Metro Chef Raisins,,,,,,,,,Grocery,Dry Fruits & Nuts,Raisins,Metro Chef,GRO-DFN-RAIS-MC-00355,,Metro Chef Raisins in Grocery > Dry Fruits & Nuts. Simple product for Zephrant ERP import; one internal Default variant will be created.,KG,Bag,50,12000,280,300,0,0,10,Active
Al-Fatah Raisins,,,,,,,,,Grocery,Dry Fruits & Nuts,Raisins,Al-Fatah,GRO-DFN-RAIS-AF-00356,,Al-Fatah Raisins in Grocery > Dry Fruits & Nuts. Simple product for Zephrant ERP import; one internal Default variant will be created.,KG,Bag,50,12000,280,300,0,0,10,Active
Dates,,,,,,,,,Grocery,Dry Fruits & Nuts,Dates,Store Brand,GRO-DFN-DATE-SB-00357,,Dates in Grocery > Dry Fruits & Nuts. Simple product for Zephrant ERP import; one internal Default variant will be created.,KG,Bag,50,12000,280,300,0,0,10,Active
Local Dry Fruit Dates,,,,,,,,,Grocery,Dry Fruits & Nuts,Dates,Local Dry Fruit,GRO-DFN-DATE-LDF-00358,,Local Dry Fruit Dates in Grocery > Dry Fruits & Nuts. Simple product for Zephrant ERP import; one internal Default variant will be created.,KG,Bag,50,12000,280,300,0,0,10,Active
Metro Chef Dates,,,,,,,,,Grocery,Dry Fruits & Nuts,Dates,Metro Chef,GRO-DFN-DATE-MC-00359,,Metro Chef Dates in Grocery > Dry Fruits & Nuts. Simple product for Zephrant ERP import; one internal Default variant will be created.,KG,Bag,50,12000,280,300,0,0,10,Active
Al-Fatah Dates,,,,,,,,,Grocery,Dry Fruits & Nuts,Dates,Al-Fatah,GRO-DFN-DATE-AF-00360,,Al-Fatah Dates in Grocery > Dry Fruits & Nuts. Simple product for Zephrant ERP import; one internal Default variant will be created.,KG,Bag,50,12000,280,300,0,0,10,Active
Dried Apricots,,,,,,,,,Grocery,Dry Fruits & Nuts,Dried Apricots,Store Brand,GRO-DFN-DA-SB-00361,,Dried Apricots in Grocery > Dry Fruits & Nuts. Simple product for Zephrant ERP import; one internal Default variant will be created.,KG,Bag,50,12000,280,300,0,0,10,Active
Local Dry Fruit Dried Apricots,,,,,,,,,Grocery,Dry Fruits & Nuts,Dried Apricots,Local Dry Fruit,GRO-DFN-DA-LDF-00362,,Local Dry Fruit Dried Apricots in Grocery > Dry Fruits & Nuts. Simple product for Zephrant ERP import; one internal Default variant will be created.,KG,Bag,50,12000,280,300,0,0,10,Active
Metro Chef Dried Apricots,,,,,,,,,Grocery,Dry Fruits & Nuts,Dried Apricots,Metro Chef,GRO-DFN-DA-MC-00363,,Metro Chef Dried Apricots in Grocery > Dry Fruits & Nuts. Simple product for Zephrant ERP import; one internal Default variant will be created.,KG,Bag,50,12000,280,300,0,0,10,Active
Al-Fatah Dried Apricots,,,,,,,,,Grocery,Dry Fruits & Nuts,Dried Apricots,Al-Fatah,GRO-DFN-DA-AF-00364,,Al-Fatah Dried Apricots in Grocery > Dry Fruits & Nuts. Simple product for Zephrant ERP import; one internal Default variant will be created.,KG,Bag,50,12000,280,300,0,0,10,Active
Figs,,,,,,,,,Grocery,Dry Fruits & Nuts,Figs,Store Brand,GRO-DFN-FIGS-SB-00365,,Figs in Grocery > Dry Fruits & Nuts. Simple product for Zephrant ERP import; one internal Default variant will be created.,KG,Bag,50,12000,280,300,0,0,10,Active
Local Dry Fruit Figs,,,,,,,,,Grocery,Dry Fruits & Nuts,Figs,Local Dry Fruit,GRO-DFN-FIGS-LDF-00366,,Local Dry Fruit Figs in Grocery > Dry Fruits & Nuts. Simple product for Zephrant ERP import; one internal Default variant will be created.,KG,Bag,50,12000,280,300,0,0,10,Active
Metro Chef Figs,,,,,,,,,Grocery,Dry Fruits & Nuts,Figs,Metro Chef,GRO-DFN-FIGS-MC-00367,,Metro Chef Figs in Grocery > Dry Fruits & Nuts. Simple product for Zephrant ERP import; one internal Default variant will be created.,KG,Bag,50,12000,280,300,0,0,10,Active
Al-Fatah Figs,,,,,,,,,Grocery,Dry Fruits & Nuts,Figs,Al-Fatah,GRO-DFN-FIGS-AF-00368,,Al-Fatah Figs in Grocery > Dry Fruits & Nuts. Simple product for Zephrant ERP import; one internal Default variant will be created.,KG,Bag,50,12000,280,300,0,0,10,Active
Chia Seeds,,,,,,,,,Grocery,Seeds,Chia Seeds,Store Brand,GRO-SEED-CS-SB-00369,,Chia Seeds in Grocery > Seeds. Simple product for Zephrant ERP import; one internal Default variant will be created.,KG,Bag,50,12000,280,300,0,0,10,Active
Organic Village Chia Seeds,,,,,,,,,Grocery,Seeds,Chia Seeds,Organic Village,GRO-SEED-CS-OV-00370,,Organic Village Chia Seeds in Grocery > Seeds. Simple product for Zephrant ERP import; one internal Default variant will be created.,KG,Bag,50,12000,280,300,0,0,10,Active
Nature's Own Chia Seeds,,,,,,,,,Grocery,Seeds,Chia Seeds,Nature's Own,GRO-SEED-CS-NSO-00371,,Nature's Own Chia Seeds in Grocery > Seeds. Simple product for Zephrant ERP import; one internal Default variant will be created.,KG,Bag,50,12000,280,300,0,0,10,Active
Chia Seeds,,,,,,,,,Grocery,Seeds,Chia Seeds,Imported Brand,GRO-SEED-CS-IB-00372,,Chia Seeds in Grocery > Seeds. Simple product for Zephrant ERP import; one internal Default variant will be created.,KG,Bag,50,12000,280,300,0,0,10,Active
Flax Seeds,,,,,,,,,Grocery,Seeds,Flax Seeds,Store Brand,GRO-SEED-FS-SB-00373,,Flax Seeds in Grocery > Seeds. Simple product for Zephrant ERP import; one internal Default variant will be created.,KG,Bag,50,12000,280,300,0,0,10,Active
Organic Village Flax Seeds,,,,,,,,,Grocery,Seeds,Flax Seeds,Organic Village,GRO-SEED-FS-OV-00374,,Organic Village Flax Seeds in Grocery > Seeds. Simple product for Zephrant ERP import; one internal Default variant will be created.,KG,Bag,50,12000,280,300,0,0,10,Active
Nature's Own Flax Seeds,,,,,,,,,Grocery,Seeds,Flax Seeds,Nature's Own,GRO-SEED-FS-NSO-00375,,Nature's Own Flax Seeds in Grocery > Seeds. Simple product for Zephrant ERP import; one internal Default variant will be created.,KG,Bag,50,12000,280,300,0,0,10,Active
Flax Seeds,,,,,,,,,Grocery,Seeds,Flax Seeds,Imported Brand,GRO-SEED-FS-IB-00376,,Flax Seeds in Grocery > Seeds. Simple product for Zephrant ERP import; one internal Default variant will be created.,KG,Bag,50,12000,280,300,0,0,10,Active
Pumpkin Seeds,,,,,,,,,Grocery,Seeds,Pumpkin Seeds,Store Brand,GRO-SEED-PS-SB-00377,,Pumpkin Seeds in Grocery > Seeds. Simple product for Zephrant ERP import; one internal Default variant will be created.,KG,Bag,50,12000,280,300,0,0,10,Active
Organic Village Pumpkin Seeds,,,,,,,,,Grocery,Seeds,Pumpkin Seeds,Organic Village,GRO-SEED-PS-OV-00378,,Organic Village Pumpkin Seeds in Grocery > Seeds. Simple product for Zephrant ERP import; one internal Default variant will be created.,KG,Bag,50,12000,280,300,0,0,10,Active
Nature's Own Pumpkin Seeds,,,,,,,,,Grocery,Seeds,Pumpkin Seeds,Nature's Own,GRO-SEED-PS-NSO-00379,,Nature's Own Pumpkin Seeds in Grocery > Seeds. Simple product for Zephrant ERP import; one internal Default variant will be created.,KG,Bag,50,12000,280,300,0,0,10,Active
Pumpkin Seeds,,,,,,,,,Grocery,Seeds,Pumpkin Seeds,Imported Brand,GRO-SEED-PS-IB-00380,,Pumpkin Seeds in Grocery > Seeds. Simple product for Zephrant ERP import; one internal Default variant will be created.,KG,Bag,50,12000,280,300,0,0,10,Active
Sunflower Seeds,,,,,,,,,Grocery,Seeds,Sunflower Seeds,Store Brand,GRO-SEED-SS-SB-00381,,Sunflower Seeds in Grocery > Seeds. Simple product for Zephrant ERP import; one internal Default variant will be created.,KG,Bag,50,12000,280,300,0,0,10,Active
Organic Village Sunflower Seeds,,,,,,,,,Grocery,Seeds,Sunflower Seeds,Organic Village,GRO-SEED-SS-OV-00382,,Organic Village Sunflower Seeds in Grocery > Seeds. Simple product for Zephrant ERP import; one internal Default variant will be created.,KG,Bag,50,12000,280,300,0,0,10,Active
Nature's Own Sunflower Seeds,,,,,,,,,Grocery,Seeds,Sunflower Seeds,Nature's Own,GRO-SEED-SS-NSO-00383,,Nature's Own Sunflower Seeds in Grocery > Seeds. Simple product for Zephrant ERP import; one internal Default variant will be created.,KG,Bag,50,12000,280,300,0,0,10,Active
Sunflower Seeds,,,,,,,,,Grocery,Seeds,Sunflower Seeds,Imported Brand,GRO-SEED-SS-IB-00384,,Sunflower Seeds in Grocery > Seeds. Simple product for Zephrant ERP import; one internal Default variant will be created.,KG,Bag,50,12000,280,300,0,0,10,Active
Sesame Seeds,,,,,,,,,Grocery,Seeds,Sesame Seeds,Store Brand,GRO-SEED-SS-SB-00385,,Sesame Seeds in Grocery > Seeds. Simple product for Zephrant ERP import; one internal Default variant will be created.,KG,Bag,50,12000,280,300,0,0,10,Active
Organic Village Sesame Seeds,,,,,,,,,Grocery,Seeds,Sesame Seeds,Organic Village,GRO-SEED-SS-OV-00386,,Organic Village Sesame Seeds in Grocery > Seeds. Simple product for Zephrant ERP import; one internal Default variant will be created.,KG,Bag,50,12000,280,300,0,0,10,Active
Nature's Own Sesame Seeds,,,,,,,,,Grocery,Seeds,Sesame Seeds,Nature's Own,GRO-SEED-SS-NSO-00387,,Nature's Own Sesame Seeds in Grocery > Seeds. Simple product for Zephrant ERP import; one internal Default variant will be created.,KG,Bag,50,12000,280,300,0,0,10,Active
Sesame Seeds,,,,,,,,,Grocery,Seeds,Sesame Seeds,Imported Brand,GRO-SEED-SS-IB-00388,,Sesame Seeds in Grocery > Seeds. Simple product for Zephrant ERP import; one internal Default variant will be created.,KG,Bag,50,12000,280,300,0,0,10,Active
National Mango Pickle,,,,,,,,,Grocery,Pickles & Chutneys,Mango Pickle,National,GRO-PC-MP-NATI-00389,,National Mango Pickle in Grocery > Pickles & Chutneys. Simple product for Zephrant ERP import; one internal Default variant will be created.,Piece,Carton,12,2400,250,300,0,0,5,Active
Shan Mango Pickle,,,,,,,,,Grocery,Pickles & Chutneys,Mango Pickle,Shan,GRO-PC-MP-SHAN-00390,,Shan Mango Pickle in Grocery > Pickles & Chutneys. Simple product for Zephrant ERP import; one internal Default variant will be created.,Piece,Carton,12,2400,250,300,0,0,5,Active
Mitchell's Mango Pickle,,,,,,,,,Grocery,Pickles & Chutneys,Mango Pickle,Mitchell's,GRO-PC-MP-MS-00391,,Mitchell's Mango Pickle in Grocery > Pickles & Chutneys. Simple product for Zephrant ERP import; one internal Default variant will be created.,Piece,Carton,12,2400,250,300,0,0,5,Active
Ahmed Foods Mango Pickle,,,,,,,,,Grocery,Pickles & Chutneys,Mango Pickle,Ahmed Foods,GRO-PC-MP-AF-00392,,Ahmed Foods Mango Pickle in Grocery > Pickles & Chutneys. Simple product for Zephrant ERP import; one internal Default variant will be created.,Piece,Carton,12,2400,250,300,0,0,5,Active
National Mixed Pickle,,,,,,,,,Grocery,Pickles & Chutneys,Mixed Pickle,National,GRO-PC-MP-NATI-00393,,National Mixed Pickle in Grocery > Pickles & Chutneys. Simple product for Zephrant ERP import; one internal Default variant will be created.,Piece,Carton,12,2400,250,300,0,0,5,Active
Shan Mixed Pickle,,,,,,,,,Grocery,Pickles & Chutneys,Mixed Pickle,Shan,GRO-PC-MP-SHAN-00394,,Shan Mixed Pickle in Grocery > Pickles & Chutneys. Simple product for Zephrant ERP import; one internal Default variant will be created.,Piece,Carton,12,2400,250,300,0,0,5,Active
Mitchell's Mixed Pickle,,,,,,,,,Grocery,Pickles & Chutneys,Mixed Pickle,Mitchell's,GRO-PC-MP-MS-00395,,Mitchell's Mixed Pickle in Grocery > Pickles & Chutneys. Simple product for Zephrant ERP import; one internal Default variant will be created.,Piece,Carton,12,2400,250,300,0,0,5,Active
Ahmed Foods Mixed Pickle,,,,,,,,,Grocery,Pickles & Chutneys,Mixed Pickle,Ahmed Foods,GRO-PC-MP-AF-00396,,Ahmed Foods Mixed Pickle in Grocery > Pickles & Chutneys. Simple product for Zephrant ERP import; one internal Default variant will be created.,Piece,Carton,12,2400,250,300,0,0,5,Active
National Lemon Pickle,,,,,,,,,Grocery,Pickles & Chutneys,Lemon Pickle,National,GRO-PC-LP-NATI-00397,,National Lemon Pickle in Grocery > Pickles & Chutneys. Simple product for Zephrant ERP import; one internal Default variant will be created.,Piece,Carton,12,2400,250,300,0,0,5,Active
Shan Lemon Pickle,,,,,,,,,Grocery,Pickles & Chutneys,Lemon Pickle,Shan,GRO-PC-LP-SHAN-00398,,Shan Lemon Pickle in Grocery > Pickles & Chutneys. Simple product for Zephrant ERP import; one internal Default variant will be created.,Piece,Carton,12,2400,250,300,0,0,5,Active
Mitchell's Lemon Pickle,,,,,,,,,Grocery,Pickles & Chutneys,Lemon Pickle,Mitchell's,GRO-PC-LP-MS-00399,,Mitchell's Lemon Pickle in Grocery > Pickles & Chutneys. Simple product for Zephrant ERP import; one internal Default variant will be created.,Piece,Carton,12,2400,250,300,0,0,5,Active
Ahmed Foods Lemon Pickle,,,,,,,,,Grocery,Pickles & Chutneys,Lemon Pickle,Ahmed Foods,GRO-PC-LP-AF-00400,,Ahmed Foods Lemon Pickle in Grocery > Pickles & Chutneys. Simple product for Zephrant ERP import; one internal Default variant will be created.,Piece,Carton,12,2400,250,300,0,0,5,Active
National Garlic Pickle,,,,,,,,,Grocery,Pickles & Chutneys,Garlic Pickle,National,GRO-PC-GP-NATI-00401,,National Garlic Pickle in Grocery > Pickles & Chutneys. Simple product for Zephrant ERP import; one internal Default variant will be created.,Piece,Carton,12,2400,250,300,0,0,5,Active
Shan Garlic Pickle,,,,,,,,,Grocery,Pickles & Chutneys,Garlic Pickle,Shan,GRO-PC-GP-SHAN-00402,,Shan Garlic Pickle in Grocery > Pickles & Chutneys. Simple product for Zephrant ERP import; one internal Default variant will be created.,Piece,Carton,12,2400,250,300,0,0,5,Active
Mitchell's Garlic Pickle,,,,,,,,,Grocery,Pickles & Chutneys,Garlic Pickle,Mitchell's,GRO-PC-GP-MS-00403,,Mitchell's Garlic Pickle in Grocery > Pickles & Chutneys. Simple product for Zephrant ERP import; one internal Default variant will be created.,Piece,Carton,12,2400,250,300,0,0,5,Active
Ahmed Foods Garlic Pickle,,,,,,,,,Grocery,Pickles & Chutneys,Garlic Pickle,Ahmed Foods,GRO-PC-GP-AF-00404,,Ahmed Foods Garlic Pickle in Grocery > Pickles & Chutneys. Simple product for Zephrant ERP import; one internal Default variant will be created.,Piece,Carton,12,2400,250,300,0,0,5,Active
National Green Chutney,,,,,,,,,Grocery,Pickles & Chutneys,Green Chutney,National,GRO-PC-GC-NATI-00405,,National Green Chutney in Grocery > Pickles & Chutneys. Simple product for Zephrant ERP import; one internal Default variant will be created.,Piece,Carton,12,2400,250,300,0,0,5,Active
Shan Green Chutney,,,,,,,,,Grocery,Pickles & Chutneys,Green Chutney,Shan,GRO-PC-GC-SHAN-00406,,Shan Green Chutney in Grocery > Pickles & Chutneys. Simple product for Zephrant ERP import; one internal Default variant will be created.,Piece,Carton,12,2400,250,300,0,0,5,Active
Mitchell's Green Chutney,,,,,,,,,Grocery,Pickles & Chutneys,Green Chutney,Mitchell's,GRO-PC-GC-MS-00407,,Mitchell's Green Chutney in Grocery > Pickles & Chutneys. Simple product for Zephrant ERP import; one internal Default variant will be created.,Piece,Carton,12,2400,250,300,0,0,5,Active
Ahmed Foods Green Chutney,,,,,,,,,Grocery,Pickles & Chutneys,Green Chutney,Ahmed Foods,GRO-PC-GC-AF-00408,,Ahmed Foods Green Chutney in Grocery > Pickles & Chutneys. Simple product for Zephrant ERP import; one internal Default variant will be created.,Piece,Carton,12,2400,250,300,0,0,5,Active
National Tamarind Chutney,,,,,,,,,Grocery,Pickles & Chutneys,Tamarind Chutney,National,GRO-PC-TC-NATI-00409,,National Tamarind Chutney in Grocery > Pickles & Chutneys. Simple product for Zephrant ERP import; one internal Default variant will be created.,Piece,Carton,12,2400,250,300,0,0,5,Active
Shan Tamarind Chutney,,,,,,,,,Grocery,Pickles & Chutneys,Tamarind Chutney,Shan,GRO-PC-TC-SHAN-00410,,Shan Tamarind Chutney in Grocery > Pickles & Chutneys. Simple product for Zephrant ERP import; one internal Default variant will be created.,Piece,Carton,12,2400,250,300,0,0,5,Active
Mitchell's Tamarind Chutney,,,,,,,,,Grocery,Pickles & Chutneys,Tamarind Chutney,Mitchell's,GRO-PC-TC-MS-00411,,Mitchell's Tamarind Chutney in Grocery > Pickles & Chutneys. Simple product for Zephrant ERP import; one internal Default variant will be created.,Piece,Carton,12,2400,250,300,0,0,5,Active
Ahmed Foods Tamarind Chutney,,,,,,,,,Grocery,Pickles & Chutneys,Tamarind Chutney,Ahmed Foods,GRO-PC-TC-AF-00412,,Ahmed Foods Tamarind Chutney in Grocery > Pickles & Chutneys. Simple product for Zephrant ERP import; one internal Default variant will be created.,Piece,Carton,12,2400,250,300,0,0,5,Active
National Tomato Ketchup,,,,,,,,,Grocery,Sauces & Condiments,Tomato Ketchup,National,GRO-SC-TK-NATI-00413,,National Tomato Ketchup in Grocery > Sauces & Condiments. Simple product for Zephrant ERP import; one internal Default variant will be created.,Piece,Carton,12,2400,250,300,0,0,5,Active
Shangrila Tomato Ketchup,,,,,,,,,Grocery,Sauces & Condiments,Tomato Ketchup,Shangrila,GRO-SC-TK-SHAN-00414,,Shangrila Tomato Ketchup in Grocery > Sauces & Condiments. Simple product for Zephrant ERP import; one internal Default variant will be created.,Piece,Carton,12,2400,250,300,0,0,5,Active
Mitchell's Tomato Ketchup,,,,,,,,,Grocery,Sauces & Condiments,Tomato Ketchup,Mitchell's,GRO-SC-TK-MS-00415,,Mitchell's Tomato Ketchup in Grocery > Sauces & Condiments. Simple product for Zephrant ERP import; one internal Default variant will be created.,Piece,Carton,12,2400,250,300,0,0,5,Active
Knorr Tomato Ketchup,,,,,,,,,Grocery,Sauces & Condiments,Tomato Ketchup,Knorr,GRO-SC-TK-KNOR-00416,,Knorr Tomato Ketchup in Grocery > Sauces & Condiments. Simple product for Zephrant ERP import; one internal Default variant will be created.,Piece,Carton,12,2400,250,300,0,0,5,Active
National Chili Garlic Sauce,,,,,,,,,Grocery,Sauces & Condiments,Chili Garlic Sauce,National,GRO-SC-CGS-NATI-00417,,National Chili Garlic Sauce in Grocery > Sauces & Condiments. Simple product for Zephrant ERP import; one internal Default variant will be created.,Piece,Carton,12,2400,250,300,0,0,5,Active
Shangrila Chili Garlic Sauce,,,,,,,,,Grocery,Sauces & Condiments,Chili Garlic Sauce,Shangrila,GRO-SC-CGS-SHAN-00418,,Shangrila Chili Garlic Sauce in Grocery > Sauces & Condiments. Simple product for Zephrant ERP import; one internal Default variant will be created.,Piece,Carton,12,2400,250,300,0,0,5,Active
Mitchell's Chili Garlic Sauce,,,,,,,,,Grocery,Sauces & Condiments,Chili Garlic Sauce,Mitchell's,GRO-SC-CGS-MS-00419,,Mitchell's Chili Garlic Sauce in Grocery > Sauces & Condiments. Simple product for Zephrant ERP import; one internal Default variant will be created.,Piece,Carton,12,2400,250,300,0,0,5,Active
Knorr Chili Garlic Sauce,,,,,,,,,Grocery,Sauces & Condiments,Chili Garlic Sauce,Knorr,GRO-SC-CGS-KNOR-00420,,Knorr Chili Garlic Sauce in Grocery > Sauces & Condiments. Simple product for Zephrant ERP import; one internal Default variant will be created.,Piece,Carton,12,2400,250,300,0,0,5,Active
National Hot Sauce,,,,,,,,,Grocery,Sauces & Condiments,Hot Sauce,National,GRO-SC-HS-NATI-00421,,National Hot Sauce in Grocery > Sauces & Condiments. Simple product for Zephrant ERP import; one internal Default variant will be created.,Piece,Carton,12,2400,250,300,0,0,5,Active
Shangrila Hot Sauce,,,,,,,,,Grocery,Sauces & Condiments,Hot Sauce,Shangrila,GRO-SC-HS-SHAN-00422,,Shangrila Hot Sauce in Grocery > Sauces & Condiments. Simple product for Zephrant ERP import; one internal Default variant will be created.,Piece,Carton,12,2400,250,300,0,0,5,Active
Mitchell's Hot Sauce,,,,,,,,,Grocery,Sauces & Condiments,Hot Sauce,Mitchell's,GRO-SC-HS-MS-00423,,Mitchell's Hot Sauce in Grocery > Sauces & Condiments. Simple product for Zephrant ERP import; one internal Default variant will be created.,Piece,Carton,12,2400,250,300,0,0,5,Active
Knorr Hot Sauce,,,,,,,,,Grocery,Sauces & Condiments,Hot Sauce,Knorr,GRO-SC-HS-KNOR-00424,,Knorr Hot Sauce in Grocery > Sauces & Condiments. Simple product for Zephrant ERP import; one internal Default variant will be created.,Piece,Carton,12,2400,250,300,0,0,5,Active
National Soy Sauce,,,,,,,,,Grocery,Sauces & Condiments,Soy Sauce,National,GRO-SC-SS-NATI-00425,,National Soy Sauce in Grocery > Sauces & Condiments. Simple product for Zephrant ERP import; one internal Default variant will be created.,Piece,Carton,12,2400,250,300,0,0,5,Active
Shangrila Soy Sauce,,,,,,,,,Grocery,Sauces & Condiments,Soy Sauce,Shangrila,GRO-SC-SS-SHAN-00426,,Shangrila Soy Sauce in Grocery > Sauces & Condiments. Simple product for Zephrant ERP import; one internal Default variant will be created.,Piece,Carton,12,2400,250,300,0,0,5,Active
Mitchell's Soy Sauce,,,,,,,,,Grocery,Sauces & Condiments,Soy Sauce,Mitchell's,GRO-SC-SS-MS-00427,,Mitchell's Soy Sauce in Grocery > Sauces & Condiments. Simple product for Zephrant ERP import; one internal Default variant will be created.,Piece,Carton,12,2400,250,300,0,0,5,Active
Knorr Soy Sauce,,,,,,,,,Grocery,Sauces & Condiments,Soy Sauce,Knorr,GRO-SC-SS-KNOR-00428,,Knorr Soy Sauce in Grocery > Sauces & Condiments. Simple product for Zephrant ERP import; one internal Default variant will be created.,Piece,Carton,12,2400,250,300,0,0,5,Active
National Vinegar,,,,,,,,,Grocery,Sauces & Condiments,Vinegar,National,GRO-SC-VINE-NATI-00429,,National Vinegar in Grocery > Sauces & Condiments. Simple product for Zephrant ERP import; one internal Default variant will be created.,Liter,Carton,12,12000,450,500,0,0,5,Active
Shangrila Vinegar,,,,,,,,,Grocery,Sauces & Condiments,Vinegar,Shangrila,GRO-SC-VINE-SHAN-00430,,Shangrila Vinegar in Grocery > Sauces & Condiments. Simple product for Zephrant ERP import; one internal Default variant will be created.,Liter,Carton,12,12000,450,500,0,0,5,Active
Mitchell's Vinegar,,,,,,,,,Grocery,Sauces & Condiments,Vinegar,Mitchell's,GRO-SC-VINE-MS-00431,,Mitchell's Vinegar in Grocery > Sauces & Condiments. Simple product for Zephrant ERP import; one internal Default variant will be created.,Liter,Carton,12,12000,450,500,0,0,5,Active
Knorr Vinegar,,,,,,,,,Grocery,Sauces & Condiments,Vinegar,Knorr,GRO-SC-VINE-KNOR-00432,,Knorr Vinegar in Grocery > Sauces & Condiments. Simple product for Zephrant ERP import; one internal Default variant will be created.,Liter,Carton,12,12000,450,500,0,0,5,Active
National Mayonnaise,,,,,,,,,Grocery,Sauces & Condiments,Mayonnaise,National,GRO-SC-MAYO-NATI-00433,,National Mayonnaise in Grocery > Sauces & Condiments. Simple product for Zephrant ERP import; one internal Default variant will be created.,Piece,Carton,12,2400,250,300,0,0,5,Active
Shangrila Mayonnaise,,,,,,,,,Grocery,Sauces & Condiments,Mayonnaise,Shangrila,GRO-SC-MAYO-SHAN-00434,,Shangrila Mayonnaise in Grocery > Sauces & Condiments. Simple product for Zephrant ERP import; one internal Default variant will be created.,Piece,Carton,12,2400,250,300,0,0,5,Active
Mitchell's Mayonnaise,,,,,,,,,Grocery,Sauces & Condiments,Mayonnaise,Mitchell's,GRO-SC-MAYO-MS-00435,,Mitchell's Mayonnaise in Grocery > Sauces & Condiments. Simple product for Zephrant ERP import; one internal Default variant will be created.,Piece,Carton,12,2400,250,300,0,0,5,Active
Knorr Mayonnaise,,,,,,,,,Grocery,Sauces & Condiments,Mayonnaise,Knorr,GRO-SC-MAYO-KNOR-00436,,Knorr Mayonnaise in Grocery > Sauces & Condiments. Simple product for Zephrant ERP import; one internal Default variant will be created.,Piece,Carton,12,2400,250,300,0,0,5,Active
National Mustard Sauce,,,,,,,,,Grocery,Sauces & Condiments,Mustard Sauce,National,GRO-SC-MS-NATI-00437,,National Mustard Sauce in Grocery > Sauces & Condiments. Simple product for Zephrant ERP import; one internal Default variant will be created.,Piece,Carton,12,2400,250,300,0,0,5,Active
Shangrila Mustard Sauce,,,,,,,,,Grocery,Sauces & Condiments,Mustard Sauce,Shangrila,GRO-SC-MS-SHAN-00438,,Shangrila Mustard Sauce in Grocery > Sauces & Condiments. Simple product for Zephrant ERP import; one internal Default variant will be created.,Piece,Carton,12,2400,250,300,0,0,5,Active
Mitchell's Mustard Sauce,,,,,,,,,Grocery,Sauces & Condiments,Mustard Sauce,Mitchell's,GRO-SC-MS-MS-00439,,Mitchell's Mustard Sauce in Grocery > Sauces & Condiments. Simple product for Zephrant ERP import; one internal Default variant will be created.,Piece,Carton,12,2400,250,300,0,0,5,Active
Knorr Mustard Sauce,,,,,,,,,Grocery,Sauces & Condiments,Mustard Sauce,Knorr,GRO-SC-MS-KNOR-00440,,Knorr Mustard Sauce in Grocery > Sauces & Condiments. Simple product for Zephrant ERP import; one internal Default variant will be created.,Piece,Carton,12,2400,250,300,0,0,5,Active
Bake Parlor Baking Powder,,,,,,,,,Grocery,Baking Ingredients,Baking Powder,Bake Parlor,GRO-BI-BP-BP-00441,,Bake Parlor Baking Powder in Grocery > Baking Ingredients. Simple product for Zephrant ERP import; one internal Default variant will be created.,Piece,Carton,12,2400,250,300,0,0,5,Active
Rafhan Baking Powder,,,,,,,,,Grocery,Baking Ingredients,Baking Powder,Rafhan,GRO-BI-BP-RAFH-00442,,Rafhan Baking Powder in Grocery > Baking Ingredients. Simple product for Zephrant ERP import; one internal Default variant will be created.,Piece,Carton,12,2400,250,300,0,0,5,Active
Foster Clark's Baking Powder,,,,,,,,,Grocery,Baking Ingredients,Baking Powder,Foster Clark's,GRO-BI-BP-FCS-00443,,Foster Clark's Baking Powder in Grocery > Baking Ingredients. Simple product for Zephrant ERP import; one internal Default variant will be created.,Piece,Carton,12,2400,250,300,0,0,5,Active
Blue Band Baking Powder,,,,,,,,,Grocery,Baking Ingredients,Baking Powder,Blue Band,GRO-BI-BP-BB-00444,,Blue Band Baking Powder in Grocery > Baking Ingredients. Simple product for Zephrant ERP import; one internal Default variant will be created.,Piece,Carton,12,2400,250,300,0,0,5,Active
Bake Parlor Baking Soda,,,,,,,,,Grocery,Baking Ingredients,Baking Soda,Bake Parlor,GRO-BI-BS-BP-00445,,Bake Parlor Baking Soda in Grocery > Baking Ingredients. Simple product for Zephrant ERP import; one internal Default variant will be created.,Piece,Carton,12,2400,250,300,0,0,5,Active
Rafhan Baking Soda,,,,,,,,,Grocery,Baking Ingredients,Baking Soda,Rafhan,GRO-BI-BS-RAFH-00446,,Rafhan Baking Soda in Grocery > Baking Ingredients. Simple product for Zephrant ERP import; one internal Default variant will be created.,Piece,Carton,12,2400,250,300,0,0,5,Active
Foster Clark's Baking Soda,,,,,,,,,Grocery,Baking Ingredients,Baking Soda,Foster Clark's,GRO-BI-BS-FCS-00447,,Foster Clark's Baking Soda in Grocery > Baking Ingredients. Simple product for Zephrant ERP import; one internal Default variant will be created.,Piece,Carton,12,2400,250,300,0,0,5,Active
Blue Band Baking Soda,,,,,,,,,Grocery,Baking Ingredients,Baking Soda,Blue Band,GRO-BI-BS-BB-00448,,Blue Band Baking Soda in Grocery > Baking Ingredients. Simple product for Zephrant ERP import; one internal Default variant will be created.,Piece,Carton,12,2400,250,300,0,0,5,Active
Bake Parlor Yeast,,,,,,,,,Grocery,Baking Ingredients,Yeast,Bake Parlor,GRO-BI-YEAS-BP-00449,,Bake Parlor Yeast in Grocery > Baking Ingredients. Simple product for Zephrant ERP import; one internal Default variant will be created.,Piece,Carton,12,2400,250,300,0,0,5,Active
Rafhan Yeast,,,,,,,,,Grocery,Baking Ingredients,Yeast,Rafhan,GRO-BI-YEAS-RAFH-00450,,Rafhan Yeast in Grocery > Baking Ingredients. Simple product for Zephrant ERP import; one internal Default variant will be created.,Piece,Carton,12,2400,250,300,0,0,5,Active
Foster Clark's Yeast,,,,,,,,,Grocery,Baking Ingredients,Yeast,Foster Clark's,GRO-BI-YEAS-FCS-00451,,Foster Clark's Yeast in Grocery > Baking Ingredients. Simple product for Zephrant ERP import; one internal Default variant will be created.,Piece,Carton,12,2400,250,300,0,0,5,Active
Blue Band Yeast,,,,,,,,,Grocery,Baking Ingredients,Yeast,Blue Band,GRO-BI-YEAS-BB-00452,,Blue Band Yeast in Grocery > Baking Ingredients. Simple product for Zephrant ERP import; one internal Default variant will be created.,Piece,Carton,12,2400,250,300,0,0,5,Active
Bake Parlor Cocoa Powder,,,,,,,,,Grocery,Baking Ingredients,Cocoa Powder,Bake Parlor,GRO-BI-CP-BP-00453,,Bake Parlor Cocoa Powder in Grocery > Baking Ingredients. Simple product for Zephrant ERP import; one internal Default variant will be created.,Piece,Carton,12,2400,250,300,0,0,5,Active
Rafhan Cocoa Powder,,,,,,,,,Grocery,Baking Ingredients,Cocoa Powder,Rafhan,GRO-BI-CP-RAFH-00454,,Rafhan Cocoa Powder in Grocery > Baking Ingredients. Simple product for Zephrant ERP import; one internal Default variant will be created.,Piece,Carton,12,2400,250,300,0,0,5,Active
Foster Clark's Cocoa Powder,,,,,,,,,Grocery,Baking Ingredients,Cocoa Powder,Foster Clark's,GRO-BI-CP-FCS-00455,,Foster Clark's Cocoa Powder in Grocery > Baking Ingredients. Simple product for Zephrant ERP import; one internal Default variant will be created.,Piece,Carton,12,2400,250,300,0,0,5,Active
Blue Band Cocoa Powder,,,,,,,,,Grocery,Baking Ingredients,Cocoa Powder,Blue Band,GRO-BI-CP-BB-00456,,Blue Band Cocoa Powder in Grocery > Baking Ingredients. Simple product for Zephrant ERP import; one internal Default variant will be created.,Piece,Carton,12,2400,250,300,0,0,5,Active
Bake Parlor Vanilla Essence,,,,,,,,,Grocery,Baking Ingredients,Vanilla Essence,Bake Parlor,GRO-BI-VE-BP-00457,,Bake Parlor Vanilla Essence in Grocery > Baking Ingredients. Simple product for Zephrant ERP import; one internal Default variant will be created.,Piece,Carton,12,2400,250,300,0,0,5,Active
Rafhan Vanilla Essence,,,,,,,,,Grocery,Baking Ingredients,Vanilla Essence,Rafhan,GRO-BI-VE-RAFH-00458,,Rafhan Vanilla Essence in Grocery > Baking Ingredients. Simple product for Zephrant ERP import; one internal Default variant will be created.,Piece,Carton,12,2400,250,300,0,0,5,Active
Foster Clark's Vanilla Essence,,,,,,,,,Grocery,Baking Ingredients,Vanilla Essence,Foster Clark's,GRO-BI-VE-FCS-00459,,Foster Clark's Vanilla Essence in Grocery > Baking Ingredients. Simple product for Zephrant ERP import; one internal Default variant will be created.,Piece,Carton,12,2400,250,300,0,0,5,Active
Blue Band Vanilla Essence,,,,,,,,,Grocery,Baking Ingredients,Vanilla Essence,Blue Band,GRO-BI-VE-BB-00460,,Blue Band Vanilla Essence in Grocery > Baking Ingredients. Simple product for Zephrant ERP import; one internal Default variant will be created.,Piece,Carton,12,2400,250,300,0,0,5,Active
Bake Parlor Food Color,,,,,,,,,Grocery,Baking Ingredients,Food Color,Bake Parlor,GRO-BI-FC-BP-00461,,Bake Parlor Food Color in Grocery > Baking Ingredients. Simple product for Zephrant ERP import; one internal Default variant will be created.,Piece,Carton,12,2400,250,300,0,0,5,Active
Rafhan Food Color,,,,,,,,,Grocery,Baking Ingredients,Food Color,Rafhan,GRO-BI-FC-RAFH-00462,,Rafhan Food Color in Grocery > Baking Ingredients. Simple product for Zephrant ERP import; one internal Default variant will be created.,Piece,Carton,12,2400,250,300,0,0,5,Active
Foster Clark's Food Color,,,,,,,,,Grocery,Baking Ingredients,Food Color,Foster Clark's,GRO-BI-FC-FCS-00463,,Foster Clark's Food Color in Grocery > Baking Ingredients. Simple product for Zephrant ERP import; one internal Default variant will be created.,Piece,Carton,12,2400,250,300,0,0,5,Active
Blue Band Food Color,,,,,,,,,Grocery,Baking Ingredients,Food Color,Blue Band,GRO-BI-FC-BB-00464,,Blue Band Food Color in Grocery > Baking Ingredients. Simple product for Zephrant ERP import; one internal Default variant will be created.,Piece,Carton,12,2400,250,300,0,0,5,Active
Rafhan Jelly Mix,,,,,,,,,Grocery,Desserts & Mixes,Jelly Mix,Rafhan,GRO-DM-JM-RAFH-00465,,Rafhan Jelly Mix in Grocery > Desserts & Mixes. Simple product for Zephrant ERP import; one internal Default variant will be created.,Piece,Carton,12,2400,250,300,0,0,5,Active
Foster Clark's Jelly Mix,,,,,,,,,Grocery,Desserts & Mixes,Jelly Mix,Foster Clark's,GRO-DM-JM-FCS-00466,,Foster Clark's Jelly Mix in Grocery > Desserts & Mixes. Simple product for Zephrant ERP import; one internal Default variant will be created.,Piece,Carton,12,2400,250,300,0,0,5,Active
National Jelly Mix,,,,,,,,,Grocery,Desserts & Mixes,Jelly Mix,National,GRO-DM-JM-NATI-00467,,National Jelly Mix in Grocery > Desserts & Mixes. Simple product for Zephrant ERP import; one internal Default variant will be created.,Piece,Carton,12,2400,250,300,0,0,5,Active
Shan Jelly Mix,,,,,,,,,Grocery,Desserts & Mixes,Jelly Mix,Shan,GRO-DM-JM-SHAN-00468,,Shan Jelly Mix in Grocery > Desserts & Mixes. Simple product for Zephrant ERP import; one internal Default variant will be created.,Piece,Carton,12,2400,250,300,0,0,5,Active
Rafhan Custard Powder,,,,,,,,,Grocery,Desserts & Mixes,Custard Powder,Rafhan,GRO-DM-CP-RAFH-00469,,Rafhan Custard Powder in Grocery > Desserts & Mixes. Simple product for Zephrant ERP import; one internal Default variant will be created.,Piece,Carton,12,2400,250,300,0,0,5,Active
Foster Clark's Custard Powder,,,,,,,,,Grocery,Desserts & Mixes,Custard Powder,Foster Clark's,GRO-DM-CP-FCS-00470,,Foster Clark's Custard Powder in Grocery > Desserts & Mixes. Simple product for Zephrant ERP import; one internal Default variant will be created.,Piece,Carton,12,2400,250,300,0,0,5,Active
National Custard Powder,,,,,,,,,Grocery,Desserts & Mixes,Custard Powder,National,GRO-DM-CP-NATI-00471,,National Custard Powder in Grocery > Desserts & Mixes. Simple product for Zephrant ERP import; one internal Default variant will be created.,Piece,Carton,12,2400,250,300,0,0,5,Active
Shan Custard Powder,,,,,,,,,Grocery,Desserts & Mixes,Custard Powder,Shan,GRO-DM-CP-SHAN-00472,,Shan Custard Powder in Grocery > Desserts & Mixes. Simple product for Zephrant ERP import; one internal Default variant will be created.,Piece,Carton,12,2400,250,300,0,0,5,Active
Rafhan Kheer Mix,,,,,,,,,Grocery,Desserts & Mixes,Kheer Mix,Rafhan,GRO-DM-KM-RAFH-00473,,Rafhan Kheer Mix in Grocery > Desserts & Mixes. Simple product for Zephrant ERP import; one internal Default variant will be created.,Piece,Carton,12,2400,250,300,0,0,5,Active
Foster Clark's Kheer Mix,,,,,,,,,Grocery,Desserts & Mixes,Kheer Mix,Foster Clark's,GRO-DM-KM-FCS-00474,,Foster Clark's Kheer Mix in Grocery > Desserts & Mixes. Simple product for Zephrant ERP import; one internal Default variant will be created.,Piece,Carton,12,2400,250,300,0,0,5,Active
National Kheer Mix,,,,,,,,,Grocery,Desserts & Mixes,Kheer Mix,National,GRO-DM-KM-NATI-00475,,National Kheer Mix in Grocery > Desserts & Mixes. Simple product for Zephrant ERP import; one internal Default variant will be created.,Piece,Carton,12,2400,250,300,0,0,5,Active
Shan Kheer Mix,,,,,,,,,Grocery,Desserts & Mixes,Kheer Mix,Shan,GRO-DM-KM-SHAN-00476,,Shan Kheer Mix in Grocery > Desserts & Mixes. Simple product for Zephrant ERP import; one internal Default variant will be created.,Piece,Carton,12,2400,250,300,0,0,5,Active
Rafhan Falooda Mix,,,,,,,,,Grocery,Desserts & Mixes,Falooda Mix,Rafhan,GRO-DM-FM-RAFH-00477,,Rafhan Falooda Mix in Grocery > Desserts & Mixes. Simple product for Zephrant ERP import; one internal Default variant will be created.,Piece,Carton,12,2400,250,300,0,0,5,Active
Foster Clark's Falooda Mix,,,,,,,,,Grocery,Desserts & Mixes,Falooda Mix,Foster Clark's,GRO-DM-FM-FCS-00478,,Foster Clark's Falooda Mix in Grocery > Desserts & Mixes. Simple product for Zephrant ERP import; one internal Default variant will be created.,Piece,Carton,12,2400,250,300,0,0,5,Active
National Falooda Mix,,,,,,,,,Grocery,Desserts & Mixes,Falooda Mix,National,GRO-DM-FM-NATI-00479,,National Falooda Mix in Grocery > Desserts & Mixes. Simple product for Zephrant ERP import; one internal Default variant will be created.,Piece,Carton,12,2400,250,300,0,0,5,Active
Shan Falooda Mix,,,,,,,,,Grocery,Desserts & Mixes,Falooda Mix,Shan,GRO-DM-FM-SHAN-00480,,Shan Falooda Mix in Grocery > Desserts & Mixes. Simple product for Zephrant ERP import; one internal Default variant will be created.,Piece,Carton,12,2400,250,300,0,0,5,Active
Rafhan Ice Cream Mix,,,,,,,,,Grocery,Desserts & Mixes,Ice Cream Mix,Rafhan,GRO-DM-ICM-RAFH-00481,,Rafhan Ice Cream Mix in Grocery > Desserts & Mixes. Simple product for Zephrant ERP import; one internal Default variant will be created.,Piece,Carton,12,2400,250,300,0,0,5,Active
Foster Clark's Ice Cream Mix,,,,,,,,,Grocery,Desserts & Mixes,Ice Cream Mix,Foster Clark's,GRO-DM-ICM-FCS-00482,,Foster Clark's Ice Cream Mix in Grocery > Desserts & Mixes. Simple product for Zephrant ERP import; one internal Default variant will be created.,Piece,Carton,12,2400,250,300,0,0,5,Active
National Ice Cream Mix,,,,,,,,,Grocery,Desserts & Mixes,Ice Cream Mix,National,GRO-DM-ICM-NATI-00483,,National Ice Cream Mix in Grocery > Desserts & Mixes. Simple product for Zephrant ERP import; one internal Default variant will be created.,Piece,Carton,12,2400,250,300,0,0,5,Active
Shan Ice Cream Mix,,,,,,,,,Grocery,Desserts & Mixes,Ice Cream Mix,Shan,GRO-DM-ICM-SHAN-00484,,Shan Ice Cream Mix in Grocery > Desserts & Mixes. Simple product for Zephrant ERP import; one internal Default variant will be created.,Piece,Carton,12,2400,250,300,0,0,5,Active
Rafhan Pudding Mix,,,,,,,,,Grocery,Desserts & Mixes,Pudding Mix,Rafhan,GRO-DM-PM-RAFH-00485,,Rafhan Pudding Mix in Grocery > Desserts & Mixes. Simple product for Zephrant ERP import; one internal Default variant will be created.,Piece,Carton,12,2400,250,300,0,0,5,Active
Foster Clark's Pudding Mix,,,,,,,,,Grocery,Desserts & Mixes,Pudding Mix,Foster Clark's,GRO-DM-PM-FCS-00486,,Foster Clark's Pudding Mix in Grocery > Desserts & Mixes. Simple product for Zephrant ERP import; one internal Default variant will be created.,Piece,Carton,12,2400,250,300,0,0,5,Active
National Pudding Mix,,,,,,,,,Grocery,Desserts & Mixes,Pudding Mix,National,GRO-DM-PM-NATI-00487,,National Pudding Mix in Grocery > Desserts & Mixes. Simple product for Zephrant ERP import; one internal Default variant will be created.,Piece,Carton,12,2400,250,300,0,0,5,Active
Shan Pudding Mix,,,,,,,,,Grocery,Desserts & Mixes,Pudding Mix,Shan,GRO-DM-PM-SHAN-00488,,Shan Pudding Mix in Grocery > Desserts & Mixes. Simple product for Zephrant ERP import; one internal Default variant will be created.,Piece,Carton,12,2400,250,300,0,0,5,Active
Knorr Instant Noodles,,,,,,,,,Grocery,Instant Foods,Instant Noodles,Knorr,GRO-IF-IN-KNOR-00489,,Knorr Instant Noodles in Grocery > Instant Foods. Simple product for Zephrant ERP import; one internal Default variant will be created.,Piece,Carton,12,2400,250,300,0,0,5,Active
Maggi Instant Noodles,,,,,,,,,Grocery,Instant Foods,Instant Noodles,Maggi,GRO-IF-IN-MAGG-00490,,Maggi Instant Noodles in Grocery > Instant Foods. Simple product for Zephrant ERP import; one internal Default variant will be created.,Piece,Carton,12,2400,250,300,0,0,5,Active
Kolson Instant Noodles,,,,,,,,,Grocery,Instant Foods,Instant Noodles,Kolson,GRO-IF-IN-KOLS-00491,,Kolson Instant Noodles in Grocery > Instant Foods. Simple product for Zephrant ERP import; one internal Default variant will be created.,Piece,Carton,12,2400,250,300,0,0,5,Active
Bake Parlor Instant Noodles,,,,,,,,,Grocery,Instant Foods,Instant Noodles,Bake Parlor,GRO-IF-IN-BP-00492,,Bake Parlor Instant Noodles in Grocery > Instant Foods. Simple product for Zephrant ERP import; one internal Default variant will be created.,Piece,Carton,12,2400,250,300,0,0,5,Active
Knorr Pasta,,,,,,,,,Grocery,Instant Foods,Pasta,Knorr,GRO-IF-PAST-KNOR-00493,,Knorr Pasta in Grocery > Instant Foods. Simple product for Zephrant ERP import; one internal Default variant will be created.,Piece,Carton,12,2400,250,300,0,0,5,Active
Maggi Pasta,,,,,,,,,Grocery,Instant Foods,Pasta,Maggi,GRO-IF-PAST-MAGG-00494,,Maggi Pasta in Grocery > Instant Foods. Simple product for Zephrant ERP import; one internal Default variant will be created.,Piece,Carton,12,2400,250,300,0,0,5,Active
Kolson Pasta,,,,,,,,,Grocery,Instant Foods,Pasta,Kolson,GRO-IF-PAST-KOLS-00495,,Kolson Pasta in Grocery > Instant Foods. Simple product for Zephrant ERP import; one internal Default variant will be created.,Piece,Carton,12,2400,250,300,0,0,5,Active
Bake Parlor Pasta,,,,,,,,,Grocery,Instant Foods,Pasta,Bake Parlor,GRO-IF-PAST-BP-00496,,Bake Parlor Pasta in Grocery > Instant Foods. Simple product for Zephrant ERP import; one internal Default variant will be created.,Piece,Carton,12,2400,250,300,0,0,5,Active
Knorr Macaroni,,,,,,,,,Grocery,Instant Foods,Macaroni,Knorr,GRO-IF-MACA-KNOR-00497,,Knorr Macaroni in Grocery > Instant Foods. Simple product for Zephrant ERP import; one internal Default variant will be created.,Piece,Carton,12,2400,250,300,0,0,5,Active
Maggi Macaroni,,,,,,,,,Grocery,Instant Foods,Macaroni,Maggi,GRO-IF-MACA-MAGG-00498,,Maggi Macaroni in Grocery > Instant Foods. Simple product for Zephrant ERP import; one internal Default variant will be created.,Piece,Carton,12,2400,250,300,0,0,5,Active
Kolson Macaroni,,,,,,,,,Grocery,Instant Foods,Macaroni,Kolson,GRO-IF-MACA-KOLS-00499,,Kolson Macaroni in Grocery > Instant Foods. Simple product for Zephrant ERP import; one internal Default variant will be created.,Piece,Carton,12,2400,250,300,0,0,5,Active
Bake Parlor Macaroni,,,,,,,,,Grocery,Instant Foods,Macaroni,Bake Parlor,GRO-IF-MACA-BP-00500,,Bake Parlor Macaroni in Grocery > Instant Foods. Simple product for Zephrant ERP import; one internal Default variant will be created.,Piece,Carton,12,2400,250,300,0,0,5,Active
Knorr Vermicelli,,,,,,,,,Grocery,Instant Foods,Vermicelli,Knorr,GRO-IF-VERM-KNOR-00501,,Knorr Vermicelli in Grocery > Instant Foods. Simple product for Zephrant ERP import; one internal Default variant will be created.,Piece,Carton,12,2400,250,300,0,0,5,Active
Maggi Vermicelli,,,,,,,,,Grocery,Instant Foods,Vermicelli,Maggi,GRO-IF-VERM-MAGG-00502,,Maggi Vermicelli in Grocery > Instant Foods. Simple product for Zephrant ERP import; one internal Default variant will be created.,Piece,Carton,12,2400,250,300,0,0,5,Active
Kolson Vermicelli,,,,,,,,,Grocery,Instant Foods,Vermicelli,Kolson,GRO-IF-VERM-KOLS-00503,,Kolson Vermicelli in Grocery > Instant Foods. Simple product for Zephrant ERP import; one internal Default variant will be created.,Piece,Carton,12,2400,250,300,0,0,5,Active
Bake Parlor Vermicelli,,,,,,,,,Grocery,Instant Foods,Vermicelli,Bake Parlor,GRO-IF-VERM-BP-00504,,Bake Parlor Vermicelli in Grocery > Instant Foods. Simple product for Zephrant ERP import; one internal Default variant will be created.,Piece,Carton,12,2400,250,300,0,0,5,Active
Knorr Soup Mix,,,,,,,,,Grocery,Instant Foods,Soup Mix,Knorr,GRO-IF-SM-KNOR-00505,,Knorr Soup Mix in Grocery > Instant Foods. Simple product for Zephrant ERP import; one internal Default variant will be created.,Piece,Carton,12,2400,250,300,0,0,5,Active
Maggi Soup Mix,,,,,,,,,Grocery,Instant Foods,Soup Mix,Maggi,GRO-IF-SM-MAGG-00506,,Maggi Soup Mix in Grocery > Instant Foods. Simple product for Zephrant ERP import; one internal Default variant will be created.,Piece,Carton,12,2400,250,300,0,0,5,Active
Kolson Soup Mix,,,,,,,,,Grocery,Instant Foods,Soup Mix,Kolson,GRO-IF-SM-KOLS-00507,,Kolson Soup Mix in Grocery > Instant Foods. Simple product for Zephrant ERP import; one internal Default variant will be created.,Piece,Carton,12,2400,250,300,0,0,5,Active
Bake Parlor Soup Mix,,,,,,,,,Grocery,Instant Foods,Soup Mix,Bake Parlor,GRO-IF-SM-BP-00508,,Bake Parlor Soup Mix in Grocery > Instant Foods. Simple product for Zephrant ERP import; one internal Default variant will be created.,Piece,Carton,12,2400,250,300,0,0,5,Active
Mitchell's Canned Beans,,,,,,,,,Grocery,Canned & Packed Foods,Canned Beans,Mitchell's,GRO-CPF-CB-MS-00509,,Mitchell's Canned Beans in Grocery > Canned & Packed Foods. Simple product for Zephrant ERP import; one internal Default variant will be created.,Piece,Carton,12,2400,250,300,0,0,5,Active
Sufi Canned Beans,,,,,,,,,Grocery,Canned & Packed Foods,Canned Beans,Sufi,GRO-CPF-CB-SUFI-00510,,Sufi Canned Beans in Grocery > Canned & Packed Foods. Simple product for Zephrant ERP import; one internal Default variant will be created.,Piece,Carton,12,2400,250,300,0,0,5,Active
Young's Canned Beans,,,,,,,,,Grocery,Canned & Packed Foods,Canned Beans,Young's,GRO-CPF-CB-YS-00511,,Young's Canned Beans in Grocery > Canned & Packed Foods. Simple product for Zephrant ERP import; one internal Default variant will be created.,Piece,Carton,12,2400,250,300,0,0,5,Active
American Garden Canned Beans,,,,,,,,,Grocery,Canned & Packed Foods,Canned Beans,American Garden,GRO-CPF-CB-AG-00512,,American Garden Canned Beans in Grocery > Canned & Packed Foods. Simple product for Zephrant ERP import; one internal Default variant will be created.,Piece,Carton,12,2400,250,300,0,0,5,Active
Mitchell's Canned Corn,,,,,,,,,Grocery,Canned & Packed Foods,Canned Corn,Mitchell's,GRO-CPF-CC-MS-00513,,Mitchell's Canned Corn in Grocery > Canned & Packed Foods. Simple product for Zephrant ERP import; one internal Default variant will be created.,Piece,Carton,12,2400,250,300,0,0,5,Active
Sufi Canned Corn,,,,,,,,,Grocery,Canned & Packed Foods,Canned Corn,Sufi,GRO-CPF-CC-SUFI-00514,,Sufi Canned Corn in Grocery > Canned & Packed Foods. Simple product for Zephrant ERP import; one internal Default variant will be created.,Piece,Carton,12,2400,250,300,0,0,5,Active
Young's Canned Corn,,,,,,,,,Grocery,Canned & Packed Foods,Canned Corn,Young's,GRO-CPF-CC-YS-00515,,Young's Canned Corn in Grocery > Canned & Packed Foods. Simple product for Zephrant ERP import; one internal Default variant will be created.,Piece,Carton,12,2400,250,300,0,0,5,Active
American Garden Canned Corn,,,,,,,,,Grocery,Canned & Packed Foods,Canned Corn,American Garden,GRO-CPF-CC-AG-00516,,American Garden Canned Corn in Grocery > Canned & Packed Foods. Simple product for Zephrant ERP import; one internal Default variant will be created.,Piece,Carton,12,2400,250,300,0,0,5,Active
Mitchell's Canned Peas,,,,,,,,,Grocery,Canned & Packed Foods,Canned Peas,Mitchell's,GRO-CPF-CP-MS-00517,,Mitchell's Canned Peas in Grocery > Canned & Packed Foods. Simple product for Zephrant ERP import; one internal Default variant will be created.,Piece,Carton,12,2400,250,300,0,0,5,Active
Sufi Canned Peas,,,,,,,,,Grocery,Canned & Packed Foods,Canned Peas,Sufi,GRO-CPF-CP-SUFI-00518,,Sufi Canned Peas in Grocery > Canned & Packed Foods. Simple product for Zephrant ERP import; one internal Default variant will be created.,Piece,Carton,12,2400,250,300,0,0,5,Active
Young's Canned Peas,,,,,,,,,Grocery,Canned & Packed Foods,Canned Peas,Young's,GRO-CPF-CP-YS-00519,,Young's Canned Peas in Grocery > Canned & Packed Foods. Simple product for Zephrant ERP import; one internal Default variant will be created.,Piece,Carton,12,2400,250,300,0,0,5,Active
American Garden Canned Peas,,,,,,,,,Grocery,Canned & Packed Foods,Canned Peas,American Garden,GRO-CPF-CP-AG-00520,,American Garden Canned Peas in Grocery > Canned & Packed Foods. Simple product for Zephrant ERP import; one internal Default variant will be created.,Piece,Carton,12,2400,250,300,0,0,5,Active
Mitchell's Canned Fruits,,,,,,,,,Grocery,Canned & Packed Foods,Canned Fruits,Mitchell's,GRO-CPF-CF-MS-00521,,Mitchell's Canned Fruits in Grocery > Canned & Packed Foods. Simple product for Zephrant ERP import; one internal Default variant will be created.,Piece,Carton,12,2400,250,300,0,0,5,Active
Sufi Canned Fruits,,,,,,,,,Grocery,Canned & Packed Foods,Canned Fruits,Sufi,GRO-CPF-CF-SUFI-00522,,Sufi Canned Fruits in Grocery > Canned & Packed Foods. Simple product for Zephrant ERP import; one internal Default variant will be created.,Piece,Carton,12,2400,250,300,0,0,5,Active
Young's Canned Fruits,,,,,,,,,Grocery,Canned & Packed Foods,Canned Fruits,Young's,GRO-CPF-CF-YS-00523,,Young's Canned Fruits in Grocery > Canned & Packed Foods. Simple product for Zephrant ERP import; one internal Default variant will be created.,Piece,Carton,12,2400,250,300,0,0,5,Active
American Garden Canned Fruits,,,,,,,,,Grocery,Canned & Packed Foods,Canned Fruits,American Garden,GRO-CPF-CF-AG-00524,,American Garden Canned Fruits in Grocery > Canned & Packed Foods. Simple product for Zephrant ERP import; one internal Default variant will be created.,Piece,Carton,12,2400,250,300,0,0,5,Active
Mitchell's Tomato Paste,,,,,,,,,Grocery,Canned & Packed Foods,Tomato Paste,Mitchell's,GRO-CPF-TP-MS-00525,,Mitchell's Tomato Paste in Grocery > Canned & Packed Foods. Simple product for Zephrant ERP import; one internal Default variant will be created.,Piece,Carton,12,2400,250,300,0,0,5,Active
Sufi Tomato Paste,,,,,,,,,Grocery,Canned & Packed Foods,Tomato Paste,Sufi,GRO-CPF-TP-SUFI-00526,,Sufi Tomato Paste in Grocery > Canned & Packed Foods. Simple product for Zephrant ERP import; one internal Default variant will be created.,Piece,Carton,12,2400,250,300,0,0,5,Active
Young's Tomato Paste,,,,,,,,,Grocery,Canned & Packed Foods,Tomato Paste,Young's,GRO-CPF-TP-YS-00527,,Young's Tomato Paste in Grocery > Canned & Packed Foods. Simple product for Zephrant ERP import; one internal Default variant will be created.,Piece,Carton,12,2400,250,300,0,0,5,Active
American Garden Tomato Paste,,,,,,,,,Grocery,Canned & Packed Foods,Tomato Paste,American Garden,GRO-CPF-TP-AG-00528,,American Garden Tomato Paste in Grocery > Canned & Packed Foods. Simple product for Zephrant ERP import; one internal Default variant will be created.,Piece,Carton,12,2400,250,300,0,0,5,Active
Mitchell's Tomato Puree,,,,,,,,,Grocery,Canned & Packed Foods,Tomato Puree,Mitchell's,GRO-CPF-TP-MS-00529,,Mitchell's Tomato Puree in Grocery > Canned & Packed Foods. Simple product for Zephrant ERP import; one internal Default variant will be created.,Piece,Carton,12,2400,250,300,0,0,5,Active
Sufi Tomato Puree,,,,,,,,,Grocery,Canned & Packed Foods,Tomato Puree,Sufi,GRO-CPF-TP-SUFI-00530,,Sufi Tomato Puree in Grocery > Canned & Packed Foods. Simple product for Zephrant ERP import; one internal Default variant will be created.,Piece,Carton,12,2400,250,300,0,0,5,Active
Young's Tomato Puree,,,,,,,,,Grocery,Canned & Packed Foods,Tomato Puree,Young's,GRO-CPF-TP-YS-00531,,Young's Tomato Puree in Grocery > Canned & Packed Foods. Simple product for Zephrant ERP import; one internal Default variant will be created.,Piece,Carton,12,2400,250,300,0,0,5,Active
American Garden Tomato Puree,,,,,,,,,Grocery,Canned & Packed Foods,Tomato Puree,American Garden,GRO-CPF-TP-AG-00532,,American Garden Tomato Puree in Grocery > Canned & Packed Foods. Simple product for Zephrant ERP import; one internal Default variant will be created.,Piece,Carton,12,2400,250,300,0,0,5,Active
Nestle Corn Flakes,,,,,,,,,Grocery,Breakfast Foods & Cereals,Corn Flakes,Nestle,GRO-BFC-CF-NEST-00533,,Nestle Corn Flakes in Grocery > Breakfast Foods & Cereals. Simple product for Zephrant ERP import; one internal Default variant will be created.,Piece,Carton,12,2400,250,300,0,0,5,Active
Kellogg's Corn Flakes,,,,,,,,,Grocery,Breakfast Foods & Cereals,Corn Flakes,Kellogg's,GRO-BFC-CF-KS-00534,,Kellogg's Corn Flakes in Grocery > Breakfast Foods & Cereals. Simple product for Zephrant ERP import; one internal Default variant will be created.,Piece,Carton,12,2400,250,300,0,0,5,Active
Quaker Corn Flakes,,,,,,,,,Grocery,Breakfast Foods & Cereals,Corn Flakes,Quaker,GRO-BFC-CF-QUAK-00535,,Quaker Corn Flakes in Grocery > Breakfast Foods & Cereals. Simple product for Zephrant ERP import; one internal Default variant will be created.,Piece,Carton,12,2400,250,300,0,0,5,Active
Weetabix Corn Flakes,,,,,,,,,Grocery,Breakfast Foods & Cereals,Corn Flakes,Weetabix,GRO-BFC-CF-WEET-00536,,Weetabix Corn Flakes in Grocery > Breakfast Foods & Cereals. Simple product for Zephrant ERP import; one internal Default variant will be created.,Piece,Carton,12,2400,250,300,0,0,5,Active
Nestle Choco Flakes,,,,,,,,,Grocery,Breakfast Foods & Cereals,Choco Flakes,Nestle,GRO-BFC-CF-NEST-00537,,Nestle Choco Flakes in Grocery > Breakfast Foods & Cereals. Simple product for Zephrant ERP import; one internal Default variant will be created.,Piece,Carton,12,2400,250,300,0,0,5,Active
Kellogg's Choco Flakes,,,,,,,,,Grocery,Breakfast Foods & Cereals,Choco Flakes,Kellogg's,GRO-BFC-CF-KS-00538,,Kellogg's Choco Flakes in Grocery > Breakfast Foods & Cereals. Simple product for Zephrant ERP import; one internal Default variant will be created.,Piece,Carton,12,2400,250,300,0,0,5,Active
Quaker Choco Flakes,,,,,,,,,Grocery,Breakfast Foods & Cereals,Choco Flakes,Quaker,GRO-BFC-CF-QUAK-00539,,Quaker Choco Flakes in Grocery > Breakfast Foods & Cereals. Simple product for Zephrant ERP import; one internal Default variant will be created.,Piece,Carton,12,2400,250,300,0,0,5,Active
Weetabix Choco Flakes,,,,,,,,,Grocery,Breakfast Foods & Cereals,Choco Flakes,Weetabix,GRO-BFC-CF-WEET-00540,,Weetabix Choco Flakes in Grocery > Breakfast Foods & Cereals. Simple product for Zephrant ERP import; one internal Default variant will be created.,Piece,Carton,12,2400,250,300,0,0,5,Active
Nestle Muesli,,,,,,,,,Grocery,Breakfast Foods & Cereals,Muesli,Nestle,GRO-BFC-MUES-NEST-00541,,Nestle Muesli in Grocery > Breakfast Foods & Cereals. Simple product for Zephrant ERP import; one internal Default variant will be created.,Piece,Carton,12,2400,250,300,0,0,5,Active
Kellogg's Muesli,,,,,,,,,Grocery,Breakfast Foods & Cereals,Muesli,Kellogg's,GRO-BFC-MUES-KS-00542,,Kellogg's Muesli in Grocery > Breakfast Foods & Cereals. Simple product for Zephrant ERP import; one internal Default variant will be created.,Piece,Carton,12,2400,250,300,0,0,5,Active
Quaker Muesli,,,,,,,,,Grocery,Breakfast Foods & Cereals,Muesli,Quaker,GRO-BFC-MUES-QUAK-00543,,Quaker Muesli in Grocery > Breakfast Foods & Cereals. Simple product for Zephrant ERP import; one internal Default variant will be created.,Piece,Carton,12,2400,250,300,0,0,5,Active
Weetabix Muesli,,,,,,,,,Grocery,Breakfast Foods & Cereals,Muesli,Weetabix,GRO-BFC-MUES-WEET-00544,,Weetabix Muesli in Grocery > Breakfast Foods & Cereals. Simple product for Zephrant ERP import; one internal Default variant will be created.,Piece,Carton,12,2400,250,300,0,0,5,Active
Nestle Oatmeal,,,,,,,,,Grocery,Breakfast Foods & Cereals,Oatmeal,Nestle,GRO-BFC-OATM-NEST-00545,,Nestle Oatmeal in Grocery > Breakfast Foods & Cereals. Simple product for Zephrant ERP import; one internal Default variant will be created.,Piece,Carton,12,2400,250,300,0,0,5,Active
Kellogg's Oatmeal,,,,,,,,,Grocery,Breakfast Foods & Cereals,Oatmeal,Kellogg's,GRO-BFC-OATM-KS-00546,,Kellogg's Oatmeal in Grocery > Breakfast Foods & Cereals. Simple product for Zephrant ERP import; one internal Default variant will be created.,Piece,Carton,12,2400,250,300,0,0,5,Active
Quaker Oatmeal,,,,,,,,,Grocery,Breakfast Foods & Cereals,Oatmeal,Quaker,GRO-BFC-OATM-QUAK-00547,,Quaker Oatmeal in Grocery > Breakfast Foods & Cereals. Simple product for Zephrant ERP import; one internal Default variant will be created.,Piece,Carton,12,2400,250,300,0,0,5,Active
Weetabix Oatmeal,,,,,,,,,Grocery,Breakfast Foods & Cereals,Oatmeal,Weetabix,GRO-BFC-OATM-WEET-00548,,Weetabix Oatmeal in Grocery > Breakfast Foods & Cereals. Simple product for Zephrant ERP import; one internal Default variant will be created.,Piece,Carton,12,2400,250,300,0,0,5,Active
Nestle Breakfast Cereal,,,,,,,,,Grocery,Breakfast Foods & Cereals,Breakfast Cereal,Nestle,GRO-BFC-BC-NEST-00549,,Nestle Breakfast Cereal in Grocery > Breakfast Foods & Cereals. Simple product for Zephrant ERP import; one internal Default variant will be created.,Piece,Carton,12,2400,250,300,0,0,5,Active
Kellogg's Breakfast Cereal,,,,,,,,,Grocery,Breakfast Foods & Cereals,Breakfast Cereal,Kellogg's,GRO-BFC-BC-KS-00550,,Kellogg's Breakfast Cereal in Grocery > Breakfast Foods & Cereals. Simple product for Zephrant ERP import; one internal Default variant will be created.,Piece,Carton,12,2400,250,300,0,0,5,Active
Quaker Breakfast Cereal,,,,,,,,,Grocery,Breakfast Foods & Cereals,Breakfast Cereal,Quaker,GRO-BFC-BC-QUAK-00551,,Quaker Breakfast Cereal in Grocery > Breakfast Foods & Cereals. Simple product for Zephrant ERP import; one internal Default variant will be created.,Piece,Carton,12,2400,250,300,0,0,5,Active
Weetabix Breakfast Cereal,,,,,,,,,Grocery,Breakfast Foods & Cereals,Breakfast Cereal,Weetabix,GRO-BFC-BC-WEET-00552,,Weetabix Breakfast Cereal in Grocery > Breakfast Foods & Cereals. Simple product for Zephrant ERP import; one internal Default variant will be created.,Piece,Carton,12,2400,250,300,0,0,5,Active
Sattu,,,,,,,,,Grocery,Traditional Foods,Sattu,Store Brand,GRO-TF-SATT-SB-00553,,Sattu in Grocery > Traditional Foods. Simple product for Zephrant ERP import; one internal Default variant will be created.,KG,Bag,50,12000,280,300,0,0,10,Active
Sattu,,,,,,,,,Grocery,Traditional Foods,Sattu,Local Brand,GRO-TF-SATT-LB-00554,,Sattu in Grocery > Traditional Foods. Simple product for Zephrant ERP import; one internal Default variant will be created.,KG,Bag,50,12000,280,300,0,0,10,Active
Rehmat-e-Shereen Sattu,,,,,,,,,Grocery,Traditional Foods,Sattu,Rehmat-e-Shereen,GRO-TF-SATT-RES-00555,,Rehmat-e-Shereen Sattu in Grocery > Traditional Foods. Simple product for Zephrant ERP import; one internal Default variant will be created.,KG,Bag,50,12000,280,300,0,0,10,Active
United King Sattu,,,,,,,,,Grocery,Traditional Foods,Sattu,United King,GRO-TF-SATT-UK-00556,,United King Sattu in Grocery > Traditional Foods. Simple product for Zephrant ERP import; one internal Default variant will be created.,KG,Bag,50,12000,280,300,0,0,10,Active
Dalia,,,,,,,,,Grocery,Traditional Foods,Dalia,Store Brand,GRO-TF-DALI-SB-00557,,Dalia in Grocery > Traditional Foods. Simple product for Zephrant ERP import; one internal Default variant will be created.,KG,Bag,50,12000,280,300,0,0,10,Active
Dalia,,,,,,,,,Grocery,Traditional Foods,Dalia,Local Brand,GRO-TF-DALI-LB-00558,,Dalia in Grocery > Traditional Foods. Simple product for Zephrant ERP import; one internal Default variant will be created.,KG,Bag,50,12000,280,300,0,0,10,Active
Rehmat-e-Shereen Dalia,,,,,,,,,Grocery,Traditional Foods,Dalia,Rehmat-e-Shereen,GRO-TF-DALI-RES-00559,,Rehmat-e-Shereen Dalia in Grocery > Traditional Foods. Simple product for Zephrant ERP import; one internal Default variant will be created.,KG,Bag,50,12000,280,300,0,0,10,Active
United King Dalia,,,,,,,,,Grocery,Traditional Foods,Dalia,United King,GRO-TF-DALI-UK-00560,,United King Dalia in Grocery > Traditional Foods. Simple product for Zephrant ERP import; one internal Default variant will be created.,KG,Bag,50,12000,280,300,0,0,10,Active
Roasted Chana,,,,,,,,,Grocery,Traditional Foods,Roasted Chana,Store Brand,GRO-TF-RC-SB-00561,,Roasted Chana in Grocery > Traditional Foods. Simple product for Zephrant ERP import; one internal Default variant will be created.,KG,Bag,50,12000,280,300,0,0,10,Active
Roasted Chana,,,,,,,,,Grocery,Traditional Foods,Roasted Chana,Local Brand,GRO-TF-RC-LB-00562,,Roasted Chana in Grocery > Traditional Foods. Simple product for Zephrant ERP import; one internal Default variant will be created.,KG,Bag,50,12000,280,300,0,0,10,Active
Rehmat-e-Shereen Roasted Chana,,,,,,,,,Grocery,Traditional Foods,Roasted Chana,Rehmat-e-Shereen,GRO-TF-RC-RES-00563,,Rehmat-e-Shereen Roasted Chana in Grocery > Traditional Foods. Simple product for Zephrant ERP import; one internal Default variant will be created.,KG,Bag,50,12000,280,300,0,0,10,Active
United King Roasted Chana,,,,,,,,,Grocery,Traditional Foods,Roasted Chana,United King,GRO-TF-RC-UK-00564,,United King Roasted Chana in Grocery > Traditional Foods. Simple product for Zephrant ERP import; one internal Default variant will be created.,KG,Bag,50,12000,280,300,0,0,10,Active
Murmura,,,,,,,,,Grocery,Traditional Foods,Murmura,Store Brand,GRO-TF-MURM-SB-00565,,Murmura in Grocery > Traditional Foods. Simple product for Zephrant ERP import; one internal Default variant will be created.,KG,Bag,50,12000,280,300,0,0,10,Active
Murmura,,,,,,,,,Grocery,Traditional Foods,Murmura,Local Brand,GRO-TF-MURM-LB-00566,,Murmura in Grocery > Traditional Foods. Simple product for Zephrant ERP import; one internal Default variant will be created.,KG,Bag,50,12000,280,300,0,0,10,Active
Rehmat-e-Shereen Murmura,,,,,,,,,Grocery,Traditional Foods,Murmura,Rehmat-e-Shereen,GRO-TF-MURM-RES-00567,,Rehmat-e-Shereen Murmura in Grocery > Traditional Foods. Simple product for Zephrant ERP import; one internal Default variant will be created.,KG,Bag,50,12000,280,300,0,0,10,Active
United King Murmura,,,,,,,,,Grocery,Traditional Foods,Murmura,United King,GRO-TF-MURM-UK-00568,,United King Murmura in Grocery > Traditional Foods. Simple product for Zephrant ERP import; one internal Default variant will be created.,KG,Bag,50,12000,280,300,0,0,10,Active
Panjeeri,,,,,,,,,Grocery,Traditional Foods,Panjeeri,Store Brand,GRO-TF-PANJ-SB-00569,,Panjeeri in Grocery > Traditional Foods. Simple product for Zephrant ERP import; one internal Default variant will be created.,KG,Bag,50,12000,280,300,0,0,10,Active
Panjeeri,,,,,,,,,Grocery,Traditional Foods,Panjeeri,Local Brand,GRO-TF-PANJ-LB-00570,,Panjeeri in Grocery > Traditional Foods. Simple product for Zephrant ERP import; one internal Default variant will be created.,KG,Bag,50,12000,280,300,0,0,10,Active
Rehmat-e-Shereen Panjeeri,,,,,,,,,Grocery,Traditional Foods,Panjeeri,Rehmat-e-Shereen,GRO-TF-PANJ-RES-00571,,Rehmat-e-Shereen Panjeeri in Grocery > Traditional Foods. Simple product for Zephrant ERP import; one internal Default variant will be created.,KG,Bag,50,12000,280,300,0,0,10,Active
United King Panjeeri,,,,,,,,,Grocery,Traditional Foods,Panjeeri,United King,GRO-TF-PANJ-UK-00572,,United King Panjeeri in Grocery > Traditional Foods. Simple product for Zephrant ERP import; one internal Default variant will be created.,KG,Bag,50,12000,280,300,0,0,10,Active
Desi Gur,,,,,,,,,Grocery,Traditional Foods,Desi Gur,Store Brand,GRO-TF-DG-SB-00573,,Desi Gur in Grocery > Traditional Foods. Simple product for Zephrant ERP import; one internal Default variant will be created.,KG,Bag,50,12000,280,300,0,0,10,Active
Desi Gur,,,,,,,,,Grocery,Traditional Foods,Desi Gur,Local Brand,GRO-TF-DG-LB-00574,,Desi Gur in Grocery > Traditional Foods. Simple product for Zephrant ERP import; one internal Default variant will be created.,KG,Bag,50,12000,280,300,0,0,10,Active
Rehmat-e-Shereen Desi Gur,,,,,,,,,Grocery,Traditional Foods,Desi Gur,Rehmat-e-Shereen,GRO-TF-DG-RES-00575,,Rehmat-e-Shereen Desi Gur in Grocery > Traditional Foods. Simple product for Zephrant ERP import; one internal Default variant will be created.,KG,Bag,50,12000,280,300,0,0,10,Active
United King Desi Gur,,,,,,,,,Grocery,Traditional Foods,Desi Gur,United King,GRO-TF-DG-UK-00576,,United King Desi Gur in Grocery > Traditional Foods. Simple product for Zephrant ERP import; one internal Default variant will be created.,KG,Bag,50,12000,280,300,0,0,10,Active
Young's Honey,,,,,,,,,Grocery,Honey & Spreads,Honey,Young's,GRO-HS-HONE-YS-00577,,Young's Honey in Grocery > Honey & Spreads. Simple product for Zephrant ERP import; one internal Default variant will be created.,Piece,Carton,12,2400,250,300,0,0,5,Active
Mitchell's Honey,,,,,,,,,Grocery,Honey & Spreads,Honey,Mitchell's,GRO-HS-HONE-MS-00578,,Mitchell's Honey in Grocery > Honey & Spreads. Simple product for Zephrant ERP import; one internal Default variant will be created.,Piece,Carton,12,2400,250,300,0,0,5,Active
American Garden Honey,,,,,,,,,Grocery,Honey & Spreads,Honey,American Garden,GRO-HS-HONE-AG-00579,,American Garden Honey in Grocery > Honey & Spreads. Simple product for Zephrant ERP import; one internal Default variant will be created.,Piece,Carton,12,2400,250,300,0,0,5,Active
Nutella Honey,,,,,,,,,Grocery,Honey & Spreads,Honey,Nutella,GRO-HS-HONE-NUTE-00580,,Nutella Honey in Grocery > Honey & Spreads. Simple product for Zephrant ERP import; one internal Default variant will be created.,Piece,Carton,12,2400,250,300,0,0,5,Active
Young's Chocolate Spread,,,,,,,,,Grocery,Honey & Spreads,Chocolate Spread,Young's,GRO-HS-CS-YS-00581,,Young's Chocolate Spread in Grocery > Honey & Spreads. Simple product for Zephrant ERP import; one internal Default variant will be created.,Piece,Box,24,1200,70,80,0,0,10,Active
Mitchell's Chocolate Spread,,,,,,,,,Grocery,Honey & Spreads,Chocolate Spread,Mitchell's,GRO-HS-CS-MS-00582,,Mitchell's Chocolate Spread in Grocery > Honey & Spreads. Simple product for Zephrant ERP import; one internal Default variant will be created.,Piece,Box,24,1200,70,80,0,0,10,Active
American Garden Chocolate Spread,,,,,,,,,Grocery,Honey & Spreads,Chocolate Spread,American Garden,GRO-HS-CS-AG-00583,,American Garden Chocolate Spread in Grocery > Honey & Spreads. Simple product for Zephrant ERP import; one internal Default variant will be created.,Piece,Box,24,1200,70,80,0,0,10,Active
Nutella Chocolate Spread,,,,,,,,,Grocery,Honey & Spreads,Chocolate Spread,Nutella,GRO-HS-CS-NUTE-00584,,Nutella Chocolate Spread in Grocery > Honey & Spreads. Simple product for Zephrant ERP import; one internal Default variant will be created.,Piece,Box,24,1200,70,80,0,0,10,Active
Young's Peanut Butter,,,,,,,,,Grocery,Honey & Spreads,Peanut Butter,Young's,GRO-HS-PB-YS-00585,,Young's Peanut Butter in Grocery > Honey & Spreads. Simple product for Zephrant ERP import; one internal Default variant will be created.,Piece,Carton,12,2400,250,300,0,0,5,Active
Mitchell's Peanut Butter,,,,,,,,,Grocery,Honey & Spreads,Peanut Butter,Mitchell's,GRO-HS-PB-MS-00586,,Mitchell's Peanut Butter in Grocery > Honey & Spreads. Simple product for Zephrant ERP import; one internal Default variant will be created.,Piece,Carton,12,2400,250,300,0,0,5,Active
American Garden Peanut Butter,,,,,,,,,Grocery,Honey & Spreads,Peanut Butter,American Garden,GRO-HS-PB-AG-00587,,American Garden Peanut Butter in Grocery > Honey & Spreads. Simple product for Zephrant ERP import; one internal Default variant will be created.,Piece,Carton,12,2400,250,300,0,0,5,Active
Nutella Peanut Butter,,,,,,,,,Grocery,Honey & Spreads,Peanut Butter,Nutella,GRO-HS-PB-NUTE-00588,,Nutella Peanut Butter in Grocery > Honey & Spreads. Simple product for Zephrant ERP import; one internal Default variant will be created.,Piece,Carton,12,2400,250,300,0,0,5,Active
Young's Jam,,,,,,,,,Grocery,Honey & Spreads,Jam,Young's,GRO-HS-JAM-YS-00589,,Young's Jam in Grocery > Honey & Spreads. Simple product for Zephrant ERP import; one internal Default variant will be created.,Piece,Carton,12,2400,250,300,0,0,5,Active
Mitchell's Jam,,,,,,,,,Grocery,Honey & Spreads,Jam,Mitchell's,GRO-HS-JAM-MS-00590,,Mitchell's Jam in Grocery > Honey & Spreads. Simple product for Zephrant ERP import; one internal Default variant will be created.,Piece,Carton,12,2400,250,300,0,0,5,Active
American Garden Jam,,,,,,,,,Grocery,Honey & Spreads,Jam,American Garden,GRO-HS-JAM-AG-00591,,American Garden Jam in Grocery > Honey & Spreads. Simple product for Zephrant ERP import; one internal Default variant will be created.,Piece,Carton,12,2400,250,300,0,0,5,Active
Nutella Jam,,,,,,,,,Grocery,Honey & Spreads,Jam,Nutella,GRO-HS-JAM-NUTE-00592,,Nutella Jam in Grocery > Honey & Spreads. Simple product for Zephrant ERP import; one internal Default variant will be created.,Piece,Carton,12,2400,250,300,0,0,5,Active
Young's Marmalade,,,,,,,,,Grocery,Honey & Spreads,Marmalade,Young's,GRO-HS-MARM-YS-00593,,Young's Marmalade in Grocery > Honey & Spreads. Simple product for Zephrant ERP import; one internal Default variant will be created.,Piece,Carton,12,2400,250,300,0,0,5,Active
Mitchell's Marmalade,,,,,,,,,Grocery,Honey & Spreads,Marmalade,Mitchell's,GRO-HS-MARM-MS-00594,,Mitchell's Marmalade in Grocery > Honey & Spreads. Simple product for Zephrant ERP import; one internal Default variant will be created.,Piece,Carton,12,2400,250,300,0,0,5,Active
American Garden Marmalade,,,,,,,,,Grocery,Honey & Spreads,Marmalade,American Garden,GRO-HS-MARM-AG-00595,,American Garden Marmalade in Grocery > Honey & Spreads. Simple product for Zephrant ERP import; one internal Default variant will be created.,Piece,Carton,12,2400,250,300,0,0,5,Active
Nutella Marmalade,,,,,,,,,Grocery,Honey & Spreads,Marmalade,Nutella,GRO-HS-MARM-NUTE-00596,,Nutella Marmalade in Grocery > Honey & Spreads. Simple product for Zephrant ERP import; one internal Default variant will be created.,Piece,Carton,12,2400,250,300,0,0,5,Active
National White Vinegar,,,,,,,,,Grocery,Vinegar & Cooking Essences,White Vinegar,National,GRO-VCE-WV-NATI-00597,,National White Vinegar in Grocery > Vinegar & Cooking Essences. Simple product for Zephrant ERP import; one internal Default variant will be created.,Liter,Carton,12,12000,450,500,0,0,5,Active
Shangrila White Vinegar,,,,,,,,,Grocery,Vinegar & Cooking Essences,White Vinegar,Shangrila,GRO-VCE-WV-SHAN-00598,,Shangrila White Vinegar in Grocery > Vinegar & Cooking Essences. Simple product for Zephrant ERP import; one internal Default variant will be created.,Liter,Carton,12,12000,450,500,0,0,5,Active
Mitchell's White Vinegar,,,,,,,,,Grocery,Vinegar & Cooking Essences,White Vinegar,Mitchell's,GRO-VCE-WV-MS-00599,,Mitchell's White Vinegar in Grocery > Vinegar & Cooking Essences. Simple product for Zephrant ERP import; one internal Default variant will be created.,Liter,Carton,12,12000,450,500,0,0,5,Active
Foster Clark's White Vinegar,,,,,,,,,Grocery,Vinegar & Cooking Essences,White Vinegar,Foster Clark's,GRO-VCE-WV-FCS-00600,,Foster Clark's White Vinegar in Grocery > Vinegar & Cooking Essences. Simple product for Zephrant ERP import; one internal Default variant will be created.,Liter,Carton,12,12000,450,500,0,0,5,Active
National Apple Cider Vinegar,,,,,,,,,Grocery,Vinegar & Cooking Essences,Apple Cider Vinegar,National,GRO-VCE-ACV-NATI-00601,,National Apple Cider Vinegar in Grocery > Vinegar & Cooking Essences. Simple product for Zephrant ERP import; one internal Default variant will be created.,Liter,Carton,12,12000,450,500,0,0,5,Active
Shangrila Apple Cider Vinegar,,,,,,,,,Grocery,Vinegar & Cooking Essences,Apple Cider Vinegar,Shangrila,GRO-VCE-ACV-SHAN-00602,,Shangrila Apple Cider Vinegar in Grocery > Vinegar & Cooking Essences. Simple product for Zephrant ERP import; one internal Default variant will be created.,Liter,Carton,12,12000,450,500,0,0,5,Active
Mitchell's Apple Cider Vinegar,,,,,,,,,Grocery,Vinegar & Cooking Essences,Apple Cider Vinegar,Mitchell's,GRO-VCE-ACV-MS-00603,,Mitchell's Apple Cider Vinegar in Grocery > Vinegar & Cooking Essences. Simple product for Zephrant ERP import; one internal Default variant will be created.,Liter,Carton,12,12000,450,500,0,0,5,Active
Foster Clark's Apple Cider Vinegar,,,,,,,,,Grocery,Vinegar & Cooking Essences,Apple Cider Vinegar,Foster Clark's,GRO-VCE-ACV-FCS-00604,,Foster Clark's Apple Cider Vinegar in Grocery > Vinegar & Cooking Essences. Simple product for Zephrant ERP import; one internal Default variant will be created.,Liter,Carton,12,12000,450,500,0,0,5,Active
National Synthetic Vinegar,,,,,,,,,Grocery,Vinegar & Cooking Essences,Synthetic Vinegar,National,GRO-VCE-SV-NATI-00605,,National Synthetic Vinegar in Grocery > Vinegar & Cooking Essences. Simple product for Zephrant ERP import; one internal Default variant will be created.,Liter,Carton,12,12000,450,500,0,0,5,Active
Shangrila Synthetic Vinegar,,,,,,,,,Grocery,Vinegar & Cooking Essences,Synthetic Vinegar,Shangrila,GRO-VCE-SV-SHAN-00606,,Shangrila Synthetic Vinegar in Grocery > Vinegar & Cooking Essences. Simple product for Zephrant ERP import; one internal Default variant will be created.,Liter,Carton,12,12000,450,500,0,0,5,Active
Mitchell's Synthetic Vinegar,,,,,,,,,Grocery,Vinegar & Cooking Essences,Synthetic Vinegar,Mitchell's,GRO-VCE-SV-MS-00607,,Mitchell's Synthetic Vinegar in Grocery > Vinegar & Cooking Essences. Simple product for Zephrant ERP import; one internal Default variant will be created.,Liter,Carton,12,12000,450,500,0,0,5,Active
Foster Clark's Synthetic Vinegar,,,,,,,,,Grocery,Vinegar & Cooking Essences,Synthetic Vinegar,Foster Clark's,GRO-VCE-SV-FCS-00608,,Foster Clark's Synthetic Vinegar in Grocery > Vinegar & Cooking Essences. Simple product for Zephrant ERP import; one internal Default variant will be created.,Liter,Carton,12,12000,450,500,0,0,5,Active
National Vanilla Essence,,,,,,,,,Grocery,Vinegar & Cooking Essences,Vanilla Essence,National,GRO-VCE-VE-NATI-00609,,National Vanilla Essence in Grocery > Vinegar & Cooking Essences. Simple product for Zephrant ERP import; one internal Default variant will be created.,Liter,Carton,12,12000,450,500,0,0,5,Active
Shangrila Vanilla Essence,,,,,,,,,Grocery,Vinegar & Cooking Essences,Vanilla Essence,Shangrila,GRO-VCE-VE-SHAN-00610,,Shangrila Vanilla Essence in Grocery > Vinegar & Cooking Essences. Simple product for Zephrant ERP import; one internal Default variant will be created.,Liter,Carton,12,12000,450,500,0,0,5,Active
Mitchell's Vanilla Essence,,,,,,,,,Grocery,Vinegar & Cooking Essences,Vanilla Essence,Mitchell's,GRO-VCE-VE-MS-00611,,Mitchell's Vanilla Essence in Grocery > Vinegar & Cooking Essences. Simple product for Zephrant ERP import; one internal Default variant will be created.,Liter,Carton,12,12000,450,500,0,0,5,Active
Foster Clark's Vanilla Essence,,,,,,,,,Grocery,Vinegar & Cooking Essences,Vanilla Essence,Foster Clark's,GRO-VCE-VE-FCS-00612,,Foster Clark's Vanilla Essence in Grocery > Vinegar & Cooking Essences. Simple product for Zephrant ERP import; one internal Default variant will be created.,Liter,Carton,12,12000,450,500,0,0,5,Active
National Kewra Essence,,,,,,,,,Grocery,Vinegar & Cooking Essences,Kewra Essence,National,GRO-VCE-KE-NATI-00613,,National Kewra Essence in Grocery > Vinegar & Cooking Essences. Simple product for Zephrant ERP import; one internal Default variant will be created.,Liter,Carton,12,12000,450,500,0,0,5,Active
Shangrila Kewra Essence,,,,,,,,,Grocery,Vinegar & Cooking Essences,Kewra Essence,Shangrila,GRO-VCE-KE-SHAN-00614,,Shangrila Kewra Essence in Grocery > Vinegar & Cooking Essences. Simple product for Zephrant ERP import; one internal Default variant will be created.,Liter,Carton,12,12000,450,500,0,0,5,Active
Mitchell's Kewra Essence,,,,,,,,,Grocery,Vinegar & Cooking Essences,Kewra Essence,Mitchell's,GRO-VCE-KE-MS-00615,,Mitchell's Kewra Essence in Grocery > Vinegar & Cooking Essences. Simple product for Zephrant ERP import; one internal Default variant will be created.,Liter,Carton,12,12000,450,500,0,0,5,Active
Foster Clark's Kewra Essence,,,,,,,,,Grocery,Vinegar & Cooking Essences,Kewra Essence,Foster Clark's,GRO-VCE-KE-FCS-00616,,Foster Clark's Kewra Essence in Grocery > Vinegar & Cooking Essences. Simple product for Zephrant ERP import; one internal Default variant will be created.,Liter,Carton,12,12000,450,500,0,0,5,Active
Mitchell's Mixed Fruit Jam,,,,,,,,,Grocery,Jams & Marmalades,Mixed Fruit Jam,Mitchell's,GRO-JM-MFJ-MS-00617,,Mitchell's Mixed Fruit Jam in Grocery > Jams & Marmalades. Simple product for Zephrant ERP import; one internal Default variant will be created.,Piece,Carton,12,2400,250,300,0,0,5,Active
National Mixed Fruit Jam,,,,,,,,,Grocery,Jams & Marmalades,Mixed Fruit Jam,National,GRO-JM-MFJ-NATI-00618,,National Mixed Fruit Jam in Grocery > Jams & Marmalades. Simple product for Zephrant ERP import; one internal Default variant will be created.,Piece,Carton,12,2400,250,300,0,0,5,Active
Young's Mixed Fruit Jam,,,,,,,,,Grocery,Jams & Marmalades,Mixed Fruit Jam,Young's,GRO-JM-MFJ-YS-00619,,Young's Mixed Fruit Jam in Grocery > Jams & Marmalades. Simple product for Zephrant ERP import; one internal Default variant will be created.,Piece,Carton,12,2400,250,300,0,0,5,Active
American Garden Mixed Fruit Jam,,,,,,,,,Grocery,Jams & Marmalades,Mixed Fruit Jam,American Garden,GRO-JM-MFJ-AG-00620,,American Garden Mixed Fruit Jam in Grocery > Jams & Marmalades. Simple product for Zephrant ERP import; one internal Default variant will be created.,Piece,Carton,12,2400,250,300,0,0,5,Active
Mitchell's Strawberry Jam,,,,,,,,,Grocery,Jams & Marmalades,Strawberry Jam,Mitchell's,GRO-JM-SJ-MS-00621,,Mitchell's Strawberry Jam in Grocery > Jams & Marmalades. Simple product for Zephrant ERP import; one internal Default variant will be created.,Piece,Carton,12,2400,250,300,0,0,5,Active
National Strawberry Jam,,,,,,,,,Grocery,Jams & Marmalades,Strawberry Jam,National,GRO-JM-SJ-NATI-00622,,National Strawberry Jam in Grocery > Jams & Marmalades. Simple product for Zephrant ERP import; one internal Default variant will be created.,Piece,Carton,12,2400,250,300,0,0,5,Active
Young's Strawberry Jam,,,,,,,,,Grocery,Jams & Marmalades,Strawberry Jam,Young's,GRO-JM-SJ-YS-00623,,Young's Strawberry Jam in Grocery > Jams & Marmalades. Simple product for Zephrant ERP import; one internal Default variant will be created.,Piece,Carton,12,2400,250,300,0,0,5,Active
American Garden Strawberry Jam,,,,,,,,,Grocery,Jams & Marmalades,Strawberry Jam,American Garden,GRO-JM-SJ-AG-00624,,American Garden Strawberry Jam in Grocery > Jams & Marmalades. Simple product for Zephrant ERP import; one internal Default variant will be created.,Piece,Carton,12,2400,250,300,0,0,5,Active
Mitchell's Mango Jam,,,,,,,,,Grocery,Jams & Marmalades,Mango Jam,Mitchell's,GRO-JM-MJ-MS-00625,,Mitchell's Mango Jam in Grocery > Jams & Marmalades. Simple product for Zephrant ERP import; one internal Default variant will be created.,Piece,Carton,12,2400,250,300,0,0,5,Active
National Mango Jam,,,,,,,,,Grocery,Jams & Marmalades,Mango Jam,National,GRO-JM-MJ-NATI-00626,,National Mango Jam in Grocery > Jams & Marmalades. Simple product for Zephrant ERP import; one internal Default variant will be created.,Piece,Carton,12,2400,250,300,0,0,5,Active
Young's Mango Jam,,,,,,,,,Grocery,Jams & Marmalades,Mango Jam,Young's,GRO-JM-MJ-YS-00627,,Young's Mango Jam in Grocery > Jams & Marmalades. Simple product for Zephrant ERP import; one internal Default variant will be created.,Piece,Carton,12,2400,250,300,0,0,5,Active
American Garden Mango Jam,,,,,,,,,Grocery,Jams & Marmalades,Mango Jam,American Garden,GRO-JM-MJ-AG-00628,,American Garden Mango Jam in Grocery > Jams & Marmalades. Simple product for Zephrant ERP import; one internal Default variant will be created.,Piece,Carton,12,2400,250,300,0,0,5,Active
Mitchell's Orange Marmalade,,,,,,,,,Grocery,Jams & Marmalades,Orange Marmalade,Mitchell's,GRO-JM-OM-MS-00629,,Mitchell's Orange Marmalade in Grocery > Jams & Marmalades. Simple product for Zephrant ERP import; one internal Default variant will be created.,Piece,Carton,12,2400,250,300,0,0,5,Active
National Orange Marmalade,,,,,,,,,Grocery,Jams & Marmalades,Orange Marmalade,National,GRO-JM-OM-NATI-00630,,National Orange Marmalade in Grocery > Jams & Marmalades. Simple product for Zephrant ERP import; one internal Default variant will be created.,Piece,Carton,12,2400,250,300,0,0,5,Active
Young's Orange Marmalade,,,,,,,,,Grocery,Jams & Marmalades,Orange Marmalade,Young's,GRO-JM-OM-YS-00631,,Young's Orange Marmalade in Grocery > Jams & Marmalades. Simple product for Zephrant ERP import; one internal Default variant will be created.,Piece,Carton,12,2400,250,300,0,0,5,Active
American Garden Orange Marmalade,,,,,,,,,Grocery,Jams & Marmalades,Orange Marmalade,American Garden,GRO-JM-OM-AG-00632,,American Garden Orange Marmalade in Grocery > Jams & Marmalades. Simple product for Zephrant ERP import; one internal Default variant will be created.,Piece,Carton,12,2400,250,300,0,0,5,Active
Young's Creamy Peanut Butter,,,,,,,,,Grocery,Peanut Butter & Chocolate Spreads,Creamy Peanut Butter,Young's,GRO-PBCS-CPB-YS-00633,,Young's Creamy Peanut Butter in Grocery > Peanut Butter & Chocolate Spreads. Simple product for Zephrant ERP import; one internal Default variant will be created.,Piece,Box,24,1200,70,80,0,0,10,Active
Nutella Creamy Peanut Butter,,,,,,,,,Grocery,Peanut Butter & Chocolate Spreads,Creamy Peanut Butter,Nutella,GRO-PBCS-CPB-NUTE-00634,,Nutella Creamy Peanut Butter in Grocery > Peanut Butter & Chocolate Spreads. Simple product for Zephrant ERP import; one internal Default variant will be created.,Piece,Box,24,1200,70,80,0,0,10,Active
American Garden Creamy Peanut Butter,,,,,,,,,Grocery,Peanut Butter & Chocolate Spreads,Creamy Peanut Butter,American Garden,GRO-PBCS-CPB-AG-00635,,American Garden Creamy Peanut Butter in Grocery > Peanut Butter & Chocolate Spreads. Simple product for Zephrant ERP import; one internal Default variant will be created.,Piece,Box,24,1200,70,80,0,0,10,Active
Skippy Creamy Peanut Butter,,,,,,,,,Grocery,Peanut Butter & Chocolate Spreads,Creamy Peanut Butter,Skippy,GRO-PBCS-CPB-SKIP-00636,,Skippy Creamy Peanut Butter in Grocery > Peanut Butter & Chocolate Spreads. Simple product for Zephrant ERP import; one internal Default variant will be created.,Piece,Box,24,1200,70,80,0,0,10,Active
Young's Crunchy Peanut Butter,,,,,,,,,Grocery,Peanut Butter & Chocolate Spreads,Crunchy Peanut Butter,Young's,GRO-PBCS-CPB-YS-00637,,Young's Crunchy Peanut Butter in Grocery > Peanut Butter & Chocolate Spreads. Simple product for Zephrant ERP import; one internal Default variant will be created.,Piece,Box,24,1200,70,80,0,0,10,Active
Nutella Crunchy Peanut Butter,,,,,,,,,Grocery,Peanut Butter & Chocolate Spreads,Crunchy Peanut Butter,Nutella,GRO-PBCS-CPB-NUTE-00638,,Nutella Crunchy Peanut Butter in Grocery > Peanut Butter & Chocolate Spreads. Simple product for Zephrant ERP import; one internal Default variant will be created.,Piece,Box,24,1200,70,80,0,0,10,Active
American Garden Crunchy Peanut Butter,,,,,,,,,Grocery,Peanut Butter & Chocolate Spreads,Crunchy Peanut Butter,American Garden,GRO-PBCS-CPB-AG-00639,,American Garden Crunchy Peanut Butter in Grocery > Peanut Butter & Chocolate Spreads. Simple product for Zephrant ERP import; one internal Default variant will be created.,Piece,Box,24,1200,70,80,0,0,10,Active
Skippy Crunchy Peanut Butter,,,,,,,,,Grocery,Peanut Butter & Chocolate Spreads,Crunchy Peanut Butter,Skippy,GRO-PBCS-CPB-SKIP-00640,,Skippy Crunchy Peanut Butter in Grocery > Peanut Butter & Chocolate Spreads. Simple product for Zephrant ERP import; one internal Default variant will be created.,Piece,Box,24,1200,70,80,0,0,10,Active
Young's Chocolate Spread,,,,,,,,,Grocery,Peanut Butter & Chocolate Spreads,Chocolate Spread,Young's,GRO-PBCS-CS-YS-00641,,Young's Chocolate Spread in Grocery > Peanut Butter & Chocolate Spreads. Simple product for Zephrant ERP import; one internal Default variant will be created.,Piece,Box,24,1200,70,80,0,0,10,Active
Nutella Chocolate Spread,,,,,,,,,Grocery,Peanut Butter & Chocolate Spreads,Chocolate Spread,Nutella,GRO-PBCS-CS-NUTE-00642,,Nutella Chocolate Spread in Grocery > Peanut Butter & Chocolate Spreads. Simple product for Zephrant ERP import; one internal Default variant will be created.,Piece,Box,24,1200,70,80,0,0,10,Active
American Garden Chocolate Spread,,,,,,,,,Grocery,Peanut Butter & Chocolate Spreads,Chocolate Spread,American Garden,GRO-PBCS-CS-AG-00643,,American Garden Chocolate Spread in Grocery > Peanut Butter & Chocolate Spreads. Simple product for Zephrant ERP import; one internal Default variant will be created.,Piece,Box,24,1200,70,80,0,0,10,Active
Skippy Chocolate Spread,,,,,,,,,Grocery,Peanut Butter & Chocolate Spreads,Chocolate Spread,Skippy,GRO-PBCS-CS-SKIP-00644,,Skippy Chocolate Spread in Grocery > Peanut Butter & Chocolate Spreads. Simple product for Zephrant ERP import; one internal Default variant will be created.,Piece,Box,24,1200,70,80,0,0,10,Active
Young's Hazelnut Spread,,,,,,,,,Grocery,Peanut Butter & Chocolate Spreads,Hazelnut Spread,Young's,GRO-PBCS-HS-YS-00645,,Young's Hazelnut Spread in Grocery > Peanut Butter & Chocolate Spreads. Simple product for Zephrant ERP import; one internal Default variant will be created.,Piece,Box,24,1200,70,80,0,0,10,Active
Nutella Hazelnut Spread,,,,,,,,,Grocery,Peanut Butter & Chocolate Spreads,Hazelnut Spread,Nutella,GRO-PBCS-HS-NUTE-00646,,Nutella Hazelnut Spread in Grocery > Peanut Butter & Chocolate Spreads. Simple product for Zephrant ERP import; one internal Default variant will be created.,Piece,Box,24,1200,70,80,0,0,10,Active
American Garden Hazelnut Spread,,,,,,,,,Grocery,Peanut Butter & Chocolate Spreads,Hazelnut Spread,American Garden,GRO-PBCS-HS-AG-00647,,American Garden Hazelnut Spread in Grocery > Peanut Butter & Chocolate Spreads. Simple product for Zephrant ERP import; one internal Default variant will be created.,Piece,Box,24,1200,70,80,0,0,10,Active
Skippy Hazelnut Spread,,,,,,,,,Grocery,Peanut Butter & Chocolate Spreads,Hazelnut Spread,Skippy,GRO-PBCS-HS-SKIP-00648,,Skippy Hazelnut Spread in Grocery > Peanut Butter & Chocolate Spreads. Simple product for Zephrant ERP import; one internal Default variant will be created.,Piece,Box,24,1200,70,80,0,0,10,Active
Knorr Chicken Soup,,,,,,,,,Grocery,Soup & Stock Cubes,Chicken Soup,Knorr,GRO-SSC-CS-KNOR-00649,,Knorr Chicken Soup in Grocery > Soup & Stock Cubes. Simple product for Zephrant ERP import; one internal Default variant will be created.,Piece,Carton,12,2400,250,300,0,0,5,Active
Maggi Chicken Soup,,,,,,,,,Grocery,Soup & Stock Cubes,Chicken Soup,Maggi,GRO-SSC-CS-MAGG-00650,,Maggi Chicken Soup in Grocery > Soup & Stock Cubes. Simple product for Zephrant ERP import; one internal Default variant will be created.,Piece,Carton,12,2400,250,300,0,0,5,Active
National Chicken Soup,,,,,,,,,Grocery,Soup & Stock Cubes,Chicken Soup,National,GRO-SSC-CS-NATI-00651,,National Chicken Soup in Grocery > Soup & Stock Cubes. Simple product for Zephrant ERP import; one internal Default variant will be created.,Piece,Carton,12,2400,250,300,0,0,5,Active
Shan Chicken Soup,,,,,,,,,Grocery,Soup & Stock Cubes,Chicken Soup,Shan,GRO-SSC-CS-SHAN-00652,,Shan Chicken Soup in Grocery > Soup & Stock Cubes. Simple product for Zephrant ERP import; one internal Default variant will be created.,Piece,Carton,12,2400,250,300,0,0,5,Active
Knorr Vegetable Soup,,,,,,,,,Grocery,Soup & Stock Cubes,Vegetable Soup,Knorr,GRO-SSC-VS-KNOR-00653,,Knorr Vegetable Soup in Grocery > Soup & Stock Cubes. Simple product for Zephrant ERP import; one internal Default variant will be created.,Piece,Carton,12,2400,250,300,0,0,5,Active
Maggi Vegetable Soup,,,,,,,,,Grocery,Soup & Stock Cubes,Vegetable Soup,Maggi,GRO-SSC-VS-MAGG-00654,,Maggi Vegetable Soup in Grocery > Soup & Stock Cubes. Simple product for Zephrant ERP import; one internal Default variant will be created.,Piece,Carton,12,2400,250,300,0,0,5,Active
National Vegetable Soup,,,,,,,,,Grocery,Soup & Stock Cubes,Vegetable Soup,National,GRO-SSC-VS-NATI-00655,,National Vegetable Soup in Grocery > Soup & Stock Cubes. Simple product for Zephrant ERP import; one internal Default variant will be created.,Piece,Carton,12,2400,250,300,0,0,5,Active
Shan Vegetable Soup,,,,,,,,,Grocery,Soup & Stock Cubes,Vegetable Soup,Shan,GRO-SSC-VS-SHAN-00656,,Shan Vegetable Soup in Grocery > Soup & Stock Cubes. Simple product for Zephrant ERP import; one internal Default variant will be created.,Piece,Carton,12,2400,250,300,0,0,5,Active
Knorr Chicken Stock Cubes,,,,,,,,,Grocery,Soup & Stock Cubes,Chicken Stock Cubes,Knorr,GRO-SSC-CSC-KNOR-00657,,Knorr Chicken Stock Cubes in Grocery > Soup & Stock Cubes. Simple product for Zephrant ERP import; one internal Default variant will be created.,Piece,Carton,12,2400,250,300,0,0,5,Active
Maggi Chicken Stock Cubes,,,,,,,,,Grocery,Soup & Stock Cubes,Chicken Stock Cubes,Maggi,GRO-SSC-CSC-MAGG-00658,,Maggi Chicken Stock Cubes in Grocery > Soup & Stock Cubes. Simple product for Zephrant ERP import; one internal Default variant will be created.,Piece,Carton,12,2400,250,300,0,0,5,Active
National Chicken Stock Cubes,,,,,,,,,Grocery,Soup & Stock Cubes,Chicken Stock Cubes,National,GRO-SSC-CSC-NATI-00659,,National Chicken Stock Cubes in Grocery > Soup & Stock Cubes. Simple product for Zephrant ERP import; one internal Default variant will be created.,Piece,Carton,12,2400,250,300,0,0,5,Active
Shan Chicken Stock Cubes,,,,,,,,,Grocery,Soup & Stock Cubes,Chicken Stock Cubes,Shan,GRO-SSC-CSC-SHAN-00660,,Shan Chicken Stock Cubes in Grocery > Soup & Stock Cubes. Simple product for Zephrant ERP import; one internal Default variant will be created.,Piece,Carton,12,2400,250,300,0,0,5,Active
Knorr Beef Stock Cubes,,,,,,,,,Grocery,Soup & Stock Cubes,Beef Stock Cubes,Knorr,GRO-SSC-BSC-KNOR-00661,,Knorr Beef Stock Cubes in Grocery > Soup & Stock Cubes. Simple product for Zephrant ERP import; one internal Default variant will be created.,Piece,Carton,12,2400,250,300,0,0,5,Active
Maggi Beef Stock Cubes,,,,,,,,,Grocery,Soup & Stock Cubes,Beef Stock Cubes,Maggi,GRO-SSC-BSC-MAGG-00662,,Maggi Beef Stock Cubes in Grocery > Soup & Stock Cubes. Simple product for Zephrant ERP import; one internal Default variant will be created.,Piece,Carton,12,2400,250,300,0,0,5,Active
National Beef Stock Cubes,,,,,,,,,Grocery,Soup & Stock Cubes,Beef Stock Cubes,National,GRO-SSC-BSC-NATI-00663,,National Beef Stock Cubes in Grocery > Soup & Stock Cubes. Simple product for Zephrant ERP import; one internal Default variant will be created.,Piece,Carton,12,2400,250,300,0,0,5,Active
Shan Beef Stock Cubes,,,,,,,,,Grocery,Soup & Stock Cubes,Beef Stock Cubes,Shan,GRO-SSC-BSC-SHAN-00664,,Shan Beef Stock Cubes in Grocery > Soup & Stock Cubes. Simple product for Zephrant ERP import; one internal Default variant will be created.,Piece,Carton,12,2400,250,300,0,0,5,Active
Kolson Spaghetti,,,,,,,,,Grocery,Pasta & Noodles,Spaghetti,Kolson,GRO-PN-SPAG-KOLS-00665,,Kolson Spaghetti in Grocery > Pasta & Noodles. Simple product for Zephrant ERP import; one internal Default variant will be created.,Piece,Carton,12,2400,250,300,0,0,5,Active
Bake Parlor Spaghetti,,,,,,,,,Grocery,Pasta & Noodles,Spaghetti,Bake Parlor,GRO-PN-SPAG-BP-00666,,Bake Parlor Spaghetti in Grocery > Pasta & Noodles. Simple product for Zephrant ERP import; one internal Default variant will be created.,Piece,Carton,12,2400,250,300,0,0,5,Active
Knorr Spaghetti,,,,,,,,,Grocery,Pasta & Noodles,Spaghetti,Knorr,GRO-PN-SPAG-KNOR-00667,,Knorr Spaghetti in Grocery > Pasta & Noodles. Simple product for Zephrant ERP import; one internal Default variant will be created.,Piece,Carton,12,2400,250,300,0,0,5,Active
Maggi Spaghetti,,,,,,,,,Grocery,Pasta & Noodles,Spaghetti,Maggi,GRO-PN-SPAG-MAGG-00668,,Maggi Spaghetti in Grocery > Pasta & Noodles. Simple product for Zephrant ERP import; one internal Default variant will be created.,Piece,Carton,12,2400,250,300,0,0,5,Active
Kolson Macaroni,,,,,,,,,Grocery,Pasta & Noodles,Macaroni,Kolson,GRO-PN-MACA-KOLS-00669,,Kolson Macaroni in Grocery > Pasta & Noodles. Simple product for Zephrant ERP import; one internal Default variant will be created.,Piece,Carton,12,2400,250,300,0,0,5,Active
Bake Parlor Macaroni,,,,,,,,,Grocery,Pasta & Noodles,Macaroni,Bake Parlor,GRO-PN-MACA-BP-00670,,Bake Parlor Macaroni in Grocery > Pasta & Noodles. Simple product for Zephrant ERP import; one internal Default variant will be created.,Piece,Carton,12,2400,250,300,0,0,5,Active
Knorr Macaroni,,,,,,,,,Grocery,Pasta & Noodles,Macaroni,Knorr,GRO-PN-MACA-KNOR-00671,,Knorr Macaroni in Grocery > Pasta & Noodles. Simple product for Zephrant ERP import; one internal Default variant will be created.,Piece,Carton,12,2400,250,300,0,0,5,Active
Maggi Macaroni,,,,,,,,,Grocery,Pasta & Noodles,Macaroni,Maggi,GRO-PN-MACA-MAGG-00672,,Maggi Macaroni in Grocery > Pasta & Noodles. Simple product for Zephrant ERP import; one internal Default variant will be created.,Piece,Carton,12,2400,250,300,0,0,5,Active
Kolson Penne Pasta,,,,,,,,,Grocery,Pasta & Noodles,Penne Pasta,Kolson,GRO-PN-PP-KOLS-00673,,Kolson Penne Pasta in Grocery > Pasta & Noodles. Simple product for Zephrant ERP import; one internal Default variant will be created.,Piece,Carton,12,2400,250,300,0,0,5,Active
Bake Parlor Penne Pasta,,,,,,,,,Grocery,Pasta & Noodles,Penne Pasta,Bake Parlor,GRO-PN-PP-BP-00674,,Bake Parlor Penne Pasta in Grocery > Pasta & Noodles. Simple product for Zephrant ERP import; one internal Default variant will be created.,Piece,Carton,12,2400,250,300,0,0,5,Active
Knorr Penne Pasta,,,,,,,,,Grocery,Pasta & Noodles,Penne Pasta,Knorr,GRO-PN-PP-KNOR-00675,,Knorr Penne Pasta in Grocery > Pasta & Noodles. Simple product for Zephrant ERP import; one internal Default variant will be created.,Piece,Carton,12,2400,250,300,0,0,5,Active
Maggi Penne Pasta,,,,,,,,,Grocery,Pasta & Noodles,Penne Pasta,Maggi,GRO-PN-PP-MAGG-00676,,Maggi Penne Pasta in Grocery > Pasta & Noodles. Simple product for Zephrant ERP import; one internal Default variant will be created.,Piece,Carton,12,2400,250,300,0,0,5,Active
Kolson Instant Noodles,,,,,,,,,Grocery,Pasta & Noodles,Instant Noodles,Kolson,GRO-PN-IN-KOLS-00677,,Kolson Instant Noodles in Grocery > Pasta & Noodles. Simple product for Zephrant ERP import; one internal Default variant will be created.,Piece,Carton,12,2400,250,300,0,0,5,Active
Bake Parlor Instant Noodles,,,,,,,,,Grocery,Pasta & Noodles,Instant Noodles,Bake Parlor,GRO-PN-IN-BP-00678,,Bake Parlor Instant Noodles in Grocery > Pasta & Noodles. Simple product for Zephrant ERP import; one internal Default variant will be created.,Piece,Carton,12,2400,250,300,0,0,5,Active
Knorr Instant Noodles,,,,,,,,,Grocery,Pasta & Noodles,Instant Noodles,Knorr,GRO-PN-IN-KNOR-00679,,Knorr Instant Noodles in Grocery > Pasta & Noodles. Simple product for Zephrant ERP import; one internal Default variant will be created.,Piece,Carton,12,2400,250,300,0,0,5,Active
Maggi Instant Noodles,,,,,,,,,Grocery,Pasta & Noodles,Instant Noodles,Maggi,GRO-PN-IN-MAGG-00680,,Maggi Instant Noodles in Grocery > Pasta & Noodles. Simple product for Zephrant ERP import; one internal Default variant will be created.,Piece,Carton,12,2400,250,300,0,0,5,Active
Kolson Egg Noodles,,,,,,,,,Grocery,Pasta & Noodles,Egg Noodles,Kolson,GRO-PN-EN-KOLS-00681,,Kolson Egg Noodles in Grocery > Pasta & Noodles. Simple product for Zephrant ERP import; one internal Default variant will be created.,Piece,Carton,12,2400,250,300,0,0,5,Active
Bake Parlor Egg Noodles,,,,,,,,,Grocery,Pasta & Noodles,Egg Noodles,Bake Parlor,GRO-PN-EN-BP-00682,,Bake Parlor Egg Noodles in Grocery > Pasta & Noodles. Simple product for Zephrant ERP import; one internal Default variant will be created.,Piece,Carton,12,2400,250,300,0,0,5,Active
Knorr Egg Noodles,,,,,,,,,Grocery,Pasta & Noodles,Egg Noodles,Knorr,GRO-PN-EN-KNOR-00683,,Knorr Egg Noodles in Grocery > Pasta & Noodles. Simple product for Zephrant ERP import; one internal Default variant will be created.,Piece,Carton,12,2400,250,300,0,0,5,Active
Maggi Egg Noodles,,,,,,,,,Grocery,Pasta & Noodles,Egg Noodles,Maggi,GRO-PN-EN-MAGG-00684,,Maggi Egg Noodles in Grocery > Pasta & Noodles. Simple product for Zephrant ERP import; one internal Default variant will be created.,Piece,Carton,12,2400,250,300,0,0,5,Active
Kolson Plain Vermicelli,,,,,,,,,Grocery,Vermicelli & Sawaiyan,Plain Vermicelli,Kolson,GRO-VS-PV-KOLS-00685,,Kolson Plain Vermicelli in Grocery > Vermicelli & Sawaiyan. Simple product for Zephrant ERP import; one internal Default variant will be created.,Piece,Carton,12,2400,250,300,0,0,5,Active
Bake Parlor Plain Vermicelli,,,,,,,,,Grocery,Vermicelli & Sawaiyan,Plain Vermicelli,Bake Parlor,GRO-VS-PV-BP-00686,,Bake Parlor Plain Vermicelli in Grocery > Vermicelli & Sawaiyan. Simple product for Zephrant ERP import; one internal Default variant will be created.,Piece,Carton,12,2400,250,300,0,0,5,Active
National Plain Vermicelli,,,,,,,,,Grocery,Vermicelli & Sawaiyan,Plain Vermicelli,National,GRO-VS-PV-NATI-00687,,National Plain Vermicelli in Grocery > Vermicelli & Sawaiyan. Simple product for Zephrant ERP import; one internal Default variant will be created.,Piece,Carton,12,2400,250,300,0,0,5,Active
Plain Vermicelli,,,,,,,,,Grocery,Vermicelli & Sawaiyan,Plain Vermicelli,Store Brand,GRO-VS-PV-SB-00688,,Plain Vermicelli in Grocery > Vermicelli & Sawaiyan. Simple product for Zephrant ERP import; one internal Default variant will be created.,Piece,Carton,12,2400,250,300,0,0,5,Active
Kolson Roasted Vermicelli,,,,,,,,,Grocery,Vermicelli & Sawaiyan,Roasted Vermicelli,Kolson,GRO-VS-RV-KOLS-00689,,Kolson Roasted Vermicelli in Grocery > Vermicelli & Sawaiyan. Simple product for Zephrant ERP import; one internal Default variant will be created.,Piece,Carton,12,2400,250,300,0,0,5,Active
Bake Parlor Roasted Vermicelli,,,,,,,,,Grocery,Vermicelli & Sawaiyan,Roasted Vermicelli,Bake Parlor,GRO-VS-RV-BP-00690,,Bake Parlor Roasted Vermicelli in Grocery > Vermicelli & Sawaiyan. Simple product for Zephrant ERP import; one internal Default variant will be created.,Piece,Carton,12,2400,250,300,0,0,5,Active
National Roasted Vermicelli,,,,,,,,,Grocery,Vermicelli & Sawaiyan,Roasted Vermicelli,National,GRO-VS-RV-NATI-00691,,National Roasted Vermicelli in Grocery > Vermicelli & Sawaiyan. Simple product for Zephrant ERP import; one internal Default variant will be created.,Piece,Carton,12,2400,250,300,0,0,5,Active
Roasted Vermicelli,,,,,,,,,Grocery,Vermicelli & Sawaiyan,Roasted Vermicelli,Store Brand,GRO-VS-RV-SB-00692,,Roasted Vermicelli in Grocery > Vermicelli & Sawaiyan. Simple product for Zephrant ERP import; one internal Default variant will be created.,Piece,Carton,12,2400,250,300,0,0,5,Active
Kolson Sawaiyan,,,,,,,,,Grocery,Vermicelli & Sawaiyan,Sawaiyan,Kolson,GRO-VS-SAWA-KOLS-00693,,Kolson Sawaiyan in Grocery > Vermicelli & Sawaiyan. Simple product for Zephrant ERP import; one internal Default variant will be created.,Piece,Carton,12,2400,250,300,0,0,5,Active
Bake Parlor Sawaiyan,,,,,,,,,Grocery,Vermicelli & Sawaiyan,Sawaiyan,Bake Parlor,GRO-VS-SAWA-BP-00694,,Bake Parlor Sawaiyan in Grocery > Vermicelli & Sawaiyan. Simple product for Zephrant ERP import; one internal Default variant will be created.,Piece,Carton,12,2400,250,300,0,0,5,Active
National Sawaiyan,,,,,,,,,Grocery,Vermicelli & Sawaiyan,Sawaiyan,National,GRO-VS-SAWA-NATI-00695,,National Sawaiyan in Grocery > Vermicelli & Sawaiyan. Simple product for Zephrant ERP import; one internal Default variant will be created.,Piece,Carton,12,2400,250,300,0,0,5,Active
Sawaiyan,,,,,,,,,Grocery,Vermicelli & Sawaiyan,Sawaiyan,Store Brand,GRO-VS-SAWA-SB-00696,,Sawaiyan in Grocery > Vermicelli & Sawaiyan. Simple product for Zephrant ERP import; one internal Default variant will be created.,Piece,Carton,12,2400,250,300,0,0,5,Active
Kolson Colored Vermicelli,,,,,,,,,Grocery,Vermicelli & Sawaiyan,Colored Vermicelli,Kolson,GRO-VS-CV-KOLS-00697,,Kolson Colored Vermicelli in Grocery > Vermicelli & Sawaiyan. Simple product for Zephrant ERP import; one internal Default variant will be created.,Piece,Carton,12,2400,250,300,0,0,5,Active
Bake Parlor Colored Vermicelli,,,,,,,,,Grocery,Vermicelli & Sawaiyan,Colored Vermicelli,Bake Parlor,GRO-VS-CV-BP-00698,,Bake Parlor Colored Vermicelli in Grocery > Vermicelli & Sawaiyan. Simple product for Zephrant ERP import; one internal Default variant will be created.,Piece,Carton,12,2400,250,300,0,0,5,Active
National Colored Vermicelli,,,,,,,,,Grocery,Vermicelli & Sawaiyan,Colored Vermicelli,National,GRO-VS-CV-NATI-00699,,National Colored Vermicelli in Grocery > Vermicelli & Sawaiyan. Simple product for Zephrant ERP import; one internal Default variant will be created.,Piece,Carton,12,2400,250,300,0,0,5,Active
Colored Vermicelli,,,,,,,,,Grocery,Vermicelli & Sawaiyan,Colored Vermicelli,Store Brand,GRO-VS-CV-SB-00700,,Colored Vermicelli in Grocery > Vermicelli & Sawaiyan. Simple product for Zephrant ERP import; one internal Default variant will be created.,Piece,Carton,12,2400,250,300,0,0,5,Active
American Garden Imported Sauce,,,,,,,,,Grocery,Imported Grocery,Imported Sauce,American Garden,GRO-IG-IS-AG-00701,,American Garden Imported Sauce in Grocery > Imported Grocery. Simple product for Zephrant ERP import; one internal Default variant will be created.,Piece,Carton,12,2400,250,300,0,0,5,Active
Heinz Imported Sauce,,,,,,,,,Grocery,Imported Grocery,Imported Sauce,Heinz,GRO-IG-IS-HEIN-00702,,Heinz Imported Sauce in Grocery > Imported Grocery. Simple product for Zephrant ERP import; one internal Default variant will be created.,Piece,Carton,12,2400,250,300,0,0,5,Active
Tilda Imported Sauce,,,,,,,,,Grocery,Imported Grocery,Imported Sauce,Tilda,GRO-IG-IS-TILD-00703,,Tilda Imported Sauce in Grocery > Imported Grocery. Simple product for Zephrant ERP import; one internal Default variant will be created.,Piece,Carton,12,2400,250,300,0,0,5,Active
Nutella Imported Sauce,,,,,,,,,Grocery,Imported Grocery,Imported Sauce,Nutella,GRO-IG-IS-NUTE-00704,,Nutella Imported Sauce in Grocery > Imported Grocery. Simple product for Zephrant ERP import; one internal Default variant will be created.,Piece,Carton,12,2400,250,300,0,0,5,Active
American Garden Imported Pasta,,,,,,,,,Grocery,Imported Grocery,Imported Pasta,American Garden,GRO-IG-IP-AG-00705,,American Garden Imported Pasta in Grocery > Imported Grocery. Simple product for Zephrant ERP import; one internal Default variant will be created.,Piece,Carton,12,2400,250,300,0,0,5,Active
Heinz Imported Pasta,,,,,,,,,Grocery,Imported Grocery,Imported Pasta,Heinz,GRO-IG-IP-HEIN-00706,,Heinz Imported Pasta in Grocery > Imported Grocery. Simple product for Zephrant ERP import; one internal Default variant will be created.,Piece,Carton,12,2400,250,300,0,0,5,Active
Tilda Imported Pasta,,,,,,,,,Grocery,Imported Grocery,Imported Pasta,Tilda,GRO-IG-IP-TILD-00707,,Tilda Imported Pasta in Grocery > Imported Grocery. Simple product for Zephrant ERP import; one internal Default variant will be created.,Piece,Carton,12,2400,250,300,0,0,5,Active
Nutella Imported Pasta,,,,,,,,,Grocery,Imported Grocery,Imported Pasta,Nutella,GRO-IG-IP-NUTE-00708,,Nutella Imported Pasta in Grocery > Imported Grocery. Simple product for Zephrant ERP import; one internal Default variant will be created.,Piece,Carton,12,2400,250,300,0,0,5,Active
American Garden Imported Cereal,,,,,,,,,Grocery,Imported Grocery,Imported Cereal,American Garden,GRO-IG-IC-AG-00709,,American Garden Imported Cereal in Grocery > Imported Grocery. Simple product for Zephrant ERP import; one internal Default variant will be created.,Piece,Carton,12,2400,250,300,0,0,5,Active
Heinz Imported Cereal,,,,,,,,,Grocery,Imported Grocery,Imported Cereal,Heinz,GRO-IG-IC-HEIN-00710,,Heinz Imported Cereal in Grocery > Imported Grocery. Simple product for Zephrant ERP import; one internal Default variant will be created.,Piece,Carton,12,2400,250,300,0,0,5,Active
Tilda Imported Cereal,,,,,,,,,Grocery,Imported Grocery,Imported Cereal,Tilda,GRO-IG-IC-TILD-00711,,Tilda Imported Cereal in Grocery > Imported Grocery. Simple product for Zephrant ERP import; one internal Default variant will be created.,Piece,Carton,12,2400,250,300,0,0,5,Active
Nutella Imported Cereal,,,,,,,,,Grocery,Imported Grocery,Imported Cereal,Nutella,GRO-IG-IC-NUTE-00712,,Nutella Imported Cereal in Grocery > Imported Grocery. Simple product for Zephrant ERP import; one internal Default variant will be created.,Piece,Carton,12,2400,250,300,0,0,5,Active
American Garden Imported Chocolate Spread,,,,,,,,,Grocery,Imported Grocery,Imported Chocolate Spread,American Garden,GRO-IG-ICS-AG-00713,,American Garden Imported Chocolate Spread in Grocery > Imported Grocery. Simple product for Zephrant ERP import; one internal Default variant will be created.,Piece,Box,24,1200,70,80,0,0,10,Active
Heinz Imported Chocolate Spread,,,,,,,,,Grocery,Imported Grocery,Imported Chocolate Spread,Heinz,GRO-IG-ICS-HEIN-00714,,Heinz Imported Chocolate Spread in Grocery > Imported Grocery. Simple product for Zephrant ERP import; one internal Default variant will be created.,Piece,Box,24,1200,70,80,0,0,10,Active
Tilda Imported Chocolate Spread,,,,,,,,,Grocery,Imported Grocery,Imported Chocolate Spread,Tilda,GRO-IG-ICS-TILD-00715,,Tilda Imported Chocolate Spread in Grocery > Imported Grocery. Simple product for Zephrant ERP import; one internal Default variant will be created.,Piece,Box,24,1200,70,80,0,0,10,Active
Nutella Imported Chocolate Spread,,,,,,,,,Grocery,Imported Grocery,Imported Chocolate Spread,Nutella,GRO-IG-ICS-NUTE-00716,,Nutella Imported Chocolate Spread in Grocery > Imported Grocery. Simple product for Zephrant ERP import; one internal Default variant will be created.,Piece,Box,24,1200,70,80,0,0,10,Active
Organic Village Organic Oats,,,,,,,,,Grocery,Organic & Health Foods,Organic Oats,Organic Village,GRO-OHF-OO-OV-00717,,Organic Village Organic Oats in Grocery > Organic & Health Foods. Simple product for Zephrant ERP import; one internal Default variant will be created.,Piece,Carton,12,2400,250,300,0,0,5,Active
Quaker Organic Oats,,,,,,,,,Grocery,Organic & Health Foods,Organic Oats,Quaker,GRO-OHF-OO-QUAK-00718,,Quaker Organic Oats in Grocery > Organic & Health Foods. Simple product for Zephrant ERP import; one internal Default variant will be created.,Piece,Carton,12,2400,250,300,0,0,5,Active
Nature's Own Organic Oats,,,,,,,,,Grocery,Organic & Health Foods,Organic Oats,Nature's Own,GRO-OHF-OO-NSO-00719,,Nature's Own Organic Oats in Grocery > Organic & Health Foods. Simple product for Zephrant ERP import; one internal Default variant will be created.,Piece,Carton,12,2400,250,300,0,0,5,Active
Organic Oats,,,,,,,,,Grocery,Organic & Health Foods,Organic Oats,Store Brand,GRO-OHF-OO-SB-00720,,Organic Oats in Grocery > Organic & Health Foods. Simple product for Zephrant ERP import; one internal Default variant will be created.,Piece,Carton,12,2400,250,300,0,0,5,Active
Organic Village Organic Flour,,,,,,,,,Grocery,Organic & Health Foods,Organic Flour,Organic Village,GRO-OHF-OF-OV-00721,,Organic Village Organic Flour in Grocery > Organic & Health Foods. Simple product for Zephrant ERP import; one internal Default variant will be created.,Piece,Carton,12,2400,250,300,0,0,5,Active
Quaker Organic Flour,,,,,,,,,Grocery,Organic & Health Foods,Organic Flour,Quaker,GRO-OHF-OF-QUAK-00722,,Quaker Organic Flour in Grocery > Organic & Health Foods. Simple product for Zephrant ERP import; one internal Default variant will be created.,Piece,Carton,12,2400,250,300,0,0,5,Active
Nature's Own Organic Flour,,,,,,,,,Grocery,Organic & Health Foods,Organic Flour,Nature's Own,GRO-OHF-OF-NSO-00723,,Nature's Own Organic Flour in Grocery > Organic & Health Foods. Simple product for Zephrant ERP import; one internal Default variant will be created.,Piece,Carton,12,2400,250,300,0,0,5,Active
Organic Flour,,,,,,,,,Grocery,Organic & Health Foods,Organic Flour,Store Brand,GRO-OHF-OF-SB-00724,,Organic Flour in Grocery > Organic & Health Foods. Simple product for Zephrant ERP import; one internal Default variant will be created.,Piece,Carton,12,2400,250,300,0,0,5,Active
Organic Village Organic Honey,,,,,,,,,Grocery,Organic & Health Foods,Organic Honey,Organic Village,GRO-OHF-OH-OV-00725,,Organic Village Organic Honey in Grocery > Organic & Health Foods. Simple product for Zephrant ERP import; one internal Default variant will be created.,Piece,Carton,12,2400,250,300,0,0,5,Active
Quaker Organic Honey,,,,,,,,,Grocery,Organic & Health Foods,Organic Honey,Quaker,GRO-OHF-OH-QUAK-00726,,Quaker Organic Honey in Grocery > Organic & Health Foods. Simple product for Zephrant ERP import; one internal Default variant will be created.,Piece,Carton,12,2400,250,300,0,0,5,Active
Nature's Own Organic Honey,,,,,,,,,Grocery,Organic & Health Foods,Organic Honey,Nature's Own,GRO-OHF-OH-NSO-00727,,Nature's Own Organic Honey in Grocery > Organic & Health Foods. Simple product for Zephrant ERP import; one internal Default variant will be created.,Piece,Carton,12,2400,250,300,0,0,5,Active
Organic Honey,,,,,,,,,Grocery,Organic & Health Foods,Organic Honey,Store Brand,GRO-OHF-OH-SB-00728,,Organic Honey in Grocery > Organic & Health Foods. Simple product for Zephrant ERP import; one internal Default variant will be created.,Piece,Carton,12,2400,250,300,0,0,5,Active
Organic Village Organic Seeds,,,,,,,,,Grocery,Organic & Health Foods,Organic Seeds,Organic Village,GRO-OHF-OS-OV-00729,,Organic Village Organic Seeds in Grocery > Organic & Health Foods. Simple product for Zephrant ERP import; one internal Default variant will be created.,Piece,Carton,12,2400,250,300,0,0,5,Active
Quaker Organic Seeds,,,,,,,,,Grocery,Organic & Health Foods,Organic Seeds,Quaker,GRO-OHF-OS-QUAK-00730,,Quaker Organic Seeds in Grocery > Organic & Health Foods. Simple product for Zephrant ERP import; one internal Default variant will be created.,Piece,Carton,12,2400,250,300,0,0,5,Active
Nature's Own Organic Seeds,,,,,,,,,Grocery,Organic & Health Foods,Organic Seeds,Nature's Own,GRO-OHF-OS-NSO-00731,,Nature's Own Organic Seeds in Grocery > Organic & Health Foods. Simple product for Zephrant ERP import; one internal Default variant will be created.,Piece,Carton,12,2400,250,300,0,0,5,Active
Organic Seeds,,,,,,,,,Grocery,Organic & Health Foods,Organic Seeds,Store Brand,GRO-OHF-OS-SB-00732,,Organic Seeds in Grocery > Organic & Health Foods. Simple product for Zephrant ERP import; one internal Default variant will be created.,Piece,Carton,12,2400,250,300,0,0,5,Active
Dates,,,,,,,,,Grocery,Dates & Ramadan Specials,Dates,Store Brand,GRO-DRS-DATE-SB-00733,,Dates in Grocery > Dates & Ramadan Specials. Simple product for Zephrant ERP import; one internal Default variant will be created.,Piece,Carton,12,2400,250,300,0,0,5,Active
Al Madina Dates,,,,,,,,,Grocery,Dates & Ramadan Specials,Dates,Al Madina,GRO-DRS-DATE-AM-00734,,Al Madina Dates in Grocery > Dates & Ramadan Specials. Simple product for Zephrant ERP import; one internal Default variant will be created.,Piece,Carton,12,2400,250,300,0,0,5,Active
Dates,,,,,,,,,Grocery,Dates & Ramadan Specials,Dates,Local Brand,GRO-DRS-DATE-LB-00735,,Dates in Grocery > Dates & Ramadan Specials. Simple product for Zephrant ERP import; one internal Default variant will be created.,Piece,Carton,12,2400,250,300,0,0,5,Active
Dates,,,,,,,,,Grocery,Dates & Ramadan Specials,Dates,Imported Brand,GRO-DRS-DATE-IB-00736,,Dates in Grocery > Dates & Ramadan Specials. Simple product for Zephrant ERP import; one internal Default variant will be created.,Piece,Carton,12,2400,250,300,0,0,5,Active
Ajwa Dates,,,,,,,,,Grocery,Dates & Ramadan Specials,Ajwa Dates,Store Brand,GRO-DRS-AD-SB-00737,,Ajwa Dates in Grocery > Dates & Ramadan Specials. Simple product for Zephrant ERP import; one internal Default variant will be created.,Piece,Carton,12,2400,250,300,0,0,5,Active
Al Madina Ajwa Dates,,,,,,,,,Grocery,Dates & Ramadan Specials,Ajwa Dates,Al Madina,GRO-DRS-AD-AM-00738,,Al Madina Ajwa Dates in Grocery > Dates & Ramadan Specials. Simple product for Zephrant ERP import; one internal Default variant will be created.,Piece,Carton,12,2400,250,300,0,0,5,Active
Ajwa Dates,,,,,,,,,Grocery,Dates & Ramadan Specials,Ajwa Dates,Local Brand,GRO-DRS-AD-LB-00739,,Ajwa Dates in Grocery > Dates & Ramadan Specials. Simple product for Zephrant ERP import; one internal Default variant will be created.,Piece,Carton,12,2400,250,300,0,0,5,Active
Ajwa Dates,,,,,,,,,Grocery,Dates & Ramadan Specials,Ajwa Dates,Imported Brand,GRO-DRS-AD-IB-00740,,Ajwa Dates in Grocery > Dates & Ramadan Specials. Simple product for Zephrant ERP import; one internal Default variant will be created.,Piece,Carton,12,2400,250,300,0,0,5,Active
Sukkari Dates,,,,,,,,,Grocery,Dates & Ramadan Specials,Sukkari Dates,Store Brand,GRO-DRS-SD-SB-00741,,Sukkari Dates in Grocery > Dates & Ramadan Specials. Simple product for Zephrant ERP import; one internal Default variant will be created.,Piece,Carton,12,2400,250,300,0,0,5,Active
Al Madina Sukkari Dates,,,,,,,,,Grocery,Dates & Ramadan Specials,Sukkari Dates,Al Madina,GRO-DRS-SD-AM-00742,,Al Madina Sukkari Dates in Grocery > Dates & Ramadan Specials. Simple product for Zephrant ERP import; one internal Default variant will be created.,Piece,Carton,12,2400,250,300,0,0,5,Active
Sukkari Dates,,,,,,,,,Grocery,Dates & Ramadan Specials,Sukkari Dates,Local Brand,GRO-DRS-SD-LB-00743,,Sukkari Dates in Grocery > Dates & Ramadan Specials. Simple product for Zephrant ERP import; one internal Default variant will be created.,Piece,Carton,12,2400,250,300,0,0,5,Active
Sukkari Dates,,,,,,,,,Grocery,Dates & Ramadan Specials,Sukkari Dates,Imported Brand,GRO-DRS-SD-IB-00744,,Sukkari Dates in Grocery > Dates & Ramadan Specials. Simple product for Zephrant ERP import; one internal Default variant will be created.,Piece,Carton,12,2400,250,300,0,0,5,Active
Ramadan Gift Pack,,,,,,,,,Grocery,Dates & Ramadan Specials,Ramadan Gift Pack,Store Brand,GRO-DRS-RGP-SB-00745,,Ramadan Gift Pack in Grocery > Dates & Ramadan Specials. Simple product for Zephrant ERP import; one internal Default variant will be created.,Piece,Carton,12,2400,250,300,0,0,5,Active
Al Madina Ramadan Gift Pack,,,,,,,,,Grocery,Dates & Ramadan Specials,Ramadan Gift Pack,Al Madina,GRO-DRS-RGP-AM-00746,,Al Madina Ramadan Gift Pack in Grocery > Dates & Ramadan Specials. Simple product for Zephrant ERP import; one internal Default variant will be created.,Piece,Carton,12,2400,250,300,0,0,5,Active
Ramadan Gift Pack,,,,,,,,,Grocery,Dates & Ramadan Specials,Ramadan Gift Pack,Local Brand,GRO-DRS-RGP-LB-00747,,Ramadan Gift Pack in Grocery > Dates & Ramadan Specials. Simple product for Zephrant ERP import; one internal Default variant will be created.,Piece,Carton,12,2400,250,300,0,0,5,Active
Ramadan Gift Pack,,,,,,,,,Grocery,Dates & Ramadan Specials,Ramadan Gift Pack,Imported Brand,GRO-DRS-RGP-IB-00748,,Ramadan Gift Pack in Grocery > Dates & Ramadan Specials. Simple product for Zephrant ERP import; one internal Default variant will be created.,Piece,Carton,12,2400,250,300,0,0,5,Active
Nestle Tea Whitener,,,,,,,,,Grocery,Tea Whiteners & Creamers,Tea Whitener,Nestle,GRO-TWC-TW-NEST-00749,,Nestle Tea Whitener in Grocery > Tea Whiteners & Creamers. Simple product for Zephrant ERP import; one internal Default variant will be created.,Piece,Carton,24,2400,120,140,0,0,10,Active
Everyday Tea Whitener,,,,,,,,,Grocery,Tea Whiteners & Creamers,Tea Whitener,Everyday,GRO-TWC-TW-EVER-00750,,Everyday Tea Whitener in Grocery > Tea Whiteners & Creamers. Simple product for Zephrant ERP import; one internal Default variant will be created.,Piece,Carton,24,2400,120,140,0,0,10,Active
Tarang Tea Whitener,,,,,,,,,Grocery,Tea Whiteners & Creamers,Tea Whitener,Tarang,GRO-TWC-TW-TARA-00751,,Tarang Tea Whitener in Grocery > Tea Whiteners & Creamers. Simple product for Zephrant ERP import; one internal Default variant will be created.,Piece,Carton,24,2400,120,140,0,0,10,Active
Tea Max Tea Whitener,,,,,,,,,Grocery,Tea Whiteners & Creamers,Tea Whitener,Tea Max,GRO-TWC-TW-TM-00752,,Tea Max Tea Whitener in Grocery > Tea Whiteners & Creamers. Simple product for Zephrant ERP import; one internal Default variant will be created.,Piece,Carton,24,2400,120,140,0,0,10,Active
Nestle Coffee Creamer,,,,,,,,,Grocery,Tea Whiteners & Creamers,Coffee Creamer,Nestle,GRO-TWC-CC-NEST-00753,,Nestle Coffee Creamer in Grocery > Tea Whiteners & Creamers. Simple product for Zephrant ERP import; one internal Default variant will be created.,Piece,Carton,24,2400,120,140,0,0,10,Active
Everyday Coffee Creamer,,,,,,,,,Grocery,Tea Whiteners & Creamers,Coffee Creamer,Everyday,GRO-TWC-CC-EVER-00754,,Everyday Coffee Creamer in Grocery > Tea Whiteners & Creamers. Simple product for Zephrant ERP import; one internal Default variant will be created.,Piece,Carton,24,2400,120,140,0,0,10,Active
Tarang Coffee Creamer,,,,,,,,,Grocery,Tea Whiteners & Creamers,Coffee Creamer,Tarang,GRO-TWC-CC-TARA-00755,,Tarang Coffee Creamer in Grocery > Tea Whiteners & Creamers. Simple product for Zephrant ERP import; one internal Default variant will be created.,Piece,Carton,24,2400,120,140,0,0,10,Active
Tea Max Coffee Creamer,,,,,,,,,Grocery,Tea Whiteners & Creamers,Coffee Creamer,Tea Max,GRO-TWC-CC-TM-00756,,Tea Max Coffee Creamer in Grocery > Tea Whiteners & Creamers. Simple product for Zephrant ERP import; one internal Default variant will be created.,Piece,Carton,24,2400,120,140,0,0,10,Active
Nestle Dairy Creamer,,,,,,,,,Grocery,Tea Whiteners & Creamers,Dairy Creamer,Nestle,GRO-TWC-DC-NEST-00757,,Nestle Dairy Creamer in Grocery > Tea Whiteners & Creamers. Simple product for Zephrant ERP import; one internal Default variant will be created.,Piece,Carton,24,2400,120,140,0,0,10,Active
Everyday Dairy Creamer,,,,,,,,,Grocery,Tea Whiteners & Creamers,Dairy Creamer,Everyday,GRO-TWC-DC-EVER-00758,,Everyday Dairy Creamer in Grocery > Tea Whiteners & Creamers. Simple product for Zephrant ERP import; one internal Default variant will be created.,Piece,Carton,24,2400,120,140,0,0,10,Active
Tarang Dairy Creamer,,,,,,,,,Grocery,Tea Whiteners & Creamers,Dairy Creamer,Tarang,GRO-TWC-DC-TARA-00759,,Tarang Dairy Creamer in Grocery > Tea Whiteners & Creamers. Simple product for Zephrant ERP import; one internal Default variant will be created.,Piece,Carton,24,2400,120,140,0,0,10,Active
Tea Max Dairy Creamer,,,,,,,,,Grocery,Tea Whiteners & Creamers,Dairy Creamer,Tea Max,GRO-TWC-DC-TM-00760,,Tea Max Dairy Creamer in Grocery > Tea Whiteners & Creamers. Simple product for Zephrant ERP import; one internal Default variant will be created.,Piece,Carton,24,2400,120,140,0,0,10,Active
Tapal Black Tea,,,,,,,,,Beverages,Tea,Black Tea,Tapal,BEV-TEA-BT-TAPA-00761,,Tapal Black Tea in Beverages > Tea. Simple product for Zephrant ERP import; one internal Default variant will be created.,Piece,Carton,24,2400,120,140,0,0,10,Active
Lipton Black Tea,,,,,,,,,Beverages,Tea,Black Tea,Lipton,BEV-TEA-BT-LIPT-00762,,Lipton Black Tea in Beverages > Tea. Simple product for Zephrant ERP import; one internal Default variant will be created.,Piece,Carton,24,2400,120,140,0,0,10,Active
Vital Black Tea,,,,,,,,,Beverages,Tea,Black Tea,Vital,BEV-TEA-BT-VITA-00763,,Vital Black Tea in Beverages > Tea. Simple product for Zephrant ERP import; one internal Default variant will be created.,Piece,Carton,24,2400,120,140,0,0,10,Active
Supreme Black Tea,,,,,,,,,Beverages,Tea,Black Tea,Supreme,BEV-TEA-BT-SUPR-00764,,Supreme Black Tea in Beverages > Tea. Simple product for Zephrant ERP import; one internal Default variant will be created.,Piece,Carton,24,2400,120,140,0,0,10,Active
Tapal Danedar Tea,,,,,,,,,Beverages,Tea,Danedar Tea,Tapal,BEV-TEA-DT-TAPA-00765,,Tapal Danedar Tea in Beverages > Tea. Simple product for Zephrant ERP import; one internal Default variant will be created.,Piece,Carton,24,2400,120,140,0,0,10,Active
Lipton Danedar Tea,,,,,,,,,Beverages,Tea,Danedar Tea,Lipton,BEV-TEA-DT-LIPT-00766,,Lipton Danedar Tea in Beverages > Tea. Simple product for Zephrant ERP import; one internal Default variant will be created.,Piece,Carton,24,2400,120,140,0,0,10,Active
Vital Danedar Tea,,,,,,,,,Beverages,Tea,Danedar Tea,Vital,BEV-TEA-DT-VITA-00767,,Vital Danedar Tea in Beverages > Tea. Simple product for Zephrant ERP import; one internal Default variant will be created.,Piece,Carton,24,2400,120,140,0,0,10,Active
Supreme Danedar Tea,,,,,,,,,Beverages,Tea,Danedar Tea,Supreme,BEV-TEA-DT-SUPR-00768,,Supreme Danedar Tea in Beverages > Tea. Simple product for Zephrant ERP import; one internal Default variant will be created.,Piece,Carton,24,2400,120,140,0,0,10,Active
Tapal Tea Bags,,,,,,,,,Beverages,Tea,Tea Bags,Tapal,BEV-TEA-TB-TAPA-00769,,Tapal Tea Bags in Beverages > Tea. Simple product for Zephrant ERP import; one internal Default variant will be created.,Piece,Carton,24,2400,120,140,0,0,10,Active
Lipton Tea Bags,,,,,,,,,Beverages,Tea,Tea Bags,Lipton,BEV-TEA-TB-LIPT-00770,,Lipton Tea Bags in Beverages > Tea. Simple product for Zephrant ERP import; one internal Default variant will be created.,Piece,Carton,24,2400,120,140,0,0,10,Active
Vital Tea Bags,,,,,,,,,Beverages,Tea,Tea Bags,Vital,BEV-TEA-TB-VITA-00771,,Vital Tea Bags in Beverages > Tea. Simple product for Zephrant ERP import; one internal Default variant will be created.,Piece,Carton,24,2400,120,140,0,0,10,Active
Supreme Tea Bags,,,,,,,,,Beverages,Tea,Tea Bags,Supreme,BEV-TEA-TB-SUPR-00772,,Supreme Tea Bags in Beverages > Tea. Simple product for Zephrant ERP import; one internal Default variant will be created.,Piece,Carton,24,2400,120,140,0,0,10,Active
Tapal Loose Tea,,,,,,,,,Beverages,Tea,Loose Tea,Tapal,BEV-TEA-LT-TAPA-00773,,Tapal Loose Tea in Beverages > Tea. Simple product for Zephrant ERP import; one internal Default variant will be created.,Piece,Carton,24,2400,120,140,0,0,10,Active
Lipton Loose Tea,,,,,,,,,Beverages,Tea,Loose Tea,Lipton,BEV-TEA-LT-LIPT-00774,,Lipton Loose Tea in Beverages > Tea. Simple product for Zephrant ERP import; one internal Default variant will be created.,Piece,Carton,24,2400,120,140,0,0,10,Active
Vital Loose Tea,,,,,,,,,Beverages,Tea,Loose Tea,Vital,BEV-TEA-LT-VITA-00775,,Vital Loose Tea in Beverages > Tea. Simple product for Zephrant ERP import; one internal Default variant will be created.,Piece,Carton,24,2400,120,140,0,0,10,Active
Supreme Loose Tea,,,,,,,,,Beverages,Tea,Loose Tea,Supreme,BEV-TEA-LT-SUPR-00776,,Supreme Loose Tea in Beverages > Tea. Simple product for Zephrant ERP import; one internal Default variant will be created.,Piece,Carton,24,2400,120,140,0,0,10,Active
Tapal Green Tea Bags,,,,,,,,,Beverages,Green Tea,Green Tea Bags,Tapal,BEV-GT-GTB-TAPA-00777,,Tapal Green Tea Bags in Beverages > Green Tea. Simple product for Zephrant ERP import; one internal Default variant will be created.,Piece,Carton,24,2400,120,140,0,0,10,Active
Lipton Green Tea Bags,,,,,,,,,Beverages,Green Tea,Green Tea Bags,Lipton,BEV-GT-GTB-LIPT-00778,,Lipton Green Tea Bags in Beverages > Green Tea. Simple product for Zephrant ERP import; one internal Default variant will be created.,Piece,Carton,24,2400,120,140,0,0,10,Active
Vital Green Tea Bags,,,,,,,,,Beverages,Green Tea,Green Tea Bags,Vital,BEV-GT-GTB-VITA-00779,,Vital Green Tea Bags in Beverages > Green Tea. Simple product for Zephrant ERP import; one internal Default variant will be created.,Piece,Carton,24,2400,120,140,0,0,10,Active
Tetley Green Tea Bags,,,,,,,,,Beverages,Green Tea,Green Tea Bags,Tetley,BEV-GT-GTB-TETL-00780,,Tetley Green Tea Bags in Beverages > Green Tea. Simple product for Zephrant ERP import; one internal Default variant will be created.,Piece,Carton,24,2400,120,140,0,0,10,Active
Tapal Loose Green Tea,,,,,,,,,Beverages,Green Tea,Loose Green Tea,Tapal,BEV-GT-LGT-TAPA-00781,,Tapal Loose Green Tea in Beverages > Green Tea. Simple product for Zephrant ERP import; one internal Default variant will be created.,Piece,Carton,24,2400,120,140,0,0,10,Active
Lipton Loose Green Tea,,,,,,,,,Beverages,Green Tea,Loose Green Tea,Lipton,BEV-GT-LGT-LIPT-00782,,Lipton Loose Green Tea in Beverages > Green Tea. Simple product for Zephrant ERP import; one internal Default variant will be created.,Piece,Carton,24,2400,120,140,0,0,10,Active
Vital Loose Green Tea,,,,,,,,,Beverages,Green Tea,Loose Green Tea,Vital,BEV-GT-LGT-VITA-00783,,Vital Loose Green Tea in Beverages > Green Tea. Simple product for Zephrant ERP import; one internal Default variant will be created.,Piece,Carton,24,2400,120,140,0,0,10,Active
Tetley Loose Green Tea,,,,,,,,,Beverages,Green Tea,Loose Green Tea,Tetley,BEV-GT-LGT-TETL-00784,,Tetley Loose Green Tea in Beverages > Green Tea. Simple product for Zephrant ERP import; one internal Default variant will be created.,Piece,Carton,24,2400,120,140,0,0,10,Active
Tapal Lemon Green Tea,,,,,,,,,Beverages,Green Tea,Lemon Green Tea,Tapal,BEV-GT-LGT-TAPA-00785,,Tapal Lemon Green Tea in Beverages > Green Tea. Simple product for Zephrant ERP import; one internal Default variant will be created.,Piece,Carton,24,2400,120,140,0,0,10,Active
Lipton Lemon Green Tea,,,,,,,,,Beverages,Green Tea,Lemon Green Tea,Lipton,BEV-GT-LGT-LIPT-00786,,Lipton Lemon Green Tea in Beverages > Green Tea. Simple product for Zephrant ERP import; one internal Default variant will be created.,Piece,Carton,24,2400,120,140,0,0,10,Active
Vital Lemon Green Tea,,,,,,,,,Beverages,Green Tea,Lemon Green Tea,Vital,BEV-GT-LGT-VITA-00787,,Vital Lemon Green Tea in Beverages > Green Tea. Simple product for Zephrant ERP import; one internal Default variant will be created.,Piece,Carton,24,2400,120,140,0,0,10,Active
Tetley Lemon Green Tea,,,,,,,,,Beverages,Green Tea,Lemon Green Tea,Tetley,BEV-GT-LGT-TETL-00788,,Tetley Lemon Green Tea in Beverages > Green Tea. Simple product for Zephrant ERP import; one internal Default variant will be created.,Piece,Carton,24,2400,120,140,0,0,10,Active
Lipton Chamomile Tea,,,,,,,,,Beverages,Herbal Tea,Chamomile Tea,Lipton,BEV-HT-CT-LIPT-00789,,Lipton Chamomile Tea in Beverages > Herbal Tea. Simple product for Zephrant ERP import; one internal Default variant will be created.,Piece,Carton,24,2400,120,140,0,0,10,Active
Tetley Chamomile Tea,,,,,,,,,Beverages,Herbal Tea,Chamomile Tea,Tetley,BEV-HT-CT-TETL-00790,,Tetley Chamomile Tea in Beverages > Herbal Tea. Simple product for Zephrant ERP import; one internal Default variant will be created.,Piece,Carton,24,2400,120,140,0,0,10,Active
Twinings Chamomile Tea,,,,,,,,,Beverages,Herbal Tea,Chamomile Tea,Twinings,BEV-HT-CT-TWIN-00791,,Twinings Chamomile Tea in Beverages > Herbal Tea. Simple product for Zephrant ERP import; one internal Default variant will be created.,Piece,Carton,24,2400,120,140,0,0,10,Active
Chamomile Tea,,,,,,,,,Beverages,Herbal Tea,Chamomile Tea,Store Brand,BEV-HT-CT-SB-00792,,Chamomile Tea in Beverages > Herbal Tea. Simple product for Zephrant ERP import; one internal Default variant will be created.,Piece,Carton,24,2400,120,140,0,0,10,Active
Lipton Mint Tea,,,,,,,,,Beverages,Herbal Tea,Mint Tea,Lipton,BEV-HT-MT-LIPT-00793,,Lipton Mint Tea in Beverages > Herbal Tea. Simple product for Zephrant ERP import; one internal Default variant will be created.,Piece,Carton,24,2400,120,140,0,0,10,Active
Tetley Mint Tea,,,,,,,,,Beverages,Herbal Tea,Mint Tea,Tetley,BEV-HT-MT-TETL-00794,,Tetley Mint Tea in Beverages > Herbal Tea. Simple product for Zephrant ERP import; one internal Default variant will be created.,Piece,Carton,24,2400,120,140,0,0,10,Active
Twinings Mint Tea,,,,,,,,,Beverages,Herbal Tea,Mint Tea,Twinings,BEV-HT-MT-TWIN-00795,,Twinings Mint Tea in Beverages > Herbal Tea. Simple product for Zephrant ERP import; one internal Default variant will be created.,Piece,Carton,24,2400,120,140,0,0,10,Active
Mint Tea,,,,,,,,,Beverages,Herbal Tea,Mint Tea,Store Brand,BEV-HT-MT-SB-00796,,Mint Tea in Beverages > Herbal Tea. Simple product for Zephrant ERP import; one internal Default variant will be created.,Piece,Carton,24,2400,120,140,0,0,10,Active
Lipton Ginger Tea,,,,,,,,,Beverages,Herbal Tea,Ginger Tea,Lipton,BEV-HT-GT-LIPT-00797,,Lipton Ginger Tea in Beverages > Herbal Tea. Simple product for Zephrant ERP import; one internal Default variant will be created.,Piece,Carton,24,2400,120,140,0,0,10,Active
Tetley Ginger Tea,,,,,,,,,Beverages,Herbal Tea,Ginger Tea,Tetley,BEV-HT-GT-TETL-00798,,Tetley Ginger Tea in Beverages > Herbal Tea. Simple product for Zephrant ERP import; one internal Default variant will be created.,Piece,Carton,24,2400,120,140,0,0,10,Active
Twinings Ginger Tea,,,,,,,,,Beverages,Herbal Tea,Ginger Tea,Twinings,BEV-HT-GT-TWIN-00799,,Twinings Ginger Tea in Beverages > Herbal Tea. Simple product for Zephrant ERP import; one internal Default variant will be created.,Piece,Carton,24,2400,120,140,0,0,10,Active
Ginger Tea,,,,,,,,,Beverages,Herbal Tea,Ginger Tea,Store Brand,BEV-HT-GT-SB-00800,,Ginger Tea in Beverages > Herbal Tea. Simple product for Zephrant ERP import; one internal Default variant will be created.,Piece,Carton,24,2400,120,140,0,0,10,Active
Nescafe Ground Coffee,,,,,,,,,Beverages,Coffee,Ground Coffee,Nescafe,BEV-COFF-GC-NESC-00801,,Nescafe Ground Coffee in Beverages > Coffee. Simple product for Zephrant ERP import; one internal Default variant will be created.,Piece,Carton,24,2400,120,140,0,0,10,Active
Davidoff Ground Coffee,,,,,,,,,Beverages,Coffee,Ground Coffee,Davidoff,BEV-COFF-GC-DAVI-00802,,Davidoff Ground Coffee in Beverages > Coffee. Simple product for Zephrant ERP import; one internal Default variant will be created.,Piece,Carton,24,2400,120,140,0,0,10,Active
Lavazza Ground Coffee,,,,,,,,,Beverages,Coffee,Ground Coffee,Lavazza,BEV-COFF-GC-LAVA-00803,,Lavazza Ground Coffee in Beverages > Coffee. Simple product for Zephrant ERP import; one internal Default variant will be created.,Piece,Carton,24,2400,120,140,0,0,10,Active
Ground Coffee,,,,,,,,,Beverages,Coffee,Ground Coffee,Store Brand,BEV-COFF-GC-SB-00804,,Ground Coffee in Beverages > Coffee. Simple product for Zephrant ERP import; one internal Default variant will be created.,Piece,Carton,24,2400,120,140,0,0,10,Active
Nescafe Coffee Beans,,,,,,,,,Beverages,Coffee,Coffee Beans,Nescafe,BEV-COFF-CB-NESC-00805,,Nescafe Coffee Beans in Beverages > Coffee. Simple product for Zephrant ERP import; one internal Default variant will be created.,Piece,Carton,24,2400,120,140,0,0,10,Active
Davidoff Coffee Beans,,,,,,,,,Beverages,Coffee,Coffee Beans,Davidoff,BEV-COFF-CB-DAVI-00806,,Davidoff Coffee Beans in Beverages > Coffee. Simple product for Zephrant ERP import; one internal Default variant will be created.,Piece,Carton,24,2400,120,140,0,0,10,Active
Lavazza Coffee Beans,,,,,,,,,Beverages,Coffee,Coffee Beans,Lavazza,BEV-COFF-CB-LAVA-00807,,Lavazza Coffee Beans in Beverages > Coffee. Simple product for Zephrant ERP import; one internal Default variant will be created.,Piece,Carton,24,2400,120,140,0,0,10,Active
Coffee Beans,,,,,,,,,Beverages,Coffee,Coffee Beans,Store Brand,BEV-COFF-CB-SB-00808,,Coffee Beans in Beverages > Coffee. Simple product for Zephrant ERP import; one internal Default variant will be created.,Piece,Carton,24,2400,120,140,0,0,10,Active
Nescafe Instant Coffee,,,,,,,,,Beverages,Instant Coffee,Instant Coffee,Nescafe,BEV-IC-IC-NESC-00809,,Nescafe Instant Coffee in Beverages > Instant Coffee. Simple product for Zephrant ERP import; one internal Default variant will be created.,Piece,Carton,24,2400,120,140,0,0,10,Active
Davidoff Instant Coffee,,,,,,,,,Beverages,Instant Coffee,Instant Coffee,Davidoff,BEV-IC-IC-DAVI-00810,,Davidoff Instant Coffee in Beverages > Instant Coffee. Simple product for Zephrant ERP import; one internal Default variant will be created.,Piece,Carton,24,2400,120,140,0,0,10,Active
Maxwell House Instant Coffee,,,,,,,,,Beverages,Instant Coffee,Instant Coffee,Maxwell House,BEV-IC-IC-MH-00811,,Maxwell House Instant Coffee in Beverages > Instant Coffee. Simple product for Zephrant ERP import; one internal Default variant will be created.,Piece,Carton,24,2400,120,140,0,0,10,Active
Instant Coffee,,,,,,,,,Beverages,Instant Coffee,Instant Coffee,Store Brand,BEV-IC-IC-SB-00812,,Instant Coffee in Beverages > Instant Coffee. Simple product for Zephrant ERP import; one internal Default variant will be created.,Piece,Carton,24,2400,120,140,0,0,10,Active
Nescafe Coffee Sachet,,,,,,,,,Beverages,Instant Coffee,Coffee Sachet,Nescafe,BEV-IC-CS-NESC-00813,,Nescafe Coffee Sachet in Beverages > Instant Coffee. Simple product for Zephrant ERP import; one internal Default variant will be created.,Piece,Carton,24,2400,120,140,0,0,10,Active
Davidoff Coffee Sachet,,,,,,,,,Beverages,Instant Coffee,Coffee Sachet,Davidoff,BEV-IC-CS-DAVI-00814,,Davidoff Coffee Sachet in Beverages > Instant Coffee. Simple product for Zephrant ERP import; one internal Default variant will be created.,Piece,Carton,24,2400,120,140,0,0,10,Active
Maxwell House Coffee Sachet,,,,,,,,,Beverages,Instant Coffee,Coffee Sachet,Maxwell House,BEV-IC-CS-MH-00815,,Maxwell House Coffee Sachet in Beverages > Instant Coffee. Simple product for Zephrant ERP import; one internal Default variant will be created.,Piece,Carton,24,2400,120,140,0,0,10,Active
Coffee Sachet,,,,,,,,,Beverages,Instant Coffee,Coffee Sachet,Store Brand,BEV-IC-CS-SB-00816,,Coffee Sachet in Beverages > Instant Coffee. Simple product for Zephrant ERP import; one internal Default variant will be created.,Piece,Carton,24,2400,120,140,0,0,10,Active
Nestle Tea Whitener,,,,,,,,,Beverages,Tea Whiteners & Creamers,Tea Whitener,Nestle,BEV-TWC-TW-NEST-00817,,Nestle Tea Whitener in Beverages > Tea Whiteners & Creamers. Simple product for Zephrant ERP import; one internal Default variant will be created.,Piece,Carton,24,2400,120,140,0,0,10,Active
Everyday Tea Whitener,,,,,,,,,Beverages,Tea Whiteners & Creamers,Tea Whitener,Everyday,BEV-TWC-TW-EVER-00818,,Everyday Tea Whitener in Beverages > Tea Whiteners & Creamers. Simple product for Zephrant ERP import; one internal Default variant will be created.,Piece,Carton,24,2400,120,140,0,0,10,Active
Tarang Tea Whitener,,,,,,,,,Beverages,Tea Whiteners & Creamers,Tea Whitener,Tarang,BEV-TWC-TW-TARA-00819,,Tarang Tea Whitener in Beverages > Tea Whiteners & Creamers. Simple product for Zephrant ERP import; one internal Default variant will be created.,Piece,Carton,24,2400,120,140,0,0,10,Active
Tea Max Tea Whitener,,,,,,,,,Beverages,Tea Whiteners & Creamers,Tea Whitener,Tea Max,BEV-TWC-TW-TM-00820,,Tea Max Tea Whitener in Beverages > Tea Whiteners & Creamers. Simple product for Zephrant ERP import; one internal Default variant will be created.,Piece,Carton,24,2400,120,140,0,0,10,Active
Nestle Coffee Creamer,,,,,,,,,Beverages,Tea Whiteners & Creamers,Coffee Creamer,Nestle,BEV-TWC-CC-NEST-00821,,Nestle Coffee Creamer in Beverages > Tea Whiteners & Creamers. Simple product for Zephrant ERP import; one internal Default variant will be created.,Piece,Carton,24,2400,120,140,0,0,10,Active
Everyday Coffee Creamer,,,,,,,,,Beverages,Tea Whiteners & Creamers,Coffee Creamer,Everyday,BEV-TWC-CC-EVER-00822,,Everyday Coffee Creamer in Beverages > Tea Whiteners & Creamers. Simple product for Zephrant ERP import; one internal Default variant will be created.,Piece,Carton,24,2400,120,140,0,0,10,Active
Tarang Coffee Creamer,,,,,,,,,Beverages,Tea Whiteners & Creamers,Coffee Creamer,Tarang,BEV-TWC-CC-TARA-00823,,Tarang Coffee Creamer in Beverages > Tea Whiteners & Creamers. Simple product for Zephrant ERP import; one internal Default variant will be created.,Piece,Carton,24,2400,120,140,0,0,10,Active
Tea Max Coffee Creamer,,,,,,,,,Beverages,Tea Whiteners & Creamers,Coffee Creamer,Tea Max,BEV-TWC-CC-TM-00824,,Tea Max Coffee Creamer in Beverages > Tea Whiteners & Creamers. Simple product for Zephrant ERP import; one internal Default variant will be created.,Piece,Carton,24,2400,120,140,0,0,10,Active
Nestle Dairy Creamer,,,,,,,,,Beverages,Tea Whiteners & Creamers,Dairy Creamer,Nestle,BEV-TWC-DC-NEST-00825,,Nestle Dairy Creamer in Beverages > Tea Whiteners & Creamers. Simple product for Zephrant ERP import; one internal Default variant will be created.,Piece,Carton,24,2400,120,140,0,0,10,Active
Everyday Dairy Creamer,,,,,,,,,Beverages,Tea Whiteners & Creamers,Dairy Creamer,Everyday,BEV-TWC-DC-EVER-00826,,Everyday Dairy Creamer in Beverages > Tea Whiteners & Creamers. Simple product for Zephrant ERP import; one internal Default variant will be created.,Piece,Carton,24,2400,120,140,0,0,10,Active
Tarang Dairy Creamer,,,,,,,,,Beverages,Tea Whiteners & Creamers,Dairy Creamer,Tarang,BEV-TWC-DC-TARA-00827,,Tarang Dairy Creamer in Beverages > Tea Whiteners & Creamers. Simple product for Zephrant ERP import; one internal Default variant will be created.,Piece,Carton,24,2400,120,140,0,0,10,Active
Tea Max Dairy Creamer,,,,,,,,,Beverages,Tea Whiteners & Creamers,Dairy Creamer,Tea Max,BEV-TWC-DC-TM-00828,,Tea Max Dairy Creamer in Beverages > Tea Whiteners & Creamers. Simple product for Zephrant ERP import; one internal Default variant will be created.,Piece,Carton,24,2400,120,140,0,0,10,Active
Cadbury Hot Chocolate Powder,,,,,,,,,Beverages,Hot Chocolate,Hot Chocolate Powder,Cadbury,BEV-HC-HCP-CADB-00829,,Cadbury Hot Chocolate Powder in Beverages > Hot Chocolate. Simple product for Zephrant ERP import; one internal Default variant will be created.,Piece,Box,24,1200,70,80,0,0,10,Active
Nestle Hot Chocolate Powder,,,,,,,,,Beverages,Hot Chocolate,Hot Chocolate Powder,Nestle,BEV-HC-HCP-NEST-00830,,Nestle Hot Chocolate Powder in Beverages > Hot Chocolate. Simple product for Zephrant ERP import; one internal Default variant will be created.,Piece,Box,24,1200,70,80,0,0,10,Active
Milo Hot Chocolate Powder,,,,,,,,,Beverages,Hot Chocolate,Hot Chocolate Powder,Milo,BEV-HC-HCP-MILO-00831,,Milo Hot Chocolate Powder in Beverages > Hot Chocolate. Simple product for Zephrant ERP import; one internal Default variant will be created.,Piece,Box,24,1200,70,80,0,0,10,Active
Hot Chocolate Powder,,,,,,,,,Beverages,Hot Chocolate,Hot Chocolate Powder,Store Brand,BEV-HC-HCP-SB-00832,,Hot Chocolate Powder in Beverages > Hot Chocolate. Simple product for Zephrant ERP import; one internal Default variant will be created.,Piece,Box,24,1200,70,80,0,0,10,Active
Cadbury Chocolate Drink Mix,,,,,,,,,Beverages,Hot Chocolate,Chocolate Drink Mix,Cadbury,BEV-HC-CDM-CADB-00833,,Cadbury Chocolate Drink Mix in Beverages > Hot Chocolate. Simple product for Zephrant ERP import; one internal Default variant will be created.,Piece,Carton,24,2400,120,140,0,0,10,Active
Nestle Chocolate Drink Mix,,,,,,,,,Beverages,Hot Chocolate,Chocolate Drink Mix,Nestle,BEV-HC-CDM-NEST-00834,,Nestle Chocolate Drink Mix in Beverages > Hot Chocolate. Simple product for Zephrant ERP import; one internal Default variant will be created.,Piece,Carton,24,2400,120,140,0,0,10,Active
Milo Chocolate Drink Mix,,,,,,,,,Beverages,Hot Chocolate,Chocolate Drink Mix,Milo,BEV-HC-CDM-MILO-00835,,Milo Chocolate Drink Mix in Beverages > Hot Chocolate. Simple product for Zephrant ERP import; one internal Default variant will be created.,Piece,Carton,24,2400,120,140,0,0,10,Active
Chocolate Drink Mix,,,,,,,,,Beverages,Hot Chocolate,Chocolate Drink Mix,Store Brand,BEV-HC-CDM-SB-00836,,Chocolate Drink Mix in Beverages > Hot Chocolate. Simple product for Zephrant ERP import; one internal Default variant will be created.,Piece,Carton,24,2400,120,140,0,0,10,Active
Pepsi Cola Drink,,,,,,,,,Beverages,Carbonated Soft Drinks,Cola Drink,Pepsi,BEV-CSD-CD-PEPS-00837,,Pepsi Cola Drink in Beverages > Carbonated Soft Drinks. Simple product for Zephrant ERP import; one internal Default variant will be created.,Piece,Carton,24,2400,120,140,0,0,10,Active
Coca-Cola Cola Drink,,,,,,,,,Beverages,Carbonated Soft Drinks,Cola Drink,Coca-Cola,BEV-CSD-CD-CC-00838,,Coca-Cola Cola Drink in Beverages > Carbonated Soft Drinks. Simple product for Zephrant ERP import; one internal Default variant will be created.,Piece,Carton,24,2400,120,140,0,0,10,Active
Sprite Cola Drink,,,,,,,,,Beverages,Carbonated Soft Drinks,Cola Drink,Sprite,BEV-CSD-CD-SPRI-00839,,Sprite Cola Drink in Beverages > Carbonated Soft Drinks. Simple product for Zephrant ERP import; one internal Default variant will be created.,Piece,Carton,24,2400,120,140,0,0,10,Active
7UP Cola Drink,,,,,,,,,Beverages,Carbonated Soft Drinks,Cola Drink,7UP,BEV-CSD-CD-7UP-00840,,7UP Cola Drink in Beverages > Carbonated Soft Drinks. Simple product for Zephrant ERP import; one internal Default variant will be created.,Piece,Carton,24,2400,120,140,0,0,10,Active
Pepsi Lemon Lime Drink,,,,,,,,,Beverages,Carbonated Soft Drinks,Lemon Lime Drink,Pepsi,BEV-CSD-LLD-PEPS-00841,,Pepsi Lemon Lime Drink in Beverages > Carbonated Soft Drinks. Simple product for Zephrant ERP import; one internal Default variant will be created.,Piece,Carton,24,2400,120,140,0,0,10,Active
Coca-Cola Lemon Lime Drink,,,,,,,,,Beverages,Carbonated Soft Drinks,Lemon Lime Drink,Coca-Cola,BEV-CSD-LLD-CC-00842,,Coca-Cola Lemon Lime Drink in Beverages > Carbonated Soft Drinks. Simple product for Zephrant ERP import; one internal Default variant will be created.,Piece,Carton,24,2400,120,140,0,0,10,Active
Sprite Lemon Lime Drink,,,,,,,,,Beverages,Carbonated Soft Drinks,Lemon Lime Drink,Sprite,BEV-CSD-LLD-SPRI-00843,,Sprite Lemon Lime Drink in Beverages > Carbonated Soft Drinks. Simple product for Zephrant ERP import; one internal Default variant will be created.,Piece,Carton,24,2400,120,140,0,0,10,Active
7UP Lemon Lime Drink,,,,,,,,,Beverages,Carbonated Soft Drinks,Lemon Lime Drink,7UP,BEV-CSD-LLD-7UP-00844,,7UP Lemon Lime Drink in Beverages > Carbonated Soft Drinks. Simple product for Zephrant ERP import; one internal Default variant will be created.,Piece,Carton,24,2400,120,140,0,0,10,Active
Pepsi Orange Drink,,,,,,,,,Beverages,Carbonated Soft Drinks,Orange Drink,Pepsi,BEV-CSD-OD-PEPS-00845,,Pepsi Orange Drink in Beverages > Carbonated Soft Drinks. Simple product for Zephrant ERP import; one internal Default variant will be created.,Piece,Carton,24,2400,120,140,0,0,10,Active
Coca-Cola Orange Drink,,,,,,,,,Beverages,Carbonated Soft Drinks,Orange Drink,Coca-Cola,BEV-CSD-OD-CC-00846,,Coca-Cola Orange Drink in Beverages > Carbonated Soft Drinks. Simple product for Zephrant ERP import; one internal Default variant will be created.,Piece,Carton,24,2400,120,140,0,0,10,Active
Sprite Orange Drink,,,,,,,,,Beverages,Carbonated Soft Drinks,Orange Drink,Sprite,BEV-CSD-OD-SPRI-00847,,Sprite Orange Drink in Beverages > Carbonated Soft Drinks. Simple product for Zephrant ERP import; one internal Default variant will be created.,Piece,Carton,24,2400,120,140,0,0,10,Active
7UP Orange Drink,,,,,,,,,Beverages,Carbonated Soft Drinks,Orange Drink,7UP,BEV-CSD-OD-7UP-00848,,7UP Orange Drink in Beverages > Carbonated Soft Drinks. Simple product for Zephrant ERP import; one internal Default variant will be created.,Piece,Carton,24,2400,120,140,0,0,10,Active
Pepsi Clear Soft Drink,,,,,,,,,Beverages,Carbonated Soft Drinks,Clear Soft Drink,Pepsi,BEV-CSD-CSD-PEPS-00849,,Pepsi Clear Soft Drink in Beverages > Carbonated Soft Drinks. Simple product for Zephrant ERP import; one internal Default variant will be created.,Piece,Carton,24,2400,120,140,0,0,10,Active
Coca-Cola Clear Soft Drink,,,,,,,,,Beverages,Carbonated Soft Drinks,Clear Soft Drink,Coca-Cola,BEV-CSD-CSD-CC-00850,,Coca-Cola Clear Soft Drink in Beverages > Carbonated Soft Drinks. Simple product for Zephrant ERP import; one internal Default variant will be created.,Piece,Carton,24,2400,120,140,0,0,10,Active
Sprite Clear Soft Drink,,,,,,,,,Beverages,Carbonated Soft Drinks,Clear Soft Drink,Sprite,BEV-CSD-CSD-SPRI-00851,,Sprite Clear Soft Drink in Beverages > Carbonated Soft Drinks. Simple product for Zephrant ERP import; one internal Default variant will be created.,Piece,Carton,24,2400,120,140,0,0,10,Active
7UP Clear Soft Drink,,,,,,,,,Beverages,Carbonated Soft Drinks,Clear Soft Drink,7UP,BEV-CSD-CSD-7UP-00852,,7UP Clear Soft Drink in Beverages > Carbonated Soft Drinks. Simple product for Zephrant ERP import; one internal Default variant will be created.,Piece,Carton,24,2400,120,140,0,0,10,Active
Sting Energy Drink Can,,,,,,,,,Beverages,Energy Drinks,Energy Drink Can,Sting,BEV-ED-EDC-STIN-00853,,Sting Energy Drink Can in Beverages > Energy Drinks. Simple product for Zephrant ERP import; one internal Default variant will be created.,Piece,Carton,24,2400,120,140,0,0,10,Active
Red Bull Energy Drink Can,,,,,,,,,Beverages,Energy Drinks,Energy Drink Can,Red Bull,BEV-ED-EDC-RB-00854,,Red Bull Energy Drink Can in Beverages > Energy Drinks. Simple product for Zephrant ERP import; one internal Default variant will be created.,Piece,Carton,24,2400,120,140,0,0,10,Active
Monster Energy Drink Can,,,,,,,,,Beverages,Energy Drinks,Energy Drink Can,Monster,BEV-ED-EDC-MONS-00855,,Monster Energy Drink Can in Beverages > Energy Drinks. Simple product for Zephrant ERP import; one internal Default variant will be created.,Piece,Carton,24,2400,120,140,0,0,10,Active
Booster Energy Drink Can,,,,,,,,,Beverages,Energy Drinks,Energy Drink Can,Booster,BEV-ED-EDC-BOOS-00856,,Booster Energy Drink Can in Beverages > Energy Drinks. Simple product for Zephrant ERP import; one internal Default variant will be created.,Piece,Carton,24,2400,120,140,0,0,10,Active
Sting Energy Drink Bottle,,,,,,,,,Beverages,Energy Drinks,Energy Drink Bottle,Sting,BEV-ED-EDB-STIN-00857,,Sting Energy Drink Bottle in Beverages > Energy Drinks. Simple product for Zephrant ERP import; one internal Default variant will be created.,Piece,Carton,24,2400,120,140,0,0,10,Active
Red Bull Energy Drink Bottle,,,,,,,,,Beverages,Energy Drinks,Energy Drink Bottle,Red Bull,BEV-ED-EDB-RB-00858,,Red Bull Energy Drink Bottle in Beverages > Energy Drinks. Simple product for Zephrant ERP import; one internal Default variant will be created.,Piece,Carton,24,2400,120,140,0,0,10,Active
Monster Energy Drink Bottle,,,,,,,,,Beverages,Energy Drinks,Energy Drink Bottle,Monster,BEV-ED-EDB-MONS-00859,,Monster Energy Drink Bottle in Beverages > Energy Drinks. Simple product for Zephrant ERP import; one internal Default variant will be created.,Piece,Carton,24,2400,120,140,0,0,10,Active
Booster Energy Drink Bottle,,,,,,,,,Beverages,Energy Drinks,Energy Drink Bottle,Booster,BEV-ED-EDB-BOOS-00860,,Booster Energy Drink Bottle in Beverages > Energy Drinks. Simple product for Zephrant ERP import; one internal Default variant will be created.,Piece,Carton,24,2400,120,140,0,0,10,Active
Gatorade Sports Drink Bottle,,,,,,,,,Beverages,Sports Drinks,Sports Drink Bottle,Gatorade,BEV-SD-SDB-GATO-00861,,Gatorade Sports Drink Bottle in Beverages > Sports Drinks. Simple product for Zephrant ERP import; one internal Default variant will be created.,Piece,Carton,24,2400,120,140,0,0,10,Active
Powerade Sports Drink Bottle,,,,,,,,,Beverages,Sports Drinks,Sports Drink Bottle,Powerade,BEV-SD-SDB-POWE-00862,,Powerade Sports Drink Bottle in Beverages > Sports Drinks. Simple product for Zephrant ERP import; one internal Default variant will be created.,Piece,Carton,24,2400,120,140,0,0,10,Active
Sports Drink Bottle,,,,,,,,,Beverages,Sports Drinks,Sports Drink Bottle,Store Brand,BEV-SD-SDB-SB-00863,,Sports Drink Bottle in Beverages > Sports Drinks. Simple product for Zephrant ERP import; one internal Default variant will be created.,Piece,Carton,24,2400,120,140,0,0,10,Active
Gatorade Electrolyte Drink,,,,,,,,,Beverages,Sports Drinks,Electrolyte Drink,Gatorade,BEV-SD-ED-GATO-00864,,Gatorade Electrolyte Drink in Beverages > Sports Drinks. Simple product for Zephrant ERP import; one internal Default variant will be created.,Piece,Carton,24,2400,120,140,0,0,10,Active
Powerade Electrolyte Drink,,,,,,,,,Beverages,Sports Drinks,Electrolyte Drink,Powerade,BEV-SD-ED-POWE-00865,,Powerade Electrolyte Drink in Beverages > Sports Drinks. Simple product for Zephrant ERP import; one internal Default variant will be created.,Piece,Carton,24,2400,120,140,0,0,10,Active
Electrolyte Drink,,,,,,,,,Beverages,Sports Drinks,Electrolyte Drink,Store Brand,BEV-SD-ED-SB-00866,,Electrolyte Drink in Beverages > Sports Drinks. Simple product for Zephrant ERP import; one internal Default variant will be created.,Piece,Carton,24,2400,120,140,0,0,10,Active
Lemon Flavored Water,,,,,,,,,Beverages,Flavored Water,Lemon Flavored Water,Store Brand,BEV-FW-LFW-SB-00867,,Lemon Flavored Water in Beverages > Flavored Water. Simple product for Zephrant ERP import; one internal Default variant will be created.,Piece,Carton,24,2400,120,140,0,0,10,Active
Lemon Flavored Water,,,,,,,,,Beverages,Flavored Water,Lemon Flavored Water,Local Brand,BEV-FW-LFW-LB-00868,,Lemon Flavored Water in Beverages > Flavored Water. Simple product for Zephrant ERP import; one internal Default variant will be created.,Piece,Carton,24,2400,120,140,0,0,10,Active
Lemon Flavored Water,,,,,,,,,Beverages,Flavored Water,Lemon Flavored Water,Imported Brand,BEV-FW-LFW-IB-00869,,Lemon Flavored Water in Beverages > Flavored Water. Simple product for Zephrant ERP import; one internal Default variant will be created.,Piece,Carton,24,2400,120,140,0,0,10,Active
Berry Flavored Water,,,,,,,,,Beverages,Flavored Water,Berry Flavored Water,Store Brand,BEV-FW-BFW-SB-00870,,Berry Flavored Water in Beverages > Flavored Water. Simple product for Zephrant ERP import; one internal Default variant will be created.,Piece,Carton,24,2400,120,140,0,0,10,Active
Berry Flavored Water,,,,,,,,,Beverages,Flavored Water,Berry Flavored Water,Local Brand,BEV-FW-BFW-LB-00871,,Berry Flavored Water in Beverages > Flavored Water. Simple product for Zephrant ERP import; one internal Default variant will be created.,Piece,Carton,24,2400,120,140,0,0,10,Active
Berry Flavored Water,,,,,,,,,Beverages,Flavored Water,Berry Flavored Water,Imported Brand,BEV-FW-BFW-IB-00872,,Berry Flavored Water in Beverages > Flavored Water. Simple product for Zephrant ERP import; one internal Default variant will be created.,Piece,Carton,24,2400,120,140,0,0,10,Active
Nestle Mineral Water Bottle,,,,,,,,,Beverages,Mineral Water,Mineral Water Bottle,Nestle,BEV-MW-MWB-NEST-00873,,Nestle Mineral Water Bottle in Beverages > Mineral Water. Simple product for Zephrant ERP import; one internal Default variant will be created.,Piece,Carton,24,2400,120,140,0,0,10,Active
Aquafina Mineral Water Bottle,,,,,,,,,Beverages,Mineral Water,Mineral Water Bottle,Aquafina,BEV-MW-MWB-AQUA-00874,,Aquafina Mineral Water Bottle in Beverages > Mineral Water. Simple product for Zephrant ERP import; one internal Default variant will be created.,Piece,Carton,24,2400,120,140,0,0,10,Active
Kinley Mineral Water Bottle,,,,,,,,,Beverages,Mineral Water,Mineral Water Bottle,Kinley,BEV-MW-MWB-KINL-00875,,Kinley Mineral Water Bottle in Beverages > Mineral Water. Simple product for Zephrant ERP import; one internal Default variant will be created.,Piece,Carton,24,2400,120,140,0,0,10,Active
Dasani Mineral Water Bottle,,,,,,,,,Beverages,Mineral Water,Mineral Water Bottle,Dasani,BEV-MW-MWB-DASA-00876,,Dasani Mineral Water Bottle in Beverages > Mineral Water. Simple product for Zephrant ERP import; one internal Default variant will be created.,Piece,Carton,24,2400,120,140,0,0,10,Active
Nestle Mineral Water Large Bottle,,,,,,,,,Beverages,Mineral Water,Mineral Water Large Bottle,Nestle,BEV-MW-MWLB-NEST-00877,,Nestle Mineral Water Large Bottle in Beverages > Mineral Water. Simple product for Zephrant ERP import; one internal Default variant will be created.,Piece,Carton,24,2400,120,140,0,0,10,Active
Aquafina Mineral Water Large Bottle,,,,,,,,,Beverages,Mineral Water,Mineral Water Large Bottle,Aquafina,BEV-MW-MWLB-AQUA-00878,,Aquafina Mineral Water Large Bottle in Beverages > Mineral Water. Simple product for Zephrant ERP import; one internal Default variant will be created.,Piece,Carton,24,2400,120,140,0,0,10,Active
Kinley Mineral Water Large Bottle,,,,,,,,,Beverages,Mineral Water,Mineral Water Large Bottle,Kinley,BEV-MW-MWLB-KINL-00879,,Kinley Mineral Water Large Bottle in Beverages > Mineral Water. Simple product for Zephrant ERP import; one internal Default variant will be created.,Piece,Carton,24,2400,120,140,0,0,10,Active
Dasani Mineral Water Large Bottle,,,,,,,,,Beverages,Mineral Water,Mineral Water Large Bottle,Dasani,BEV-MW-MWLB-DASA-00880,,Dasani Mineral Water Large Bottle in Beverages > Mineral Water. Simple product for Zephrant ERP import; one internal Default variant will be created.,Piece,Carton,24,2400,120,140,0,0,10,Active
Sparkling Water Bottle,,,,,,,,,Beverages,Sparkling Water,Sparkling Water Bottle,Store Brand,BEV-SW-SWB-SB-00881,,Sparkling Water Bottle in Beverages > Sparkling Water. Simple product for Zephrant ERP import; one internal Default variant will be created.,Piece,Carton,24,2400,120,140,0,0,10,Active
Sparkling Water Bottle,,,,,,,,,Beverages,Sparkling Water,Sparkling Water Bottle,Local Brand,BEV-SW-SWB-LB-00882,,Sparkling Water Bottle in Beverages > Sparkling Water. Simple product for Zephrant ERP import; one internal Default variant will be created.,Piece,Carton,24,2400,120,140,0,0,10,Active
Sparkling Water Bottle,,,,,,,,,Beverages,Sparkling Water,Sparkling Water Bottle,Imported Brand,BEV-SW-SWB-IB-00883,,Sparkling Water Bottle in Beverages > Sparkling Water. Simple product for Zephrant ERP import; one internal Default variant will be created.,Piece,Carton,24,2400,120,140,0,0,10,Active
Nestle Fruita Vitals Mango Juice,,,,,,,,,Beverages,Fruit Juices,Mango Juice,Nestle Fruita Vitals,BEV-FJ-MJ-NFV-00884,,Nestle Fruita Vitals Mango Juice in Beverages > Fruit Juices. Simple product for Zephrant ERP import; one internal Default variant will be created.,Piece,Carton,24,2400,120,140,0,0,10,Active
Shezan Mango Juice,,,,,,,,,Beverages,Fruit Juices,Mango Juice,Shezan,BEV-FJ-MJ-SHEZ-00885,,Shezan Mango Juice in Beverages > Fruit Juices. Simple product for Zephrant ERP import; one internal Default variant will be created.,Piece,Carton,24,2400,120,140,0,0,10,Active
Slice Mango Juice,,,,,,,,,Beverages,Fruit Juices,Mango Juice,Slice,BEV-FJ-MJ-SLIC-00886,,Slice Mango Juice in Beverages > Fruit Juices. Simple product for Zephrant ERP import; one internal Default variant will be created.,Piece,Carton,24,2400,120,140,0,0,10,Active
Dayfresh Mango Juice,,,,,,,,,Beverages,Fruit Juices,Mango Juice,Dayfresh,BEV-FJ-MJ-DAYF-00887,,Dayfresh Mango Juice in Beverages > Fruit Juices. Simple product for Zephrant ERP import; one internal Default variant will be created.,Piece,Carton,24,2400,120,140,0,0,10,Active
Nestle Fruita Vitals Orange Juice,,,,,,,,,Beverages,Fruit Juices,Orange Juice,Nestle Fruita Vitals,BEV-FJ-OJ-NFV-00888,,Nestle Fruita Vitals Orange Juice in Beverages > Fruit Juices. Simple product for Zephrant ERP import; one internal Default variant will be created.,Piece,Carton,24,2400,120,140,0,0,10,Active
Shezan Orange Juice,,,,,,,,,Beverages,Fruit Juices,Orange Juice,Shezan,BEV-FJ-OJ-SHEZ-00889,,Shezan Orange Juice in Beverages > Fruit Juices. Simple product for Zephrant ERP import; one internal Default variant will be created.,Piece,Carton,24,2400,120,140,0,0,10,Active
Slice Orange Juice,,,,,,,,,Beverages,Fruit Juices,Orange Juice,Slice,BEV-FJ-OJ-SLIC-00890,,Slice Orange Juice in Beverages > Fruit Juices. Simple product for Zephrant ERP import; one internal Default variant will be created.,Piece,Carton,24,2400,120,140,0,0,10,Active
Dayfresh Orange Juice,,,,,,,,,Beverages,Fruit Juices,Orange Juice,Dayfresh,BEV-FJ-OJ-DAYF-00891,,Dayfresh Orange Juice in Beverages > Fruit Juices. Simple product for Zephrant ERP import; one internal Default variant will be created.,Piece,Carton,24,2400,120,140,0,0,10,Active
Nestle Fruita Vitals Apple Juice,,,,,,,,,Beverages,Fruit Juices,Apple Juice,Nestle Fruita Vitals,BEV-FJ-AJ-NFV-00892,,Nestle Fruita Vitals Apple Juice in Beverages > Fruit Juices. Simple product for Zephrant ERP import; one internal Default variant will be created.,Piece,Carton,24,2400,120,140,0,0,10,Active
Shezan Apple Juice,,,,,,,,,Beverages,Fruit Juices,Apple Juice,Shezan,BEV-FJ-AJ-SHEZ-00893,,Shezan Apple Juice in Beverages > Fruit Juices. Simple product for Zephrant ERP import; one internal Default variant will be created.,Piece,Carton,24,2400,120,140,0,0,10,Active
Slice Apple Juice,,,,,,,,,Beverages,Fruit Juices,Apple Juice,Slice,BEV-FJ-AJ-SLIC-00894,,Slice Apple Juice in Beverages > Fruit Juices. Simple product for Zephrant ERP import; one internal Default variant will be created.,Piece,Carton,24,2400,120,140,0,0,10,Active
Dayfresh Apple Juice,,,,,,,,,Beverages,Fruit Juices,Apple Juice,Dayfresh,BEV-FJ-AJ-DAYF-00895,,Dayfresh Apple Juice in Beverages > Fruit Juices. Simple product for Zephrant ERP import; one internal Default variant will be created.,Piece,Carton,24,2400,120,140,0,0,10,Active
Nestle Fruita Vitals Mixed Fruit Juice,,,,,,,,,Beverages,Fruit Juices,Mixed Fruit Juice,Nestle Fruita Vitals,BEV-FJ-MFJ-NFV-00896,,Nestle Fruita Vitals Mixed Fruit Juice in Beverages > Fruit Juices. Simple product for Zephrant ERP import; one internal Default variant will be created.,Piece,Carton,24,2400,120,140,0,0,10,Active
Shezan Mixed Fruit Juice,,,,,,,,,Beverages,Fruit Juices,Mixed Fruit Juice,Shezan,BEV-FJ-MFJ-SHEZ-00897,,Shezan Mixed Fruit Juice in Beverages > Fruit Juices. Simple product for Zephrant ERP import; one internal Default variant will be created.,Piece,Carton,24,2400,120,140,0,0,10,Active
Slice Mixed Fruit Juice,,,,,,,,,Beverages,Fruit Juices,Mixed Fruit Juice,Slice,BEV-FJ-MFJ-SLIC-00898,,Slice Mixed Fruit Juice in Beverages > Fruit Juices. Simple product for Zephrant ERP import; one internal Default variant will be created.,Piece,Carton,24,2400,120,140,0,0,10,Active
Dayfresh Mixed Fruit Juice,,,,,,,,,Beverages,Fruit Juices,Mixed Fruit Juice,Dayfresh,BEV-FJ-MFJ-DAYF-00899,,Dayfresh Mixed Fruit Juice in Beverages > Fruit Juices. Simple product for Zephrant ERP import; one internal Default variant will be created.,Piece,Carton,24,2400,120,140,0,0,10,Active
Mango Nectar,,,,,,,,,Beverages,Nectars,Mango Nectar,Store Brand,BEV-NECT-MN-SB-00900,,Mango Nectar in Beverages > Nectars. Simple product for Zephrant ERP import; one internal Default variant will be created.,Piece,Carton,12,2400,250,300,0,0,5,Active
Mango Nectar,,,,,,,,,Beverages,Nectars,Mango Nectar,Local Brand,BEV-NECT-MN-LB-00901,,Mango Nectar in Beverages > Nectars. Simple product for Zephrant ERP import; one internal Default variant will be created.,Piece,Carton,12,2400,250,300,0,0,5,Active
Mango Nectar,,,,,,,,,Beverages,Nectars,Mango Nectar,Imported Brand,BEV-NECT-MN-IB-00902,,Mango Nectar in Beverages > Nectars. Simple product for Zephrant ERP import; one internal Default variant will be created.,Piece,Carton,12,2400,250,300,0,0,5,Active
Peach Nectar,,,,,,,,,Beverages,Nectars,Peach Nectar,Store Brand,BEV-NECT-PN-SB-00903,,Peach Nectar in Beverages > Nectars. Simple product for Zephrant ERP import; one internal Default variant will be created.,Piece,Carton,12,2400,250,300,0,0,5,Active
Peach Nectar,,,,,,,,,Beverages,Nectars,Peach Nectar,Local Brand,BEV-NECT-PN-LB-00904,,Peach Nectar in Beverages > Nectars. Simple product for Zephrant ERP import; one internal Default variant will be created.,Piece,Carton,12,2400,250,300,0,0,5,Active
Peach Nectar,,,,,,,,,Beverages,Nectars,Peach Nectar,Imported Brand,BEV-NECT-PN-IB-00905,,Peach Nectar in Beverages > Nectars. Simple product for Zephrant ERP import; one internal Default variant will be created.,Piece,Carton,12,2400,250,300,0,0,5,Active
Guava Nectar,,,,,,,,,Beverages,Nectars,Guava Nectar,Store Brand,BEV-NECT-GN-SB-00906,,Guava Nectar in Beverages > Nectars. Simple product for Zephrant ERP import; one internal Default variant will be created.,Piece,Carton,12,2400,250,300,0,0,5,Active
Guava Nectar,,,,,,,,,Beverages,Nectars,Guava Nectar,Local Brand,BEV-NECT-GN-LB-00907,,Guava Nectar in Beverages > Nectars. Simple product for Zephrant ERP import; one internal Default variant will be created.,Piece,Carton,12,2400,250,300,0,0,5,Active
Guava Nectar,,,,,,,,,Beverages,Nectars,Guava Nectar,Imported Brand,BEV-NECT-GN-IB-00908,,Guava Nectar in Beverages > Nectars. Simple product for Zephrant ERP import; one internal Default variant will be created.,Piece,Carton,12,2400,250,300,0,0,5,Active
Fruit Drink,,,,,,,,,Beverages,Juice Drinks,Fruit Drink,Store Brand,BEV-JD-FD-SB-00909,,Fruit Drink in Beverages > Juice Drinks. Simple product for Zephrant ERP import; one internal Default variant will be created.,Piece,Carton,24,2400,120,140,0,0,10,Active
Fruit Drink,,,,,,,,,Beverages,Juice Drinks,Fruit Drink,Local Brand,BEV-JD-FD-LB-00910,,Fruit Drink in Beverages > Juice Drinks. Simple product for Zephrant ERP import; one internal Default variant will be created.,Piece,Carton,24,2400,120,140,0,0,10,Active
Fruit Drink,,,,,,,,,Beverages,Juice Drinks,Fruit Drink,Imported Brand,BEV-JD-FD-IB-00911,,Fruit Drink in Beverages > Juice Drinks. Simple product for Zephrant ERP import; one internal Default variant will be created.,Piece,Carton,24,2400,120,140,0,0,10,Active
Cocktail Drink,,,,,,,,,Beverages,Juice Drinks,Cocktail Drink,Store Brand,BEV-JD-CD-SB-00912,,Cocktail Drink in Beverages > Juice Drinks. Simple product for Zephrant ERP import; one internal Default variant will be created.,Piece,Carton,24,2400,120,140,0,0,10,Active
Cocktail Drink,,,,,,,,,Beverages,Juice Drinks,Cocktail Drink,Local Brand,BEV-JD-CD-LB-00913,,Cocktail Drink in Beverages > Juice Drinks. Simple product for Zephrant ERP import; one internal Default variant will be created.,Piece,Carton,24,2400,120,140,0,0,10,Active
Cocktail Drink,,,,,,,,,Beverages,Juice Drinks,Cocktail Drink,Imported Brand,BEV-JD-CD-IB-00914,,Cocktail Drink in Beverages > Juice Drinks. Simple product for Zephrant ERP import; one internal Default variant will be created.,Piece,Carton,24,2400,120,140,0,0,10,Active
Kids Juice Pack,,,,,,,,,Beverages,Kids Drinks,Kids Juice Pack,Store Brand,BEV-KD-KJP-SB-00915,,Kids Juice Pack in Beverages > Kids Drinks. Simple product for Zephrant ERP import; one internal Default variant will be created.,Piece,Carton,24,2400,120,140,0,0,10,Active
Kids Juice Pack,,,,,,,,,Beverages,Kids Drinks,Kids Juice Pack,Local Brand,BEV-KD-KJP-LB-00916,,Kids Juice Pack in Beverages > Kids Drinks. Simple product for Zephrant ERP import; one internal Default variant will be created.,Piece,Carton,24,2400,120,140,0,0,10,Active
Kids Juice Pack,,,,,,,,,Beverages,Kids Drinks,Kids Juice Pack,Imported Brand,BEV-KD-KJP-IB-00917,,Kids Juice Pack in Beverages > Kids Drinks. Simple product for Zephrant ERP import; one internal Default variant will be created.,Piece,Carton,24,2400,120,140,0,0,10,Active
Kids Flavored Drink,,,,,,,,,Beverages,Kids Drinks,Kids Flavored Drink,Store Brand,BEV-KD-KFD-SB-00918,,Kids Flavored Drink in Beverages > Kids Drinks. Simple product for Zephrant ERP import; one internal Default variant will be created.,Piece,Carton,24,2400,120,140,0,0,10,Active
Kids Flavored Drink,,,,,,,,,Beverages,Kids Drinks,Kids Flavored Drink,Local Brand,BEV-KD-KFD-LB-00919,,Kids Flavored Drink in Beverages > Kids Drinks. Simple product for Zephrant ERP import; one internal Default variant will be created.,Piece,Carton,24,2400,120,140,0,0,10,Active
Kids Flavored Drink,,,,,,,,,Beverages,Kids Drinks,Kids Flavored Drink,Imported Brand,BEV-KD-KFD-IB-00920,,Kids Flavored Drink in Beverages > Kids Drinks. Simple product for Zephrant ERP import; one internal Default variant will be created.,Piece,Carton,24,2400,120,140,0,0,10,Active
Nestle Small Tetra Drink,,,,,,,,,Beverages,Tetra Pack Drinks,Small Tetra Drink,Nestle,BEV-TPD-STD-NEST-00921,,Nestle Small Tetra Drink in Beverages > Tetra Pack Drinks. Simple product for Zephrant ERP import; one internal Default variant will be created.,Piece,Carton,24,2400,120,140,0,0,10,Active
Shezan Small Tetra Drink,,,,,,,,,Beverages,Tetra Pack Drinks,Small Tetra Drink,Shezan,BEV-TPD-STD-SHEZ-00922,,Shezan Small Tetra Drink in Beverages > Tetra Pack Drinks. Simple product for Zephrant ERP import; one internal Default variant will be created.,Piece,Carton,24,2400,120,140,0,0,10,Active
Dayfresh Small Tetra Drink,,,,,,,,,Beverages,Tetra Pack Drinks,Small Tetra Drink,Dayfresh,BEV-TPD-STD-DAYF-00923,,Dayfresh Small Tetra Drink in Beverages > Tetra Pack Drinks. Simple product for Zephrant ERP import; one internal Default variant will be created.,Piece,Carton,24,2400,120,140,0,0,10,Active
Slice Small Tetra Drink,,,,,,,,,Beverages,Tetra Pack Drinks,Small Tetra Drink,Slice,BEV-TPD-STD-SLIC-00924,,Slice Small Tetra Drink in Beverages > Tetra Pack Drinks. Simple product for Zephrant ERP import; one internal Default variant will be created.,Piece,Carton,24,2400,120,140,0,0,10,Active
Nestle Family Tetra Drink,,,,,,,,,Beverages,Tetra Pack Drinks,Family Tetra Drink,Nestle,BEV-TPD-FTD-NEST-00925,,Nestle Family Tetra Drink in Beverages > Tetra Pack Drinks. Simple product for Zephrant ERP import; one internal Default variant will be created.,Piece,Carton,24,2400,120,140,0,0,10,Active
Shezan Family Tetra Drink,,,,,,,,,Beverages,Tetra Pack Drinks,Family Tetra Drink,Shezan,BEV-TPD-FTD-SHEZ-00926,,Shezan Family Tetra Drink in Beverages > Tetra Pack Drinks. Simple product for Zephrant ERP import; one internal Default variant will be created.,Piece,Carton,24,2400,120,140,0,0,10,Active
Dayfresh Family Tetra Drink,,,,,,,,,Beverages,Tetra Pack Drinks,Family Tetra Drink,Dayfresh,BEV-TPD-FTD-DAYF-00927,,Dayfresh Family Tetra Drink in Beverages > Tetra Pack Drinks. Simple product for Zephrant ERP import; one internal Default variant will be created.,Piece,Carton,24,2400,120,140,0,0,10,Active
Slice Family Tetra Drink,,,,,,,,,Beverages,Tetra Pack Drinks,Family Tetra Drink,Slice,BEV-TPD-FTD-SLIC-00928,,Slice Family Tetra Drink in Beverages > Tetra Pack Drinks. Simple product for Zephrant ERP import; one internal Default variant will be created.,Piece,Carton,24,2400,120,140,0,0,10,Active
Rooh Afza Rose Syrup,,,,,,,,,Beverages,Syrups & Squashes,Rose Syrup,Rooh Afza,BEV-SS-RS-RA-00929,,Rooh Afza Rose Syrup in Beverages > Syrups & Squashes. Simple product for Zephrant ERP import; one internal Default variant will be created.,Liter,Carton,12,12000,450,500,0,0,5,Active
Jam-e-Shirin Rose Syrup,,,,,,,,,Beverages,Syrups & Squashes,Rose Syrup,Jam-e-Shirin,BEV-SS-RS-JES-00930,,Jam-e-Shirin Rose Syrup in Beverages > Syrups & Squashes. Simple product for Zephrant ERP import; one internal Default variant will be created.,Liter,Carton,12,12000,450,500,0,0,5,Active
Mitchell's Rose Syrup,,,,,,,,,Beverages,Syrups & Squashes,Rose Syrup,Mitchell's,BEV-SS-RS-MS-00931,,Mitchell's Rose Syrup in Beverages > Syrups & Squashes. Simple product for Zephrant ERP import; one internal Default variant will be created.,Liter,Carton,12,12000,450,500,0,0,5,Active
Shezan Rose Syrup,,,,,,,,,Beverages,Syrups & Squashes,Rose Syrup,Shezan,BEV-SS-RS-SHEZ-00932,,Shezan Rose Syrup in Beverages > Syrups & Squashes. Simple product for Zephrant ERP import; one internal Default variant will be created.,Liter,Carton,12,12000,450,500,0,0,5,Active
Rooh Afza Lemon Squash,,,,,,,,,Beverages,Syrups & Squashes,Lemon Squash,Rooh Afza,BEV-SS-LS-RA-00933,,Rooh Afza Lemon Squash in Beverages > Syrups & Squashes. Simple product for Zephrant ERP import; one internal Default variant will be created.,Liter,Carton,12,12000,450,500,0,0,5,Active
Jam-e-Shirin Lemon Squash,,,,,,,,,Beverages,Syrups & Squashes,Lemon Squash,Jam-e-Shirin,BEV-SS-LS-JES-00934,,Jam-e-Shirin Lemon Squash in Beverages > Syrups & Squashes. Simple product for Zephrant ERP import; one internal Default variant will be created.,Liter,Carton,12,12000,450,500,0,0,5,Active
Mitchell's Lemon Squash,,,,,,,,,Beverages,Syrups & Squashes,Lemon Squash,Mitchell's,BEV-SS-LS-MS-00935,,Mitchell's Lemon Squash in Beverages > Syrups & Squashes. Simple product for Zephrant ERP import; one internal Default variant will be created.,Liter,Carton,12,12000,450,500,0,0,5,Active
Shezan Lemon Squash,,,,,,,,,Beverages,Syrups & Squashes,Lemon Squash,Shezan,BEV-SS-LS-SHEZ-00936,,Shezan Lemon Squash in Beverages > Syrups & Squashes. Simple product for Zephrant ERP import; one internal Default variant will be created.,Liter,Carton,12,12000,450,500,0,0,5,Active
Rooh Afza Fruit Syrup,,,,,,,,,Beverages,Syrups & Squashes,Fruit Syrup,Rooh Afza,BEV-SS-FS-RA-00937,,Rooh Afza Fruit Syrup in Beverages > Syrups & Squashes. Simple product for Zephrant ERP import; one internal Default variant will be created.,Liter,Carton,12,12000,450,500,0,0,5,Active
Jam-e-Shirin Fruit Syrup,,,,,,,,,Beverages,Syrups & Squashes,Fruit Syrup,Jam-e-Shirin,BEV-SS-FS-JES-00938,,Jam-e-Shirin Fruit Syrup in Beverages > Syrups & Squashes. Simple product for Zephrant ERP import; one internal Default variant will be created.,Liter,Carton,12,12000,450,500,0,0,5,Active
Mitchell's Fruit Syrup,,,,,,,,,Beverages,Syrups & Squashes,Fruit Syrup,Mitchell's,BEV-SS-FS-MS-00939,,Mitchell's Fruit Syrup in Beverages > Syrups & Squashes. Simple product for Zephrant ERP import; one internal Default variant will be created.,Liter,Carton,12,12000,450,500,0,0,5,Active
Shezan Fruit Syrup,,,,,,,,,Beverages,Syrups & Squashes,Fruit Syrup,Shezan,BEV-SS-FS-SHEZ-00940,,Shezan Fruit Syrup in Beverages > Syrups & Squashes. Simple product for Zephrant ERP import; one internal Default variant will be created.,Liter,Carton,12,12000,450,500,0,0,5,Active
Sharbat Concentrate,,,,,,,,,Beverages,Sharbat,Sharbat Concentrate,Store Brand,BEV-SHAR-SC-SB-00941,,Sharbat Concentrate in Beverages > Sharbat. Simple product for Zephrant ERP import; one internal Default variant will be created.,Liter,Carton,12,12000,450,500,0,0,5,Active
Sharbat Concentrate,,,,,,,,,Beverages,Sharbat,Sharbat Concentrate,Local Brand,BEV-SHAR-SC-LB-00942,,Sharbat Concentrate in Beverages > Sharbat. Simple product for Zephrant ERP import; one internal Default variant will be created.,Liter,Carton,12,12000,450,500,0,0,5,Active
Sharbat Concentrate,,,,,,,,,Beverages,Sharbat,Sharbat Concentrate,Imported Brand,BEV-SHAR-SC-IB-00943,,Sharbat Concentrate in Beverages > Sharbat. Simple product for Zephrant ERP import; one internal Default variant will be created.,Liter,Carton,12,12000,450,500,0,0,5,Active
Traditional Sharbat,,,,,,,,,Beverages,Sharbat,Traditional Sharbat,Store Brand,BEV-SHAR-TS-SB-00944,,Traditional Sharbat in Beverages > Sharbat. Simple product for Zephrant ERP import; one internal Default variant will be created.,Liter,Carton,12,12000,450,500,0,0,5,Active
Traditional Sharbat,,,,,,,,,Beverages,Sharbat,Traditional Sharbat,Local Brand,BEV-SHAR-TS-LB-00945,,Traditional Sharbat in Beverages > Sharbat. Simple product for Zephrant ERP import; one internal Default variant will be created.,Liter,Carton,12,12000,450,500,0,0,5,Active
Traditional Sharbat,,,,,,,,,Beverages,Sharbat,Traditional Sharbat,Imported Brand,BEV-SHAR-TS-IB-00946,,Traditional Sharbat in Beverages > Sharbat. Simple product for Zephrant ERP import; one internal Default variant will be created.,Liter,Carton,12,12000,450,500,0,0,5,Active
Herbal Red Syrup,,,,,,,,,Beverages,Rooh Afza Type Drinks,Herbal Red Syrup,Store Brand,BEV-RATD-HRS-SB-00947,,Herbal Red Syrup in Beverages > Rooh Afza Type Drinks. Simple product for Zephrant ERP import; one internal Default variant will be created.,Liter,Carton,12,12000,450,500,0,0,5,Active
Herbal Red Syrup,,,,,,,,,Beverages,Rooh Afza Type Drinks,Herbal Red Syrup,Local Brand,BEV-RATD-HRS-LB-00948,,Herbal Red Syrup in Beverages > Rooh Afza Type Drinks. Simple product for Zephrant ERP import; one internal Default variant will be created.,Liter,Carton,12,12000,450,500,0,0,5,Active
Herbal Red Syrup,,,,,,,,,Beverages,Rooh Afza Type Drinks,Herbal Red Syrup,Imported Brand,BEV-RATD-HRS-IB-00949,,Herbal Red Syrup in Beverages > Rooh Afza Type Drinks. Simple product for Zephrant ERP import; one internal Default variant will be created.,Liter,Carton,12,12000,450,500,0,0,5,Active
Rose Refreshment Syrup,,,,,,,,,Beverages,Rooh Afza Type Drinks,Rose Refreshment Syrup,Store Brand,BEV-RATD-RRS-SB-00950,,Rose Refreshment Syrup in Beverages > Rooh Afza Type Drinks. Simple product for Zephrant ERP import; one internal Default variant will be created.,Liter,Carton,12,12000,450,500,0,0,5,Active
Rose Refreshment Syrup,,,,,,,,,Beverages,Rooh Afza Type Drinks,Rose Refreshment Syrup,Local Brand,BEV-RATD-RRS-LB-00951,,Rose Refreshment Syrup in Beverages > Rooh Afza Type Drinks. Simple product for Zephrant ERP import; one internal Default variant will be created.,Liter,Carton,12,12000,450,500,0,0,5,Active
Rose Refreshment Syrup,,,,,,,,,Beverages,Rooh Afza Type Drinks,Rose Refreshment Syrup,Imported Brand,BEV-RATD-RRS-IB-00952,,Rose Refreshment Syrup in Beverages > Rooh Afza Type Drinks. Simple product for Zephrant ERP import; one internal Default variant will be created.,Liter,Carton,12,12000,450,500,0,0,5,Active
Sattu Drink Mix,,,,,,,,,Beverages,Sattu Drinks,Sattu Drink Mix,Store Brand,BEV-SD-SDM-SB-00953,,Sattu Drink Mix in Beverages > Sattu Drinks. Simple product for Zephrant ERP import; one internal Default variant will be created.,Piece,Carton,24,2400,120,140,0,0,10,Active
Sattu Drink Mix,,,,,,,,,Beverages,Sattu Drinks,Sattu Drink Mix,Local Brand,BEV-SD-SDM-LB-00954,,Sattu Drink Mix in Beverages > Sattu Drinks. Simple product for Zephrant ERP import; one internal Default variant will be created.,Piece,Carton,24,2400,120,140,0,0,10,Active
Sattu Drink Mix,,,,,,,,,Beverages,Sattu Drinks,Sattu Drink Mix,Imported Brand,BEV-SD-SDM-IB-00955,,Sattu Drink Mix in Beverages > Sattu Drinks. Simple product for Zephrant ERP import; one internal Default variant will be created.,Piece,Carton,24,2400,120,140,0,0,10,Active
Ready Sattu Drink,,,,,,,,,Beverages,Sattu Drinks,Ready Sattu Drink,Store Brand,BEV-SD-RSD-SB-00956,,Ready Sattu Drink in Beverages > Sattu Drinks. Simple product for Zephrant ERP import; one internal Default variant will be created.,Piece,Carton,24,2400,120,140,0,0,10,Active
Ready Sattu Drink,,,,,,,,,Beverages,Sattu Drinks,Ready Sattu Drink,Local Brand,BEV-SD-RSD-LB-00957,,Ready Sattu Drink in Beverages > Sattu Drinks. Simple product for Zephrant ERP import; one internal Default variant will be created.,Piece,Carton,24,2400,120,140,0,0,10,Active
Ready Sattu Drink,,,,,,,,,Beverages,Sattu Drinks,Ready Sattu Drink,Imported Brand,BEV-SD-RSD-IB-00958,,Ready Sattu Drink in Beverages > Sattu Drinks. Simple product for Zephrant ERP import; one internal Default variant will be created.,Piece,Carton,24,2400,120,140,0,0,10,Active
Nestle Milk Drink,,,,,,,,,Beverages,Milk Drinks,Milk Drink,Nestle,BEV-MD-MD-NEST-00959,,Nestle Milk Drink in Beverages > Milk Drinks. Simple product for Zephrant ERP import; one internal Default variant will be created.,Piece,Carton,24,2400,120,140,0,0,10,Active
Olpers Milk Drink,,,,,,,,,Beverages,Milk Drinks,Milk Drink,Olpers,BEV-MD-MD-OLPE-00960,,Olpers Milk Drink in Beverages > Milk Drinks. Simple product for Zephrant ERP import; one internal Default variant will be created.,Piece,Carton,24,2400,120,140,0,0,10,Active
Dayfresh Milk Drink,,,,,,,,,Beverages,Milk Drinks,Milk Drink,Dayfresh,BEV-MD-MD-DAYF-00961,,Dayfresh Milk Drink in Beverages > Milk Drinks. Simple product for Zephrant ERP import; one internal Default variant will be created.,Piece,Carton,24,2400,120,140,0,0,10,Active
Nurpur Milk Drink,,,,,,,,,Beverages,Milk Drinks,Milk Drink,Nurpur,BEV-MD-MD-NURP-00962,,Nurpur Milk Drink in Beverages > Milk Drinks. Simple product for Zephrant ERP import; one internal Default variant will be created.,Piece,Carton,24,2400,120,140,0,0,10,Active
Nestle Ready Milk Drink,,,,,,,,,Beverages,Milk Drinks,Ready Milk Drink,Nestle,BEV-MD-RMD-NEST-00963,,Nestle Ready Milk Drink in Beverages > Milk Drinks. Simple product for Zephrant ERP import; one internal Default variant will be created.,Piece,Carton,24,2400,120,140,0,0,10,Active
Olpers Ready Milk Drink,,,,,,,,,Beverages,Milk Drinks,Ready Milk Drink,Olpers,BEV-MD-RMD-OLPE-00964,,Olpers Ready Milk Drink in Beverages > Milk Drinks. Simple product for Zephrant ERP import; one internal Default variant will be created.,Piece,Carton,24,2400,120,140,0,0,10,Active
Dayfresh Ready Milk Drink,,,,,,,,,Beverages,Milk Drinks,Ready Milk Drink,Dayfresh,BEV-MD-RMD-DAYF-00965,,Dayfresh Ready Milk Drink in Beverages > Milk Drinks. Simple product for Zephrant ERP import; one internal Default variant will be created.,Piece,Carton,24,2400,120,140,0,0,10,Active
Nurpur Ready Milk Drink,,,,,,,,,Beverages,Milk Drinks,Ready Milk Drink,Nurpur,BEV-MD-RMD-NURP-00966,,Nurpur Ready Milk Drink in Beverages > Milk Drinks. Simple product for Zephrant ERP import; one internal Default variant will be created.,Piece,Carton,24,2400,120,140,0,0,10,Active
Nestle Chocolate Milk,,,,,,,,,Beverages,Flavored Milk,Chocolate Milk,Nestle,BEV-FM-CM-NEST-00967,,Nestle Chocolate Milk in Beverages > Flavored Milk. Simple product for Zephrant ERP import; one internal Default variant will be created.,Piece,Carton,24,2400,120,140,0,0,10,Active
Olpers Chocolate Milk,,,,,,,,,Beverages,Flavored Milk,Chocolate Milk,Olpers,BEV-FM-CM-OLPE-00968,,Olpers Chocolate Milk in Beverages > Flavored Milk. Simple product for Zephrant ERP import; one internal Default variant will be created.,Piece,Carton,24,2400,120,140,0,0,10,Active
Dayfresh Chocolate Milk,,,,,,,,,Beverages,Flavored Milk,Chocolate Milk,Dayfresh,BEV-FM-CM-DAYF-00969,,Dayfresh Chocolate Milk in Beverages > Flavored Milk. Simple product for Zephrant ERP import; one internal Default variant will be created.,Piece,Carton,24,2400,120,140,0,0,10,Active
Nurpur Chocolate Milk,,,,,,,,,Beverages,Flavored Milk,Chocolate Milk,Nurpur,BEV-FM-CM-NURP-00970,,Nurpur Chocolate Milk in Beverages > Flavored Milk. Simple product for Zephrant ERP import; one internal Default variant will be created.,Piece,Carton,24,2400,120,140,0,0,10,Active
Nestle Strawberry Milk,,,,,,,,,Beverages,Flavored Milk,Strawberry Milk,Nestle,BEV-FM-SM-NEST-00971,,Nestle Strawberry Milk in Beverages > Flavored Milk. Simple product for Zephrant ERP import; one internal Default variant will be created.,Piece,Carton,24,2400,120,140,0,0,10,Active
Olpers Strawberry Milk,,,,,,,,,Beverages,Flavored Milk,Strawberry Milk,Olpers,BEV-FM-SM-OLPE-00972,,Olpers Strawberry Milk in Beverages > Flavored Milk. Simple product for Zephrant ERP import; one internal Default variant will be created.,Piece,Carton,24,2400,120,140,0,0,10,Active
Dayfresh Strawberry Milk,,,,,,,,,Beverages,Flavored Milk,Strawberry Milk,Dayfresh,BEV-FM-SM-DAYF-00973,,Dayfresh Strawberry Milk in Beverages > Flavored Milk. Simple product for Zephrant ERP import; one internal Default variant will be created.,Piece,Carton,24,2400,120,140,0,0,10,Active
Nurpur Strawberry Milk,,,,,,,,,Beverages,Flavored Milk,Strawberry Milk,Nurpur,BEV-FM-SM-NURP-00974,,Nurpur Strawberry Milk in Beverages > Flavored Milk. Simple product for Zephrant ERP import; one internal Default variant will be created.,Piece,Carton,24,2400,120,140,0,0,10,Active
Nestle Mango Milk,,,,,,,,,Beverages,Flavored Milk,Mango Milk,Nestle,BEV-FM-MM-NEST-00975,,Nestle Mango Milk in Beverages > Flavored Milk. Simple product for Zephrant ERP import; one internal Default variant will be created.,Piece,Carton,24,2400,120,140,0,0,10,Active
Olpers Mango Milk,,,,,,,,,Beverages,Flavored Milk,Mango Milk,Olpers,BEV-FM-MM-OLPE-00976,,Olpers Mango Milk in Beverages > Flavored Milk. Simple product for Zephrant ERP import; one internal Default variant will be created.,Piece,Carton,24,2400,120,140,0,0,10,Active
Dayfresh Mango Milk,,,,,,,,,Beverages,Flavored Milk,Mango Milk,Dayfresh,BEV-FM-MM-DAYF-00977,,Dayfresh Mango Milk in Beverages > Flavored Milk. Simple product for Zephrant ERP import; one internal Default variant will be created.,Piece,Carton,24,2400,120,140,0,0,10,Active
Nurpur Mango Milk,,,,,,,,,Beverages,Flavored Milk,Mango Milk,Nurpur,BEV-FM-MM-NURP-00978,,Nurpur Mango Milk in Beverages > Flavored Milk. Simple product for Zephrant ERP import; one internal Default variant will be created.,Piece,Carton,24,2400,120,140,0,0,10,Active
Olpers Sweet Lassi,,,,,,,,,Beverages,Lassi,Sweet Lassi,Olpers,BEV-LASS-SL-OLPE-00979,,Olpers Sweet Lassi in Beverages > Lassi. Simple product for Zephrant ERP import; one internal Default variant will be created.,Piece,Carton,24,2400,120,140,0,0,10,Active
Dayfresh Sweet Lassi,,,,,,,,,Beverages,Lassi,Sweet Lassi,Dayfresh,BEV-LASS-SL-DAYF-00980,,Dayfresh Sweet Lassi in Beverages > Lassi. Simple product for Zephrant ERP import; one internal Default variant will be created.,Piece,Carton,24,2400,120,140,0,0,10,Active
Nurpur Sweet Lassi,,,,,,,,,Beverages,Lassi,Sweet Lassi,Nurpur,BEV-LASS-SL-NURP-00981,,Nurpur Sweet Lassi in Beverages > Lassi. Simple product for Zephrant ERP import; one internal Default variant will be created.,Piece,Carton,24,2400,120,140,0,0,10,Active
Prema Sweet Lassi,,,,,,,,,Beverages,Lassi,Sweet Lassi,Prema,BEV-LASS-SL-PREM-00982,,Prema Sweet Lassi in Beverages > Lassi. Simple product for Zephrant ERP import; one internal Default variant will be created.,Piece,Carton,24,2400,120,140,0,0,10,Active
Olpers Salted Lassi,,,,,,,,,Beverages,Lassi,Salted Lassi,Olpers,BEV-LASS-SL-OLPE-00983,,Olpers Salted Lassi in Beverages > Lassi. Simple product for Zephrant ERP import; one internal Default variant will be created.,Piece,Carton,24,2400,120,140,0,0,10,Active
Dayfresh Salted Lassi,,,,,,,,,Beverages,Lassi,Salted Lassi,Dayfresh,BEV-LASS-SL-DAYF-00984,,Dayfresh Salted Lassi in Beverages > Lassi. Simple product for Zephrant ERP import; one internal Default variant will be created.,Piece,Carton,24,2400,120,140,0,0,10,Active
Nurpur Salted Lassi,,,,,,,,,Beverages,Lassi,Salted Lassi,Nurpur,BEV-LASS-SL-NURP-00985,,Nurpur Salted Lassi in Beverages > Lassi. Simple product for Zephrant ERP import; one internal Default variant will be created.,Piece,Carton,24,2400,120,140,0,0,10,Active
Prema Salted Lassi,,,,,,,,,Beverages,Lassi,Salted Lassi,Prema,BEV-LASS-SL-PREM-00986,,Prema Salted Lassi in Beverages > Lassi. Simple product for Zephrant ERP import; one internal Default variant will be created.,Piece,Carton,24,2400,120,140,0,0,10,Active
Olpers Plain Yogurt Drink,,,,,,,,,Beverages,Yogurt Drinks,Plain Yogurt Drink,Olpers,BEV-YD-PYD-OLPE-00987,,Olpers Plain Yogurt Drink in Beverages > Yogurt Drinks. Simple product for Zephrant ERP import; one internal Default variant will be created.,Piece,Carton,24,2400,120,140,0,0,10,Active
Dayfresh Plain Yogurt Drink,,,,,,,,,Beverages,Yogurt Drinks,Plain Yogurt Drink,Dayfresh,BEV-YD-PYD-DAYF-00988,,Dayfresh Plain Yogurt Drink in Beverages > Yogurt Drinks. Simple product for Zephrant ERP import; one internal Default variant will be created.,Piece,Carton,24,2400,120,140,0,0,10,Active
Prema Plain Yogurt Drink,,,,,,,,,Beverages,Yogurt Drinks,Plain Yogurt Drink,Prema,BEV-YD-PYD-PREM-00989,,Prema Plain Yogurt Drink in Beverages > Yogurt Drinks. Simple product for Zephrant ERP import; one internal Default variant will be created.,Piece,Carton,24,2400,120,140,0,0,10,Active
Plain Yogurt Drink,,,,,,,,,Beverages,Yogurt Drinks,Plain Yogurt Drink,Store Brand,BEV-YD-PYD-SB-00990,,Plain Yogurt Drink in Beverages > Yogurt Drinks. Simple product for Zephrant ERP import; one internal Default variant will be created.,Piece,Carton,24,2400,120,140,0,0,10,Active
Olpers Flavored Yogurt Drink,,,,,,,,,Beverages,Yogurt Drinks,Flavored Yogurt Drink,Olpers,BEV-YD-FYD-OLPE-00991,,Olpers Flavored Yogurt Drink in Beverages > Yogurt Drinks. Simple product for Zephrant ERP import; one internal Default variant will be created.,Piece,Carton,24,2400,120,140,0,0,10,Active
Dayfresh Flavored Yogurt Drink,,,,,,,,,Beverages,Yogurt Drinks,Flavored Yogurt Drink,Dayfresh,BEV-YD-FYD-DAYF-00992,,Dayfresh Flavored Yogurt Drink in Beverages > Yogurt Drinks. Simple product for Zephrant ERP import; one internal Default variant will be created.,Piece,Carton,24,2400,120,140,0,0,10,Active
Prema Flavored Yogurt Drink,,,,,,,,,Beverages,Yogurt Drinks,Flavored Yogurt Drink,Prema,BEV-YD-FYD-PREM-00993,,Prema Flavored Yogurt Drink in Beverages > Yogurt Drinks. Simple product for Zephrant ERP import; one internal Default variant will be created.,Piece,Carton,24,2400,120,140,0,0,10,Active
Flavored Yogurt Drink,,,,,,,,,Beverages,Yogurt Drinks,Flavored Yogurt Drink,Store Brand,BEV-YD-FYD-SB-00994,,Flavored Yogurt Drink in Beverages > Yogurt Drinks. Simple product for Zephrant ERP import; one internal Default variant will be created.,Piece,Carton,24,2400,120,140,0,0,10,Active
Chocolate Milkshake,,,,,,,,,Beverages,Milkshakes,Chocolate Milkshake,Store Brand,BEV-MILK-CM-SB-00995,,Chocolate Milkshake in Beverages > Milkshakes. Simple product for Zephrant ERP import; one internal Default variant will be created.,Piece,Carton,24,2400,120,140,0,0,10,Active
Chocolate Milkshake,,,,,,,,,Beverages,Milkshakes,Chocolate Milkshake,Local Brand,BEV-MILK-CM-LB-00996,,Chocolate Milkshake in Beverages > Milkshakes. Simple product for Zephrant ERP import; one internal Default variant will be created.,Piece,Carton,24,2400,120,140,0,0,10,Active
Chocolate Milkshake,,,,,,,,,Beverages,Milkshakes,Chocolate Milkshake,Imported Brand,BEV-MILK-CM-IB-00997,,Chocolate Milkshake in Beverages > Milkshakes. Simple product for Zephrant ERP import; one internal Default variant will be created.,Piece,Carton,24,2400,120,140,0,0,10,Active
Strawberry Milkshake,,,,,,,,,Beverages,Milkshakes,Strawberry Milkshake,Store Brand,BEV-MILK-SM-SB-00998,,Strawberry Milkshake in Beverages > Milkshakes. Simple product for Zephrant ERP import; one internal Default variant will be created.,Piece,Carton,24,2400,120,140,0,0,10,Active
Strawberry Milkshake,,,,,,,,,Beverages,Milkshakes,Strawberry Milkshake,Local Brand,BEV-MILK-SM-LB-00999,,Strawberry Milkshake in Beverages > Milkshakes. Simple product for Zephrant ERP import; one internal Default variant will be created.,Piece,Carton,24,2400,120,140,0,0,10,Active
Strawberry Milkshake,,,,,,,,,Beverages,Milkshakes,Strawberry Milkshake,Imported Brand,BEV-MILK-SM-IB-01000,,Strawberry Milkshake in Beverages > Milkshakes. Simple product for Zephrant ERP import; one internal Default variant will be created.,Piece,Carton,24,2400,120,140,0,0,10,Active
Mango Milkshake,,,,,,,,,Beverages,Milkshakes,Mango Milkshake,Store Brand,BEV-MILK-MM-SB-01001,,Mango Milkshake in Beverages > Milkshakes. Simple product for Zephrant ERP import; one internal Default variant will be created.,Piece,Carton,24,2400,120,140,0,0,10,Active
Mango Milkshake,,,,,,,,,Beverages,Milkshakes,Mango Milkshake,Local Brand,BEV-MILK-MM-LB-01002,,Mango Milkshake in Beverages > Milkshakes. Simple product for Zephrant ERP import; one internal Default variant will be created.,Piece,Carton,24,2400,120,140,0,0,10,Active
Mango Milkshake,,,,,,,,,Beverages,Milkshakes,Mango Milkshake,Imported Brand,BEV-MILK-MM-IB-01003,,Mango Milkshake in Beverages > Milkshakes. Simple product for Zephrant ERP import; one internal Default variant will be created.,Piece,Carton,24,2400,120,140,0,0,10,Active
Milo Malt Drink Powder,,,,,,,,,Beverages,Malt Drinks,Malt Drink Powder,Milo,BEV-MD-MDP-MILO-01004,,Milo Malt Drink Powder in Beverages > Malt Drinks. Simple product for Zephrant ERP import; one internal Default variant will be created.,Piece,Carton,24,2400,120,140,0,0,10,Active
Ovaltine Malt Drink Powder,,,,,,,,,Beverages,Malt Drinks,Malt Drink Powder,Ovaltine,BEV-MD-MDP-OVAL-01005,,Ovaltine Malt Drink Powder in Beverages > Malt Drinks. Simple product for Zephrant ERP import; one internal Default variant will be created.,Piece,Carton,24,2400,120,140,0,0,10,Active
Horlicks Malt Drink Powder,,,,,,,,,Beverages,Malt Drinks,Malt Drink Powder,Horlicks,BEV-MD-MDP-HORL-01006,,Horlicks Malt Drink Powder in Beverages > Malt Drinks. Simple product for Zephrant ERP import; one internal Default variant will be created.,Piece,Carton,24,2400,120,140,0,0,10,Active
Milo Chocolate Malt Drink,,,,,,,,,Beverages,Malt Drinks,Chocolate Malt Drink,Milo,BEV-MD-CMD-MILO-01007,,Milo Chocolate Malt Drink in Beverages > Malt Drinks. Simple product for Zephrant ERP import; one internal Default variant will be created.,Piece,Carton,24,2400,120,140,0,0,10,Active
Ovaltine Chocolate Malt Drink,,,,,,,,,Beverages,Malt Drinks,Chocolate Malt Drink,Ovaltine,BEV-MD-CMD-OVAL-01008,,Ovaltine Chocolate Malt Drink in Beverages > Malt Drinks. Simple product for Zephrant ERP import; one internal Default variant will be created.,Piece,Carton,24,2400,120,140,0,0,10,Active
Horlicks Chocolate Malt Drink,,,,,,,,,Beverages,Malt Drinks,Chocolate Malt Drink,Horlicks,BEV-MD-CMD-HORL-01009,,Horlicks Chocolate Malt Drink in Beverages > Malt Drinks. Simple product for Zephrant ERP import; one internal Default variant will be created.,Piece,Carton,24,2400,120,140,0,0,10,Active
Protein Drink,,,,,,,,,Beverages,Protein Drinks,Protein Drink,Store Brand,BEV-PD-PD-SB-01010,,Protein Drink in Beverages > Protein Drinks. Simple product for Zephrant ERP import; one internal Default variant will be created.,Piece,Carton,24,2400,120,140,0,0,10,Active
Protein Drink,,,,,,,,,Beverages,Protein Drinks,Protein Drink,Local Brand,BEV-PD-PD-LB-01011,,Protein Drink in Beverages > Protein Drinks. Simple product for Zephrant ERP import; one internal Default variant will be created.,Piece,Carton,24,2400,120,140,0,0,10,Active
Protein Drink,,,,,,,,,Beverages,Protein Drinks,Protein Drink,Imported Brand,BEV-PD-PD-IB-01012,,Protein Drink in Beverages > Protein Drinks. Simple product for Zephrant ERP import; one internal Default variant will be created.,Piece,Carton,24,2400,120,140,0,0,10,Active
Ready Protein Shake,,,,,,,,,Beverages,Protein Drinks,Ready Protein Shake,Store Brand,BEV-PD-RPS-SB-01013,,Ready Protein Shake in Beverages > Protein Drinks. Simple product for Zephrant ERP import; one internal Default variant will be created.,Piece,Carton,24,2400,120,140,0,0,10,Active
Ready Protein Shake,,,,,,,,,Beverages,Protein Drinks,Ready Protein Shake,Local Brand,BEV-PD-RPS-LB-01014,,Ready Protein Shake in Beverages > Protein Drinks. Simple product for Zephrant ERP import; one internal Default variant will be created.,Piece,Carton,24,2400,120,140,0,0,10,Active
Ready Protein Shake,,,,,,,,,Beverages,Protein Drinks,Ready Protein Shake,Imported Brand,BEV-PD-RPS-IB-01015,,Ready Protein Shake in Beverages > Protein Drinks. Simple product for Zephrant ERP import; one internal Default variant will be created.,Piece,Carton,24,2400,120,140,0,0,10,Active
Nutrition Drink Powder,,,,,,,,,Beverages,Energy Nutrition Drinks,Nutrition Drink Powder,Store Brand,BEV-END-NDP-SB-01016,,Nutrition Drink Powder in Beverages > Energy Nutrition Drinks. Simple product for Zephrant ERP import; one internal Default variant will be created.,Piece,Carton,24,2400,120,140,0,0,10,Active
Nutrition Drink Powder,,,,,,,,,Beverages,Energy Nutrition Drinks,Nutrition Drink Powder,Local Brand,BEV-END-NDP-LB-01017,,Nutrition Drink Powder in Beverages > Energy Nutrition Drinks. Simple product for Zephrant ERP import; one internal Default variant will be created.,Piece,Carton,24,2400,120,140,0,0,10,Active
Nutrition Drink Powder,,,,,,,,,Beverages,Energy Nutrition Drinks,Nutrition Drink Powder,Imported Brand,BEV-END-NDP-IB-01018,,Nutrition Drink Powder in Beverages > Energy Nutrition Drinks. Simple product for Zephrant ERP import; one internal Default variant will be created.,Piece,Carton,24,2400,120,140,0,0,10,Active
Energy Nutrition Drink,,,,,,,,,Beverages,Energy Nutrition Drinks,Energy Nutrition Drink,Store Brand,BEV-END-END-SB-01019,,Energy Nutrition Drink in Beverages > Energy Nutrition Drinks. Simple product for Zephrant ERP import; one internal Default variant will be created.,Piece,Carton,24,2400,120,140,0,0,10,Active
Energy Nutrition Drink,,,,,,,,,Beverages,Energy Nutrition Drinks,Energy Nutrition Drink,Local Brand,BEV-END-END-LB-01020,,Energy Nutrition Drink in Beverages > Energy Nutrition Drinks. Simple product for Zephrant ERP import; one internal Default variant will be created.,Piece,Carton,24,2400,120,140,0,0,10,Active
Energy Nutrition Drink,,,,,,,,,Beverages,Energy Nutrition Drinks,Energy Nutrition Drink,Imported Brand,BEV-END-END-IB-01021,,Energy Nutrition Drink in Beverages > Energy Nutrition Drinks. Simple product for Zephrant ERP import; one internal Default variant will be created.,Piece,Carton,24,2400,120,140,0,0,10,Active
Imported Juice,,,,,,,,,Beverages,Imported Beverages,Imported Juice,Store Brand,BEV-IB-IJ-SB-01022,,Imported Juice in Beverages > Imported Beverages. Simple product for Zephrant ERP import; one internal Default variant will be created.,Piece,Carton,24,2400,120,140,0,0,10,Active
Imported Juice,,,,,,,,,Beverages,Imported Beverages,Imported Juice,Local Brand,BEV-IB-IJ-LB-01023,,Imported Juice in Beverages > Imported Beverages. Simple product for Zephrant ERP import; one internal Default variant will be created.,Piece,Carton,24,2400,120,140,0,0,10,Active
Imported Juice,,,,,,,,,Beverages,Imported Beverages,Imported Juice,Imported Brand,BEV-IB-IJ-IB-01024,,Imported Juice in Beverages > Imported Beverages. Simple product for Zephrant ERP import; one internal Default variant will be created.,Piece,Carton,24,2400,120,140,0,0,10,Active
Imported Energy Drink,,,,,,,,,Beverages,Imported Beverages,Imported Energy Drink,Store Brand,BEV-IB-IED-SB-01025,,Imported Energy Drink in Beverages > Imported Beverages. Simple product for Zephrant ERP import; one internal Default variant will be created.,Piece,Carton,24,2400,120,140,0,0,10,Active
Imported Energy Drink,,,,,,,,,Beverages,Imported Beverages,Imported Energy Drink,Local Brand,BEV-IB-IED-LB-01026,,Imported Energy Drink in Beverages > Imported Beverages. Simple product for Zephrant ERP import; one internal Default variant will be created.,Piece,Carton,24,2400,120,140,0,0,10,Active
Imported Energy Drink,,,,,,,,,Beverages,Imported Beverages,Imported Energy Drink,Imported Brand,BEV-IB-IED-IB-01027,,Imported Energy Drink in Beverages > Imported Beverages. Simple product for Zephrant ERP import; one internal Default variant will be created.,Piece,Carton,24,2400,120,140,0,0,10,Active
Imported Soft Drink,,,,,,,,,Beverages,Imported Beverages,Imported Soft Drink,Store Brand,BEV-IB-ISD-SB-01028,,Imported Soft Drink in Beverages > Imported Beverages. Simple product for Zephrant ERP import; one internal Default variant will be created.,Piece,Carton,24,2400,120,140,0,0,10,Active
Imported Soft Drink,,,,,,,,,Beverages,Imported Beverages,Imported Soft Drink,Local Brand,BEV-IB-ISD-LB-01029,,Imported Soft Drink in Beverages > Imported Beverages. Simple product for Zephrant ERP import; one internal Default variant will be created.,Piece,Carton,24,2400,120,140,0,0,10,Active
Imported Soft Drink,,,,,,,,,Beverages,Imported Beverages,Imported Soft Drink,Imported Brand,BEV-IB-ISD-IB-01030,,Imported Soft Drink in Beverages > Imported Beverages. Simple product for Zephrant ERP import; one internal Default variant will be created.,Piece,Carton,24,2400,120,140,0,0,10,Active
Kombucha Drink,,,,,,,,,Beverages,Kombucha,Kombucha Drink,Store Brand,BEV-KOMB-KD-SB-01031,,Kombucha Drink in Beverages > Kombucha. Simple product for Zephrant ERP import; one internal Default variant will be created.,Piece,Carton,24,2400,120,140,0,0,10,Active
Kombucha Drink,,,,,,,,,Beverages,Kombucha,Kombucha Drink,Local Brand,BEV-KOMB-KD-LB-01032,,Kombucha Drink in Beverages > Kombucha. Simple product for Zephrant ERP import; one internal Default variant will be created.,Piece,Carton,24,2400,120,140,0,0,10,Active
Kombucha Drink,,,,,,,,,Beverages,Kombucha,Kombucha Drink,Imported Brand,BEV-KOMB-KD-IB-01033,,Kombucha Drink in Beverages > Kombucha. Simple product for Zephrant ERP import; one internal Default variant will be created.,Piece,Carton,24,2400,120,140,0,0,10,Active
Coconut Water,,,,,,,,,Beverages,Coconut Water,Coconut Water,Store Brand,BEV-CW-CW-SB-01034,,Coconut Water in Beverages > Coconut Water. Simple product for Zephrant ERP import; one internal Default variant will be created.,Piece,Carton,24,2400,120,140,0,0,10,Active
Coconut Water,,,,,,,,,Beverages,Coconut Water,Coconut Water,Local Brand,BEV-CW-CW-LB-01035,,Coconut Water in Beverages > Coconut Water. Simple product for Zephrant ERP import; one internal Default variant will be created.,Piece,Carton,24,2400,120,140,0,0,10,Active
Coconut Water,,,,,,,,,Beverages,Coconut Water,Coconut Water,Imported Brand,BEV-CW-CW-IB-01036,,Coconut Water in Beverages > Coconut Water. Simple product for Zephrant ERP import; one internal Default variant will be created.,Piece,Carton,24,2400,120,140,0,0,10,Active
Iced Tea,,,,,,,,,Beverages,Ready To Drink Tea,Iced Tea,Store Brand,BEV-RTDT-IT-SB-01037,,Iced Tea in Beverages > Ready To Drink Tea. Simple product for Zephrant ERP import; one internal Default variant will be created.,Piece,Carton,24,2400,120,140,0,0,10,Active
Iced Tea,,,,,,,,,Beverages,Ready To Drink Tea,Iced Tea,Local Brand,BEV-RTDT-IT-LB-01038,,Iced Tea in Beverages > Ready To Drink Tea. Simple product for Zephrant ERP import; one internal Default variant will be created.,Piece,Carton,24,2400,120,140,0,0,10,Active
Iced Tea,,,,,,,,,Beverages,Ready To Drink Tea,Iced Tea,Imported Brand,BEV-RTDT-IT-IB-01039,,Iced Tea in Beverages > Ready To Drink Tea. Simple product for Zephrant ERP import; one internal Default variant will be created.,Piece,Carton,24,2400,120,140,0,0,10,Active
Ready Tea Drink,,,,,,,,,Beverages,Ready To Drink Tea,Ready Tea Drink,Store Brand,BEV-RTDT-RTD-SB-01040,,Ready Tea Drink in Beverages > Ready To Drink Tea. Simple product for Zephrant ERP import; one internal Default variant will be created.,Piece,Carton,24,2400,120,140,0,0,10,Active
Ready Tea Drink,,,,,,,,,Beverages,Ready To Drink Tea,Ready Tea Drink,Local Brand,BEV-RTDT-RTD-LB-01041,,Ready Tea Drink in Beverages > Ready To Drink Tea. Simple product for Zephrant ERP import; one internal Default variant will be created.,Piece,Carton,24,2400,120,140,0,0,10,Active
Ready Tea Drink,,,,,,,,,Beverages,Ready To Drink Tea,Ready Tea Drink,Imported Brand,BEV-RTDT-RTD-IB-01042,,Ready Tea Drink in Beverages > Ready To Drink Tea. Simple product for Zephrant ERP import; one internal Default variant will be created.,Piece,Carton,24,2400,120,140,0,0,10,Active
Cold Coffee,,,,,,,,,Beverages,Ready To Drink Coffee,Cold Coffee,Store Brand,BEV-RTDC-CC-SB-01043,,Cold Coffee in Beverages > Ready To Drink Coffee. Simple product for Zephrant ERP import; one internal Default variant will be created.,Piece,Carton,24,2400,120,140,0,0,10,Active
Cold Coffee,,,,,,,,,Beverages,Ready To Drink Coffee,Cold Coffee,Local Brand,BEV-RTDC-CC-LB-01044,,Cold Coffee in Beverages > Ready To Drink Coffee. Simple product for Zephrant ERP import; one internal Default variant will be created.,Piece,Carton,24,2400,120,140,0,0,10,Active
Cold Coffee,,,,,,,,,Beverages,Ready To Drink Coffee,Cold Coffee,Imported Brand,BEV-RTDC-CC-IB-01045,,Cold Coffee in Beverages > Ready To Drink Coffee. Simple product for Zephrant ERP import; one internal Default variant will be created.,Piece,Carton,24,2400,120,140,0,0,10,Active
Ready Coffee Drink,,,,,,,,,Beverages,Ready To Drink Coffee,Ready Coffee Drink,Store Brand,BEV-RTDC-RCD-SB-01046,,Ready Coffee Drink in Beverages > Ready To Drink Coffee. Simple product for Zephrant ERP import; one internal Default variant will be created.,Piece,Carton,24,2400,120,140,0,0,10,Active
Ready Coffee Drink,,,,,,,,,Beverages,Ready To Drink Coffee,Ready Coffee Drink,Local Brand,BEV-RTDC-RCD-LB-01047,,Ready Coffee Drink in Beverages > Ready To Drink Coffee. Simple product for Zephrant ERP import; one internal Default variant will be created.,Piece,Carton,24,2400,120,140,0,0,10,Active
Ready Coffee Drink,,,,,,,,,Beverages,Ready To Drink Coffee,Ready Coffee Drink,Imported Brand,BEV-RTDC-RCD-IB-01048,,Ready Coffee Drink in Beverages > Ready To Drink Coffee. Simple product for Zephrant ERP import; one internal Default variant will be created.,Piece,Carton,24,2400,120,140,0,0,10,Active
Tang Orange Drink Powder,,,,,,,,,Beverages,Drink Powders,Orange Drink Powder,Tang,BEV-DP-ODP-TANG-01049,,Tang Orange Drink Powder in Beverages > Drink Powders. Simple product for Zephrant ERP import; one internal Default variant will be created.,Piece,Carton,24,2400,120,140,0,0,10,Active
Rasna Orange Drink Powder,,,,,,,,,Beverages,Drink Powders,Orange Drink Powder,Rasna,BEV-DP-ODP-RASN-01050,,Rasna Orange Drink Powder in Beverages > Drink Powders. Simple product for Zephrant ERP import; one internal Default variant will be created.,Piece,Carton,24,2400,120,140,0,0,10,Active
Foster Clark's Orange Drink Powder,,,,,,,,,Beverages,Drink Powders,Orange Drink Powder,Foster Clark's,BEV-DP-ODP-FCS-01051,,Foster Clark's Orange Drink Powder in Beverages > Drink Powders. Simple product for Zephrant ERP import; one internal Default variant will be created.,Piece,Carton,24,2400,120,140,0,0,10,Active
Milo Orange Drink Powder,,,,,,,,,Beverages,Drink Powders,Orange Drink Powder,Milo,BEV-DP-ODP-MILO-01052,,Milo Orange Drink Powder in Beverages > Drink Powders. Simple product for Zephrant ERP import; one internal Default variant will be created.,Piece,Carton,24,2400,120,140,0,0,10,Active
Tang Mango Drink Powder,,,,,,,,,Beverages,Drink Powders,Mango Drink Powder,Tang,BEV-DP-MDP-TANG-01053,,Tang Mango Drink Powder in Beverages > Drink Powders. Simple product for Zephrant ERP import; one internal Default variant will be created.,Piece,Carton,24,2400,120,140,0,0,10,Active
Rasna Mango Drink Powder,,,,,,,,,Beverages,Drink Powders,Mango Drink Powder,Rasna,BEV-DP-MDP-RASN-01054,,Rasna Mango Drink Powder in Beverages > Drink Powders. Simple product for Zephrant ERP import; one internal Default variant will be created.,Piece,Carton,24,2400,120,140,0,0,10,Active
Foster Clark's Mango Drink Powder,,,,,,,,,Beverages,Drink Powders,Mango Drink Powder,Foster Clark's,BEV-DP-MDP-FCS-01055,,Foster Clark's Mango Drink Powder in Beverages > Drink Powders. Simple product for Zephrant ERP import; one internal Default variant will be created.,Piece,Carton,24,2400,120,140,0,0,10,Active
Milo Mango Drink Powder,,,,,,,,,Beverages,Drink Powders,Mango Drink Powder,Milo,BEV-DP-MDP-MILO-01056,,Milo Mango Drink Powder in Beverages > Drink Powders. Simple product for Zephrant ERP import; one internal Default variant will be created.,Piece,Carton,24,2400,120,140,0,0,10,Active
Tang Lemon Drink Powder,,,,,,,,,Beverages,Drink Powders,Lemon Drink Powder,Tang,BEV-DP-LDP-TANG-01057,,Tang Lemon Drink Powder in Beverages > Drink Powders. Simple product for Zephrant ERP import; one internal Default variant will be created.,Piece,Carton,24,2400,120,140,0,0,10,Active
Rasna Lemon Drink Powder,,,,,,,,,Beverages,Drink Powders,Lemon Drink Powder,Rasna,BEV-DP-LDP-RASN-01058,,Rasna Lemon Drink Powder in Beverages > Drink Powders. Simple product for Zephrant ERP import; one internal Default variant will be created.,Piece,Carton,24,2400,120,140,0,0,10,Active
Foster Clark's Lemon Drink Powder,,,,,,,,,Beverages,Drink Powders,Lemon Drink Powder,Foster Clark's,BEV-DP-LDP-FCS-01059,,Foster Clark's Lemon Drink Powder in Beverages > Drink Powders. Simple product for Zephrant ERP import; one internal Default variant will be created.,Piece,Carton,24,2400,120,140,0,0,10,Active
Milo Lemon Drink Powder,,,,,,,,,Beverages,Drink Powders,Lemon Drink Powder,Milo,BEV-DP-LDP-MILO-01060,,Milo Lemon Drink Powder in Beverages > Drink Powders. Simple product for Zephrant ERP import; one internal Default variant will be created.,Piece,Carton,24,2400,120,140,0,0,10,Active
Instant Lemon Drink,,,,,,,,,Beverages,Instant Beverage Mixes,Instant Lemon Drink,Store Brand,BEV-IBM-ILD-SB-01061,,Instant Lemon Drink in Beverages > Instant Beverage Mixes. Simple product for Zephrant ERP import; one internal Default variant will be created.,Piece,Carton,24,2400,120,140,0,0,10,Active
Instant Lemon Drink,,,,,,,,,Beverages,Instant Beverage Mixes,Instant Lemon Drink,Local Brand,BEV-IBM-ILD-LB-01062,,Instant Lemon Drink in Beverages > Instant Beverage Mixes. Simple product for Zephrant ERP import; one internal Default variant will be created.,Piece,Carton,24,2400,120,140,0,0,10,Active
Instant Lemon Drink,,,,,,,,,Beverages,Instant Beverage Mixes,Instant Lemon Drink,Imported Brand,BEV-IBM-ILD-IB-01063,,Instant Lemon Drink in Beverages > Instant Beverage Mixes. Simple product for Zephrant ERP import; one internal Default variant will be created.,Piece,Carton,24,2400,120,140,0,0,10,Active
Instant Mango Drink,,,,,,,,,Beverages,Instant Beverage Mixes,Instant Mango Drink,Store Brand,BEV-IBM-IMD-SB-01064,,Instant Mango Drink in Beverages > Instant Beverage Mixes. Simple product for Zephrant ERP import; one internal Default variant will be created.,Piece,Carton,24,2400,120,140,0,0,10,Active
Instant Mango Drink,,,,,,,,,Beverages,Instant Beverage Mixes,Instant Mango Drink,Local Brand,BEV-IBM-IMD-LB-01065,,Instant Mango Drink in Beverages > Instant Beverage Mixes. Simple product for Zephrant ERP import; one internal Default variant will be created.,Piece,Carton,24,2400,120,140,0,0,10,Active
Instant Mango Drink,,,,,,,,,Beverages,Instant Beverage Mixes,Instant Mango Drink,Imported Brand,BEV-IBM-IMD-IB-01066,,Instant Mango Drink in Beverages > Instant Beverage Mixes. Simple product for Zephrant ERP import; one internal Default variant will be created.,Piece,Carton,24,2400,120,140,0,0,10,Active
Instant Chocolate Drink,,,,,,,,,Beverages,Instant Beverage Mixes,Instant Chocolate Drink,Store Brand,BEV-IBM-ICD-SB-01067,,Instant Chocolate Drink in Beverages > Instant Beverage Mixes. Simple product for Zephrant ERP import; one internal Default variant will be created.,Piece,Carton,24,2400,120,140,0,0,10,Active
Instant Chocolate Drink,,,,,,,,,Beverages,Instant Beverage Mixes,Instant Chocolate Drink,Local Brand,BEV-IBM-ICD-LB-01068,,Instant Chocolate Drink in Beverages > Instant Beverage Mixes. Simple product for Zephrant ERP import; one internal Default variant will be created.,Piece,Carton,24,2400,120,140,0,0,10,Active
Instant Chocolate Drink,,,,,,,,,Beverages,Instant Beverage Mixes,Instant Chocolate Drink,Imported Brand,BEV-IBM-ICD-IB-01069,,Instant Chocolate Drink in Beverages > Instant Beverage Mixes. Simple product for Zephrant ERP import; one internal Default variant will be created.,Piece,Carton,24,2400,120,140,0,0,10,Active
ORS ORS Sachet,,,,,,,,,Beverages,ORS & Rehydration Drinks,ORS Sachet,ORS,BEV-ORD-OS-ORS-01070,,ORS ORS Sachet in Beverages > ORS & Rehydration Drinks. Simple product for Zephrant ERP import; one internal Default variant will be created.,Piece,Carton,24,2400,120,140,0,0,10,Active
Pedialyte ORS Sachet,,,,,,,,,Beverages,ORS & Rehydration Drinks,ORS Sachet,Pedialyte,BEV-ORD-OS-PEDI-01071,,Pedialyte ORS Sachet in Beverages > ORS & Rehydration Drinks. Simple product for Zephrant ERP import; one internal Default variant will be created.,Piece,Carton,24,2400,120,140,0,0,10,Active
Electral ORS Sachet,,,,,,,,,Beverages,ORS & Rehydration Drinks,ORS Sachet,Electral,BEV-ORD-OS-ELEC-01072,,Electral ORS Sachet in Beverages > ORS & Rehydration Drinks. Simple product for Zephrant ERP import; one internal Default variant will be created.,Piece,Carton,24,2400,120,140,0,0,10,Active
ORS Sachet,,,,,,,,,Beverages,ORS & Rehydration Drinks,ORS Sachet,Store Brand,BEV-ORD-OS-SB-01073,,ORS Sachet in Beverages > ORS & Rehydration Drinks. Simple product for Zephrant ERP import; one internal Default variant will be created.,Piece,Carton,24,2400,120,140,0,0,10,Active
ORS ORS Drink,,,,,,,,,Beverages,ORS & Rehydration Drinks,ORS Drink,ORS,BEV-ORD-OD-ORS-01074,,ORS ORS Drink in Beverages > ORS & Rehydration Drinks. Simple product for Zephrant ERP import; one internal Default variant will be created.,Piece,Carton,24,2400,120,140,0,0,10,Active
Pedialyte ORS Drink,,,,,,,,,Beverages,ORS & Rehydration Drinks,ORS Drink,Pedialyte,BEV-ORD-OD-PEDI-01075,,Pedialyte ORS Drink in Beverages > ORS & Rehydration Drinks. Simple product for Zephrant ERP import; one internal Default variant will be created.,Piece,Carton,24,2400,120,140,0,0,10,Active
Electral ORS Drink,,,,,,,,,Beverages,ORS & Rehydration Drinks,ORS Drink,Electral,BEV-ORD-OD-ELEC-01076,,Electral ORS Drink in Beverages > ORS & Rehydration Drinks. Simple product for Zephrant ERP import; one internal Default variant will be created.,Piece,Carton,24,2400,120,140,0,0,10,Active
ORS Drink,,,,,,,,,Beverages,ORS & Rehydration Drinks,ORS Drink,Store Brand,BEV-ORD-OD-SB-01077,,ORS Drink in Beverages > ORS & Rehydration Drinks. Simple product for Zephrant ERP import; one internal Default variant will be created.,Piece,Carton,24,2400,120,140,0,0,10,Active
Glucose Powder,,,,,,,,,Beverages,Glucose Drinks,Glucose Powder,Store Brand,BEV-GD-GP-SB-01078,,Glucose Powder in Beverages > Glucose Drinks. Simple product for Zephrant ERP import; one internal Default variant will be created.,Piece,Carton,24,2400,120,140,0,0,10,Active
Glucose Powder,,,,,,,,,Beverages,Glucose Drinks,Glucose Powder,Local Brand,BEV-GD-GP-LB-01079,,Glucose Powder in Beverages > Glucose Drinks. Simple product for Zephrant ERP import; one internal Default variant will be created.,Piece,Carton,24,2400,120,140,0,0,10,Active
Glucose Powder,,,,,,,,,Beverages,Glucose Drinks,Glucose Powder,Imported Brand,BEV-GD-GP-IB-01080,,Glucose Powder in Beverages > Glucose Drinks. Simple product for Zephrant ERP import; one internal Default variant will be created.,Piece,Carton,24,2400,120,140,0,0,10,Active
Glucose Drink,,,,,,,,,Beverages,Glucose Drinks,Glucose Drink,Store Brand,BEV-GD-GD-SB-01081,,Glucose Drink in Beverages > Glucose Drinks. Simple product for Zephrant ERP import; one internal Default variant will be created.,Piece,Carton,24,2400,120,140,0,0,10,Active
Glucose Drink,,,,,,,,,Beverages,Glucose Drinks,Glucose Drink,Local Brand,BEV-GD-GD-LB-01082,,Glucose Drink in Beverages > Glucose Drinks. Simple product for Zephrant ERP import; one internal Default variant will be created.,Piece,Carton,24,2400,120,140,0,0,10,Active
Glucose Drink,,,,,,,,,Beverages,Glucose Drinks,Glucose Drink,Imported Brand,BEV-GD-GD-IB-01083,,Glucose Drink in Beverages > Glucose Drinks. Simple product for Zephrant ERP import; one internal Default variant will be created.,Piece,Carton,24,2400,120,140,0,0,10,Active
Flavored Drink Powder,,,,,,,,,Beverages,Flavored Powder Drinks,Flavored Drink Powder,Store Brand,BEV-FPD-FDP-SB-01084,,Flavored Drink Powder in Beverages > Flavored Powder Drinks. Simple product for Zephrant ERP import; one internal Default variant will be created.,Piece,Carton,24,2400,120,140,0,0,10,Active
Flavored Drink Powder,,,,,,,,,Beverages,Flavored Powder Drinks,Flavored Drink Powder,Local Brand,BEV-FPD-FDP-LB-01085,,Flavored Drink Powder in Beverages > Flavored Powder Drinks. Simple product for Zephrant ERP import; one internal Default variant will be created.,Piece,Carton,24,2400,120,140,0,0,10,Active
Flavored Drink Powder,,,,,,,,,Beverages,Flavored Powder Drinks,Flavored Drink Powder,Imported Brand,BEV-FPD-FDP-IB-01086,,Flavored Drink Powder in Beverages > Flavored Powder Drinks. Simple product for Zephrant ERP import; one internal Default variant will be created.,Piece,Carton,24,2400,120,140,0,0,10,Active
Milk Flavor Powder,,,,,,,,,Beverages,Flavored Powder Drinks,Milk Flavor Powder,Store Brand,BEV-FPD-MFP-SB-01087,,Milk Flavor Powder in Beverages > Flavored Powder Drinks. Simple product for Zephrant ERP import; one internal Default variant will be created.,Piece,Carton,24,2400,120,140,0,0,10,Active
Milk Flavor Powder,,,,,,,,,Beverages,Flavored Powder Drinks,Milk Flavor Powder,Local Brand,BEV-FPD-MFP-LB-01088,,Milk Flavor Powder in Beverages > Flavored Powder Drinks. Simple product for Zephrant ERP import; one internal Default variant will be created.,Piece,Carton,24,2400,120,140,0,0,10,Active
Milk Flavor Powder,,,,,,,,,Beverages,Flavored Powder Drinks,Milk Flavor Powder,Imported Brand,BEV-FPD-MFP-IB-01089,,Milk Flavor Powder in Beverages > Flavored Powder Drinks. Simple product for Zephrant ERP import; one internal Default variant will be created.,Piece,Carton,24,2400,120,140,0,0,10,Active
Lays Potato Chips,,,,,,,,,Snacks & Confectionery,Potato Chips,Potato Chips,Lays,SC-PC-PC-LAYS-01090,,Lays Potato Chips in Snacks & Confectionery > Potato Chips. Simple product for Zephrant ERP import; one internal Default variant will be created.,Piece,Box,24,1200,70,80,0,0,10,Active
Super Crisp Potato Chips,,,,,,,,,Snacks & Confectionery,Potato Chips,Potato Chips,Super Crisp,SC-PC-PC-SC-01091,,Super Crisp Potato Chips in Snacks & Confectionery > Potato Chips. Simple product for Zephrant ERP import; one internal Default variant will be created.,Piece,Box,24,1200,70,80,0,0,10,Active
Oye Hoye Potato Chips,,,,,,,,,Snacks & Confectionery,Potato Chips,Potato Chips,Oye Hoye,SC-PC-PC-OH-01092,,Oye Hoye Potato Chips in Snacks & Confectionery > Potato Chips. Simple product for Zephrant ERP import; one internal Default variant will be created.,Piece,Box,24,1200,70,80,0,0,10,Active
Kolson Potato Chips,,,,,,,,,Snacks & Confectionery,Potato Chips,Potato Chips,Kolson,SC-PC-PC-KOLS-01093,,Kolson Potato Chips in Snacks & Confectionery > Potato Chips. Simple product for Zephrant ERP import; one internal Default variant will be created.,Piece,Box,24,1200,70,80,0,0,10,Active
Lays Potato Chips Regular,,,,,,,,,Snacks & Confectionery,Potato Chips,Potato Chips Regular,Lays,SC-PC-PCR-LAYS-01094,,Lays Potato Chips Regular in Snacks & Confectionery > Potato Chips. Simple product for Zephrant ERP import; one internal Default variant will be created.,Piece,Box,24,1200,70,80,0,0,10,Active
Super Crisp Potato Chips Regular,,,,,,,,,Snacks & Confectionery,Potato Chips,Potato Chips Regular,Super Crisp,SC-PC-PCR-SC-01095,,Super Crisp Potato Chips Regular in Snacks & Confectionery > Potato Chips. Simple product for Zephrant ERP import; one internal Default variant will be created.,Piece,Box,24,1200,70,80,0,0,10,Active
Oye Hoye Potato Chips Regular,,,,,,,,,Snacks & Confectionery,Potato Chips,Potato Chips Regular,Oye Hoye,SC-PC-PCR-OH-01096,,Oye Hoye Potato Chips Regular in Snacks & Confectionery > Potato Chips. Simple product for Zephrant ERP import; one internal Default variant will be created.,Piece,Box,24,1200,70,80,0,0,10,Active
Kolson Potato Chips Regular,,,,,,,,,Snacks & Confectionery,Potato Chips,Potato Chips Regular,Kolson,SC-PC-PCR-KOLS-01097,,Kolson Potato Chips Regular in Snacks & Confectionery > Potato Chips. Simple product for Zephrant ERP import; one internal Default variant will be created.,Piece,Box,24,1200,70,80,0,0,10,Active
Lays Potato Chips Premium,,,,,,,,,Snacks & Confectionery,Potato Chips,Potato Chips Premium,Lays,SC-PC-PCP-LAYS-01098,,Lays Potato Chips Premium in Snacks & Confectionery > Potato Chips. Simple product for Zephrant ERP import; one internal Default variant will be created.,Piece,Box,24,1200,70,80,0,0,10,Active
Super Crisp Potato Chips Premium,,,,,,,,,Snacks & Confectionery,Potato Chips,Potato Chips Premium,Super Crisp,SC-PC-PCP-SC-01099,,Super Crisp Potato Chips Premium in Snacks & Confectionery > Potato Chips. Simple product for Zephrant ERP import; one internal Default variant will be created.,Piece,Box,24,1200,70,80,0,0,10,Active
Oye Hoye Potato Chips Premium,,,,,,,,,Snacks & Confectionery,Potato Chips,Potato Chips Premium,Oye Hoye,SC-PC-PCP-OH-01100,,Oye Hoye Potato Chips Premium in Snacks & Confectionery > Potato Chips. Simple product for Zephrant ERP import; one internal Default variant will be created.,Piece,Box,24,1200,70,80,0,0,10,Active
Kolson Potato Chips Premium,,,,,,,,,Snacks & Confectionery,Potato Chips,Potato Chips Premium,Kolson,SC-PC-PCP-KOLS-01101,,Kolson Potato Chips Premium in Snacks & Confectionery > Potato Chips. Simple product for Zephrant ERP import; one internal Default variant will be created.,Piece,Box,24,1200,70,80,0,0,10,Active
Cheetos Corn Snacks,,,,,,,,,Snacks & Confectionery,Corn Snacks,Corn Snacks,Cheetos,SC-CS-CS-CHEE-01102,,Cheetos Corn Snacks in Snacks & Confectionery > Corn Snacks. Simple product for Zephrant ERP import; one internal Default variant will be created.,Piece,Box,24,1200,70,80,0,0,10,Active
Kurkure Corn Snacks,,,,,,,,,Snacks & Confectionery,Corn Snacks,Corn Snacks,Kurkure,SC-CS-CS-KURK-01103,,Kurkure Corn Snacks in Snacks & Confectionery > Corn Snacks. Simple product for Zephrant ERP import; one internal Default variant will be created.,Piece,Box,24,1200,70,80,0,0,10,Active
Slanty Corn Snacks,,,,,,,,,Snacks & Confectionery,Corn Snacks,Corn Snacks,Slanty,SC-CS-CS-SLAN-01104,,Slanty Corn Snacks in Snacks & Confectionery > Corn Snacks. Simple product for Zephrant ERP import; one internal Default variant will be created.,Piece,Box,24,1200,70,80,0,0,10,Active
Kolson Corn Snacks,,,,,,,,,Snacks & Confectionery,Corn Snacks,Corn Snacks,Kolson,SC-CS-CS-KOLS-01105,,Kolson Corn Snacks in Snacks & Confectionery > Corn Snacks. Simple product for Zephrant ERP import; one internal Default variant will be created.,Piece,Box,24,1200,70,80,0,0,10,Active
Cheetos Corn Snacks Regular,,,,,,,,,Snacks & Confectionery,Corn Snacks,Corn Snacks Regular,Cheetos,SC-CS-CSR-CHEE-01106,,Cheetos Corn Snacks Regular in Snacks & Confectionery > Corn Snacks. Simple product for Zephrant ERP import; one internal Default variant will be created.,Piece,Box,24,1200,70,80,0,0,10,Active
Kurkure Corn Snacks Regular,,,,,,,,,Snacks & Confectionery,Corn Snacks,Corn Snacks Regular,Kurkure,SC-CS-CSR-KURK-01107,,Kurkure Corn Snacks Regular in Snacks & Confectionery > Corn Snacks. Simple product for Zephrant ERP import; one internal Default variant will be created.,Piece,Box,24,1200,70,80,0,0,10,Active
Slanty Corn Snacks Regular,,,,,,,,,Snacks & Confectionery,Corn Snacks,Corn Snacks Regular,Slanty,SC-CS-CSR-SLAN-01108,,Slanty Corn Snacks Regular in Snacks & Confectionery > Corn Snacks. Simple product for Zephrant ERP import; one internal Default variant will be created.,Piece,Box,24,1200,70,80,0,0,10,Active
Kolson Corn Snacks Regular,,,,,,,,,Snacks & Confectionery,Corn Snacks,Corn Snacks Regular,Kolson,SC-CS-CSR-KOLS-01109,,Kolson Corn Snacks Regular in Snacks & Confectionery > Corn Snacks. Simple product for Zephrant ERP import; one internal Default variant will be created.,Piece,Box,24,1200,70,80,0,0,10,Active
Cheetos Corn Snacks Premium,,,,,,,,,Snacks & Confectionery,Corn Snacks,Corn Snacks Premium,Cheetos,SC-CS-CSP-CHEE-01110,,Cheetos Corn Snacks Premium in Snacks & Confectionery > Corn Snacks. Simple product for Zephrant ERP import; one internal Default variant will be created.,Piece,Box,24,1200,70,80,0,0,10,Active
Kurkure Corn Snacks Premium,,,,,,,,,Snacks & Confectionery,Corn Snacks,Corn Snacks Premium,Kurkure,SC-CS-CSP-KURK-01111,,Kurkure Corn Snacks Premium in Snacks & Confectionery > Corn Snacks. Simple product for Zephrant ERP import; one internal Default variant will be created.,Piece,Box,24,1200,70,80,0,0,10,Active
Slanty Corn Snacks Premium,,,,,,,,,Snacks & Confectionery,Corn Snacks,Corn Snacks Premium,Slanty,SC-CS-CSP-SLAN-01112,,Slanty Corn Snacks Premium in Snacks & Confectionery > Corn Snacks. Simple product for Zephrant ERP import; one internal Default variant will be created.,Piece,Box,24,1200,70,80,0,0,10,Active
Kolson Corn Snacks Premium,,,,,,,,,Snacks & Confectionery,Corn Snacks,Corn Snacks Premium,Kolson,SC-CS-CSP-KOLS-01113,,Kolson Corn Snacks Premium in Snacks & Confectionery > Corn Snacks. Simple product for Zephrant ERP import; one internal Default variant will be created.,Piece,Box,24,1200,70,80,0,0,10,Active
Cheetos Extruded Snacks,,,,,,,,,Snacks & Confectionery,Extruded Snacks,Extruded Snacks,Cheetos,SC-ES-ES-CHEE-01114,,Cheetos Extruded Snacks in Snacks & Confectionery > Extruded Snacks. Simple product for Zephrant ERP import; one internal Default variant will be created.,Piece,Box,24,1200,70,80,0,0,10,Active
Kurkure Extruded Snacks,,,,,,,,,Snacks & Confectionery,Extruded Snacks,Extruded Snacks,Kurkure,SC-ES-ES-KURK-01115,,Kurkure Extruded Snacks in Snacks & Confectionery > Extruded Snacks. Simple product for Zephrant ERP import; one internal Default variant will be created.,Piece,Box,24,1200,70,80,0,0,10,Active
Slanty Extruded Snacks,,,,,,,,,Snacks & Confectionery,Extruded Snacks,Extruded Snacks,Slanty,SC-ES-ES-SLAN-01116,,Slanty Extruded Snacks in Snacks & Confectionery > Extruded Snacks. Simple product for Zephrant ERP import; one internal Default variant will be created.,Piece,Box,24,1200,70,80,0,0,10,Active
Kolson Extruded Snacks,,,,,,,,,Snacks & Confectionery,Extruded Snacks,Extruded Snacks,Kolson,SC-ES-ES-KOLS-01117,,Kolson Extruded Snacks in Snacks & Confectionery > Extruded Snacks. Simple product for Zephrant ERP import; one internal Default variant will be created.,Piece,Box,24,1200,70,80,0,0,10,Active
Cheetos Extruded Snacks Regular,,,,,,,,,Snacks & Confectionery,Extruded Snacks,Extruded Snacks Regular,Cheetos,SC-ES-ESR-CHEE-01118,,Cheetos Extruded Snacks Regular in Snacks & Confectionery > Extruded Snacks. Simple product for Zephrant ERP import; one internal Default variant will be created.,Piece,Box,24,1200,70,80,0,0,10,Active
Kurkure Extruded Snacks Regular,,,,,,,,,Snacks & Confectionery,Extruded Snacks,Extruded Snacks Regular,Kurkure,SC-ES-ESR-KURK-01119,,Kurkure Extruded Snacks Regular in Snacks & Confectionery > Extruded Snacks. Simple product for Zephrant ERP import; one internal Default variant will be created.,Piece,Box,24,1200,70,80,0,0,10,Active
Slanty Extruded Snacks Regular,,,,,,,,,Snacks & Confectionery,Extruded Snacks,Extruded Snacks Regular,Slanty,SC-ES-ESR-SLAN-01120,,Slanty Extruded Snacks Regular in Snacks & Confectionery > Extruded Snacks. Simple product for Zephrant ERP import; one internal Default variant will be created.,Piece,Box,24,1200,70,80,0,0,10,Active
Kolson Extruded Snacks Regular,,,,,,,,,Snacks & Confectionery,Extruded Snacks,Extruded Snacks Regular,Kolson,SC-ES-ESR-KOLS-01121,,Kolson Extruded Snacks Regular in Snacks & Confectionery > Extruded Snacks. Simple product for Zephrant ERP import; one internal Default variant will be created.,Piece,Box,24,1200,70,80,0,0,10,Active
Cheetos Extruded Snacks Premium,,,,,,,,,Snacks & Confectionery,Extruded Snacks,Extruded Snacks Premium,Cheetos,SC-ES-ESP-CHEE-01122,,Cheetos Extruded Snacks Premium in Snacks & Confectionery > Extruded Snacks. Simple product for Zephrant ERP import; one internal Default variant will be created.,Piece,Box,24,1200,70,80,0,0,10,Active
Kurkure Extruded Snacks Premium,,,,,,,,,Snacks & Confectionery,Extruded Snacks,Extruded Snacks Premium,Kurkure,SC-ES-ESP-KURK-01123,,Kurkure Extruded Snacks Premium in Snacks & Confectionery > Extruded Snacks. Simple product for Zephrant ERP import; one internal Default variant will be created.,Piece,Box,24,1200,70,80,0,0,10,Active
Slanty Extruded Snacks Premium,,,,,,,,,Snacks & Confectionery,Extruded Snacks,Extruded Snacks Premium,Slanty,SC-ES-ESP-SLAN-01124,,Slanty Extruded Snacks Premium in Snacks & Confectionery > Extruded Snacks. Simple product for Zephrant ERP import; one internal Default variant will be created.,Piece,Box,24,1200,70,80,0,0,10,Active
Kolson Extruded Snacks Premium,,,,,,,,,Snacks & Confectionery,Extruded Snacks,Extruded Snacks Premium,Kolson,SC-ES-ESP-KOLS-01125,,Kolson Extruded Snacks Premium in Snacks & Confectionery > Extruded Snacks. Simple product for Zephrant ERP import; one internal Default variant will be created.,Piece,Box,24,1200,70,80,0,0,10,Active
Nimco Nimco,,,,,,,,,Snacks & Confectionery,Nimco,Nimco,Nimco,SC-NIMC-NIMC-NIMC-01126,,Nimco Nimco in Snacks & Confectionery > Nimco. Simple product for Zephrant ERP import; one internal Default variant will be created.,Piece,Box,24,1200,70,80,0,0,10,Active
United King Nimco,,,,,,,,,Snacks & Confectionery,Nimco,Nimco,United King,SC-NIMC-NIMC-UK-01127,,United King Nimco in Snacks & Confectionery > Nimco. Simple product for Zephrant ERP import; one internal Default variant will be created.,Piece,Box,24,1200,70,80,0,0,10,Active
Rehmat-e-Shereen Nimco,,,,,,,,,Snacks & Confectionery,Nimco,Nimco,Rehmat-e-Shereen,SC-NIMC-NIMC-RES-01128,,Rehmat-e-Shereen Nimco in Snacks & Confectionery > Nimco. Simple product for Zephrant ERP import; one internal Default variant will be created.,Piece,Box,24,1200,70,80,0,0,10,Active
Nimco,,,,,,,,,Snacks & Confectionery,Nimco,Nimco,Store Brand,SC-NIMC-NIMC-SB-01129,,Nimco in Snacks & Confectionery > Nimco. Simple product for Zephrant ERP import; one internal Default variant will be created.,Piece,Box,24,1200,70,80,0,0,10,Active
Nimco Nimco Regular,,,,,,,,,Snacks & Confectionery,Nimco,Nimco Regular,Nimco,SC-NIMC-NR-NIMC-01130,,Nimco Nimco Regular in Snacks & Confectionery > Nimco. Simple product for Zephrant ERP import; one internal Default variant will be created.,Piece,Box,24,1200,70,80,0,0,10,Active
United King Nimco Regular,,,,,,,,,Snacks & Confectionery,Nimco,Nimco Regular,United King,SC-NIMC-NR-UK-01131,,United King Nimco Regular in Snacks & Confectionery > Nimco. Simple product for Zephrant ERP import; one internal Default variant will be created.,Piece,Box,24,1200,70,80,0,0,10,Active
Rehmat-e-Shereen Nimco Regular,,,,,,,,,Snacks & Confectionery,Nimco,Nimco Regular,Rehmat-e-Shereen,SC-NIMC-NR-RES-01132,,Rehmat-e-Shereen Nimco Regular in Snacks & Confectionery > Nimco. Simple product for Zephrant ERP import; one internal Default variant will be created.,Piece,Box,24,1200,70,80,0,0,10,Active
Nimco Regular,,,,,,,,,Snacks & Confectionery,Nimco,Nimco Regular,Store Brand,SC-NIMC-NR-SB-01133,,Nimco Regular in Snacks & Confectionery > Nimco. Simple product for Zephrant ERP import; one internal Default variant will be created.,Piece,Box,24,1200,70,80,0,0,10,Active
Nimco Nimco Premium,,,,,,,,,Snacks & Confectionery,Nimco,Nimco Premium,Nimco,SC-NIMC-NP-NIMC-01134,,Nimco Nimco Premium in Snacks & Confectionery > Nimco. Simple product for Zephrant ERP import; one internal Default variant will be created.,Piece,Box,24,1200,70,80,0,0,10,Active
United King Nimco Premium,,,,,,,,,Snacks & Confectionery,Nimco,Nimco Premium,United King,SC-NIMC-NP-UK-01135,,United King Nimco Premium in Snacks & Confectionery > Nimco. Simple product for Zephrant ERP import; one internal Default variant will be created.,Piece,Box,24,1200,70,80,0,0,10,Active
Rehmat-e-Shereen Nimco Premium,,,,,,,,,Snacks & Confectionery,Nimco,Nimco Premium,Rehmat-e-Shereen,SC-NIMC-NP-RES-01136,,Rehmat-e-Shereen Nimco Premium in Snacks & Confectionery > Nimco. Simple product for Zephrant ERP import; one internal Default variant will be created.,Piece,Box,24,1200,70,80,0,0,10,Active
Nimco Premium,,,,,,,,,Snacks & Confectionery,Nimco,Nimco Premium,Store Brand,SC-NIMC-NP-SB-01137,,Nimco Premium in Snacks & Confectionery > Nimco. Simple product for Zephrant ERP import; one internal Default variant will be created.,Piece,Box,24,1200,70,80,0,0,10,Active
Popcorn,,,,,,,,,Snacks & Confectionery,Popcorn,Popcorn,Store Brand,SC-POPC-POPC-SB-01138,,Popcorn in Snacks & Confectionery > Popcorn. Simple product for Zephrant ERP import; one internal Default variant will be created.,Piece,Box,24,1200,70,80,0,0,10,Active
Popcorn,,,,,,,,,Snacks & Confectionery,Popcorn,Popcorn,Local Brand,SC-POPC-POPC-LB-01139,,Popcorn in Snacks & Confectionery > Popcorn. Simple product for Zephrant ERP import; one internal Default variant will be created.,Piece,Box,24,1200,70,80,0,0,10,Active
Popcorn,,,,,,,,,Snacks & Confectionery,Popcorn,Popcorn,Imported Brand,SC-POPC-POPC-IB-01140,,Popcorn in Snacks & Confectionery > Popcorn. Simple product for Zephrant ERP import; one internal Default variant will be created.,Piece,Box,24,1200,70,80,0,0,10,Active
Popcorn Regular,,,,,,,,,Snacks & Confectionery,Popcorn,Popcorn Regular,Store Brand,SC-POPC-PR-SB-01141,,Popcorn Regular in Snacks & Confectionery > Popcorn. Simple product for Zephrant ERP import; one internal Default variant will be created.,Piece,Box,24,1200,70,80,0,0,10,Active
Popcorn Regular,,,,,,,,,Snacks & Confectionery,Popcorn,Popcorn Regular,Local Brand,SC-POPC-PR-LB-01142,,Popcorn Regular in Snacks & Confectionery > Popcorn. Simple product for Zephrant ERP import; one internal Default variant will be created.,Piece,Box,24,1200,70,80,0,0,10,Active
Popcorn Regular,,,,,,,,,Snacks & Confectionery,Popcorn,Popcorn Regular,Imported Brand,SC-POPC-PR-IB-01143,,Popcorn Regular in Snacks & Confectionery > Popcorn. Simple product for Zephrant ERP import; one internal Default variant will be created.,Piece,Box,24,1200,70,80,0,0,10,Active
Popcorn Premium,,,,,,,,,Snacks & Confectionery,Popcorn,Popcorn Premium,Store Brand,SC-POPC-PP-SB-01144,,Popcorn Premium in Snacks & Confectionery > Popcorn. Simple product for Zephrant ERP import; one internal Default variant will be created.,Piece,Box,24,1200,70,80,0,0,10,Active
Popcorn Premium,,,,,,,,,Snacks & Confectionery,Popcorn,Popcorn Premium,Local Brand,SC-POPC-PP-LB-01145,,Popcorn Premium in Snacks & Confectionery > Popcorn. Simple product for Zephrant ERP import; one internal Default variant will be created.,Piece,Box,24,1200,70,80,0,0,10,Active
Popcorn Premium,,,,,,,,,Snacks & Confectionery,Popcorn,Popcorn Premium,Imported Brand,SC-POPC-PP-IB-01146,,Popcorn Premium in Snacks & Confectionery > Popcorn. Simple product for Zephrant ERP import; one internal Default variant will be created.,Piece,Box,24,1200,70,80,0,0,10,Active
Crackers,,,,,,,,,Snacks & Confectionery,Crackers,Crackers,Store Brand,SC-CRAC-CRAC-SB-01147,,Crackers in Snacks & Confectionery > Crackers. Simple product for Zephrant ERP import; one internal Default variant will be created.,Piece,Box,24,1200,70,80,0,0,10,Active
Crackers,,,,,,,,,Snacks & Confectionery,Crackers,Crackers,Local Brand,SC-CRAC-CRAC-LB-01148,,Crackers in Snacks & Confectionery > Crackers. Simple product for Zephrant ERP import; one internal Default variant will be created.,Piece,Box,24,1200,70,80,0,0,10,Active
Crackers,,,,,,,,,Snacks & Confectionery,Crackers,Crackers,Imported Brand,SC-CRAC-CRAC-IB-01149,,Crackers in Snacks & Confectionery > Crackers. Simple product for Zephrant ERP import; one internal Default variant will be created.,Piece,Box,24,1200,70,80,0,0,10,Active
Crackers Regular,,,,,,,,,Snacks & Confectionery,Crackers,Crackers Regular,Store Brand,SC-CRAC-CR-SB-01150,,Crackers Regular in Snacks & Confectionery > Crackers. Simple product for Zephrant ERP import; one internal Default variant will be created.,Piece,Box,24,1200,70,80,0,0,10,Active
Crackers Regular,,,,,,,,,Snacks & Confectionery,Crackers,Crackers Regular,Local Brand,SC-CRAC-CR-LB-01151,,Crackers Regular in Snacks & Confectionery > Crackers. Simple product for Zephrant ERP import; one internal Default variant will be created.,Piece,Box,24,1200,70,80,0,0,10,Active
Crackers Regular,,,,,,,,,Snacks & Confectionery,Crackers,Crackers Regular,Imported Brand,SC-CRAC-CR-IB-01152,,Crackers Regular in Snacks & Confectionery > Crackers. Simple product for Zephrant ERP import; one internal Default variant will be created.,Piece,Box,24,1200,70,80,0,0,10,Active
Crackers Premium,,,,,,,,,Snacks & Confectionery,Crackers,Crackers Premium,Store Brand,SC-CRAC-CP-SB-01153,,Crackers Premium in Snacks & Confectionery > Crackers. Simple product for Zephrant ERP import; one internal Default variant will be created.,Piece,Box,24,1200,70,80,0,0,10,Active
Crackers Premium,,,,,,,,,Snacks & Confectionery,Crackers,Crackers Premium,Local Brand,SC-CRAC-CP-LB-01154,,Crackers Premium in Snacks & Confectionery > Crackers. Simple product for Zephrant ERP import; one internal Default variant will be created.,Piece,Box,24,1200,70,80,0,0,10,Active
Crackers Premium,,,,,,,,,Snacks & Confectionery,Crackers,Crackers Premium,Imported Brand,SC-CRAC-CP-IB-01155,,Crackers Premium in Snacks & Confectionery > Crackers. Simple product for Zephrant ERP import; one internal Default variant will be created.,Piece,Box,24,1200,70,80,0,0,10,Active
Salted Snacks,,,,,,,,,Snacks & Confectionery,Salted Snacks,Salted Snacks,Store Brand,SC-SS-SS-SB-01156,,Salted Snacks in Snacks & Confectionery > Salted Snacks. Simple product for Zephrant ERP import; one internal Default variant will be created.,Piece,Box,24,1200,70,80,0,0,10,Active
Salted Snacks,,,,,,,,,Snacks & Confectionery,Salted Snacks,Salted Snacks,Local Brand,SC-SS-SS-LB-01157,,Salted Snacks in Snacks & Confectionery > Salted Snacks. Simple product for Zephrant ERP import; one internal Default variant will be created.,Piece,Box,24,1200,70,80,0,0,10,Active
Salted Snacks,,,,,,,,,Snacks & Confectionery,Salted Snacks,Salted Snacks,Imported Brand,SC-SS-SS-IB-01158,,Salted Snacks in Snacks & Confectionery > Salted Snacks. Simple product for Zephrant ERP import; one internal Default variant will be created.,Piece,Box,24,1200,70,80,0,0,10,Active
Salted Snacks Regular,,,,,,,,,Snacks & Confectionery,Salted Snacks,Salted Snacks Regular,Store Brand,SC-SS-SSR-SB-01159,,Salted Snacks Regular in Snacks & Confectionery > Salted Snacks. Simple product for Zephrant ERP import; one internal Default variant will be created.,Piece,Box,24,1200,70,80,0,0,10,Active
Salted Snacks Regular,,,,,,,,,Snacks & Confectionery,Salted Snacks,Salted Snacks Regular,Local Brand,SC-SS-SSR-LB-01160,,Salted Snacks Regular in Snacks & Confectionery > Salted Snacks. Simple product for Zephrant ERP import; one internal Default variant will be created.,Piece,Box,24,1200,70,80,0,0,10,Active
Salted Snacks Regular,,,,,,,,,Snacks & Confectionery,Salted Snacks,Salted Snacks Regular,Imported Brand,SC-SS-SSR-IB-01161,,Salted Snacks Regular in Snacks & Confectionery > Salted Snacks. Simple product for Zephrant ERP import; one internal Default variant will be created.,Piece,Box,24,1200,70,80,0,0,10,Active
Salted Snacks Premium,,,,,,,,,Snacks & Confectionery,Salted Snacks,Salted Snacks Premium,Store Brand,SC-SS-SSP-SB-01162,,Salted Snacks Premium in Snacks & Confectionery > Salted Snacks. Simple product for Zephrant ERP import; one internal Default variant will be created.,Piece,Box,24,1200,70,80,0,0,10,Active
Salted Snacks Premium,,,,,,,,,Snacks & Confectionery,Salted Snacks,Salted Snacks Premium,Local Brand,SC-SS-SSP-LB-01163,,Salted Snacks Premium in Snacks & Confectionery > Salted Snacks. Simple product for Zephrant ERP import; one internal Default variant will be created.,Piece,Box,24,1200,70,80,0,0,10,Active
Salted Snacks Premium,,,,,,,,,Snacks & Confectionery,Salted Snacks,Salted Snacks Premium,Imported Brand,SC-SS-SSP-IB-01164,,Salted Snacks Premium in Snacks & Confectionery > Salted Snacks. Simple product for Zephrant ERP import; one internal Default variant will be created.,Piece,Box,24,1200,70,80,0,0,10,Active
Peek Freans Biscuits,,,,,,,,,Snacks & Confectionery,Biscuits,Biscuits,Peek Freans,SC-BISC-BISC-PF-01165,,Peek Freans Biscuits in Snacks & Confectionery > Biscuits. Simple product for Zephrant ERP import; one internal Default variant will be created.,Piece,Box,24,1200,70,80,0,0,10,Active
LU Biscuits,,,,,,,,,Snacks & Confectionery,Biscuits,Biscuits,LU,SC-BISC-BISC-LU-01166,,LU Biscuits in Snacks & Confectionery > Biscuits. Simple product for Zephrant ERP import; one internal Default variant will be created.,Piece,Box,24,1200,70,80,0,0,10,Active
Bisconni Biscuits,,,,,,,,,Snacks & Confectionery,Biscuits,Biscuits,Bisconni,SC-BISC-BISC-BISC-01167,,Bisconni Biscuits in Snacks & Confectionery > Biscuits. Simple product for Zephrant ERP import; one internal Default variant will be created.,Piece,Box,24,1200,70,80,0,0,10,Active
EBM Biscuits,,,,,,,,,Snacks & Confectionery,Biscuits,Biscuits,EBM,SC-BISC-BISC-EBM-01168,,EBM Biscuits in Snacks & Confectionery > Biscuits. Simple product for Zephrant ERP import; one internal Default variant will be created.,Piece,Box,24,1200,70,80,0,0,10,Active
Peek Freans Biscuits Regular,,,,,,,,,Snacks & Confectionery,Biscuits,Biscuits Regular,Peek Freans,SC-BISC-BR-PF-01169,,Peek Freans Biscuits Regular in Snacks & Confectionery > Biscuits. Simple product for Zephrant ERP import; one internal Default variant will be created.,Piece,Box,24,1200,70,80,0,0,10,Active
LU Biscuits Regular,,,,,,,,,Snacks & Confectionery,Biscuits,Biscuits Regular,LU,SC-BISC-BR-LU-01170,,LU Biscuits Regular in Snacks & Confectionery > Biscuits. Simple product for Zephrant ERP import; one internal Default variant will be created.,Piece,Box,24,1200,70,80,0,0,10,Active
Bisconni Biscuits Regular,,,,,,,,,Snacks & Confectionery,Biscuits,Biscuits Regular,Bisconni,SC-BISC-BR-BISC-01171,,Bisconni Biscuits Regular in Snacks & Confectionery > Biscuits. Simple product for Zephrant ERP import; one internal Default variant will be created.,Piece,Box,24,1200,70,80,0,0,10,Active
EBM Biscuits Regular,,,,,,,,,Snacks & Confectionery,Biscuits,Biscuits Regular,EBM,SC-BISC-BR-EBM-01172,,EBM Biscuits Regular in Snacks & Confectionery > Biscuits. Simple product for Zephrant ERP import; one internal Default variant will be created.,Piece,Box,24,1200,70,80,0,0,10,Active
Peek Freans Biscuits Premium,,,,,,,,,Snacks & Confectionery,Biscuits,Biscuits Premium,Peek Freans,SC-BISC-BP-PF-01173,,Peek Freans Biscuits Premium in Snacks & Confectionery > Biscuits. Simple product for Zephrant ERP import; one internal Default variant will be created.,Piece,Box,24,1200,70,80,0,0,10,Active
LU Biscuits Premium,,,,,,,,,Snacks & Confectionery,Biscuits,Biscuits Premium,LU,SC-BISC-BP-LU-01174,,LU Biscuits Premium in Snacks & Confectionery > Biscuits. Simple product for Zephrant ERP import; one internal Default variant will be created.,Piece,Box,24,1200,70,80,0,0,10,Active
Bisconni Biscuits Premium,,,,,,,,,Snacks & Confectionery,Biscuits,Biscuits Premium,Bisconni,SC-BISC-BP-BISC-01175,,Bisconni Biscuits Premium in Snacks & Confectionery > Biscuits. Simple product for Zephrant ERP import; one internal Default variant will be created.,Piece,Box,24,1200,70,80,0,0,10,Active
EBM Biscuits Premium,,,,,,,,,Snacks & Confectionery,Biscuits,Biscuits Premium,EBM,SC-BISC-BP-EBM-01176,,EBM Biscuits Premium in Snacks & Confectionery > Biscuits. Simple product for Zephrant ERP import; one internal Default variant will be created.,Piece,Box,24,1200,70,80,0,0,10,Active
Peek Freans Cookies,,,,,,,,,Snacks & Confectionery,Cookies,Cookies,Peek Freans,SC-COOK-COOK-PF-01177,,Peek Freans Cookies in Snacks & Confectionery > Cookies. Simple product for Zephrant ERP import; one internal Default variant will be created.,Piece,Box,24,1200,70,80,0,0,10,Active
LU Cookies,,,,,,,,,Snacks & Confectionery,Cookies,Cookies,LU,SC-COOK-COOK-LU-01178,,LU Cookies in Snacks & Confectionery > Cookies. Simple product for Zephrant ERP import; one internal Default variant will be created.,Piece,Box,24,1200,70,80,0,0,10,Active
Bisconni Cookies,,,,,,,,,Snacks & Confectionery,Cookies,Cookies,Bisconni,SC-COOK-COOK-BISC-01179,,Bisconni Cookies in Snacks & Confectionery > Cookies. Simple product for Zephrant ERP import; one internal Default variant will be created.,Piece,Box,24,1200,70,80,0,0,10,Active
EBM Cookies,,,,,,,,,Snacks & Confectionery,Cookies,Cookies,EBM,SC-COOK-COOK-EBM-01180,,EBM Cookies in Snacks & Confectionery > Cookies. Simple product for Zephrant ERP import; one internal Default variant will be created.,Piece,Box,24,1200,70,80,0,0,10,Active
Peek Freans Cookies Regular,,,,,,,,,Snacks & Confectionery,Cookies,Cookies Regular,Peek Freans,SC-COOK-CR-PF-01181,,Peek Freans Cookies Regular in Snacks & Confectionery > Cookies. Simple product for Zephrant ERP import; one internal Default variant will be created.,Piece,Box,24,1200,70,80,0,0,10,Active
LU Cookies Regular,,,,,,,,,Snacks & Confectionery,Cookies,Cookies Regular,LU,SC-COOK-CR-LU-01182,,LU Cookies Regular in Snacks & Confectionery > Cookies. Simple product for Zephrant ERP import; one internal Default variant will be created.,Piece,Box,24,1200,70,80,0,0,10,Active
Bisconni Cookies Regular,,,,,,,,,Snacks & Confectionery,Cookies,Cookies Regular,Bisconni,SC-COOK-CR-BISC-01183,,Bisconni Cookies Regular in Snacks & Confectionery > Cookies. Simple product for Zephrant ERP import; one internal Default variant will be created.,Piece,Box,24,1200,70,80,0,0,10,Active
EBM Cookies Regular,,,,,,,,,Snacks & Confectionery,Cookies,Cookies Regular,EBM,SC-COOK-CR-EBM-01184,,EBM Cookies Regular in Snacks & Confectionery > Cookies. Simple product for Zephrant ERP import; one internal Default variant will be created.,Piece,Box,24,1200,70,80,0,0,10,Active
Peek Freans Cookies Premium,,,,,,,,,Snacks & Confectionery,Cookies,Cookies Premium,Peek Freans,SC-COOK-CP-PF-01185,,Peek Freans Cookies Premium in Snacks & Confectionery > Cookies. Simple product for Zephrant ERP import; one internal Default variant will be created.,Piece,Box,24,1200,70,80,0,0,10,Active
LU Cookies Premium,,,,,,,,,Snacks & Confectionery,Cookies,Cookies Premium,LU,SC-COOK-CP-LU-01186,,LU Cookies Premium in Snacks & Confectionery > Cookies. Simple product for Zephrant ERP import; one internal Default variant will be created.,Piece,Box,24,1200,70,80,0,0,10,Active
Bisconni Cookies Premium,,,,,,,,,Snacks & Confectionery,Cookies,Cookies Premium,Bisconni,SC-COOK-CP-BISC-01187,,Bisconni Cookies Premium in Snacks & Confectionery > Cookies. Simple product for Zephrant ERP import; one internal Default variant will be created.,Piece,Box,24,1200,70,80,0,0,10,Active
EBM Cookies Premium,,,,,,,,,Snacks & Confectionery,Cookies,Cookies Premium,EBM,SC-COOK-CP-EBM-01188,,EBM Cookies Premium in Snacks & Confectionery > Cookies. Simple product for Zephrant ERP import; one internal Default variant will be created.,Piece,Box,24,1200,70,80,0,0,10,Active
Candyland Wafers,,,,,,,,,Snacks & Confectionery,Wafers,Wafers,Candyland,SC-WAFE-WAFE-CAND-01189,,Candyland Wafers in Snacks & Confectionery > Wafers. Simple product for Zephrant ERP import; one internal Default variant will be created.,Piece,Box,24,1200,70,80,0,0,10,Active
Hilal Wafers,,,,,,,,,Snacks & Confectionery,Wafers,Wafers,Hilal,SC-WAFE-WAFE-HILA-01190,,Hilal Wafers in Snacks & Confectionery > Wafers. Simple product for Zephrant ERP import; one internal Default variant will be created.,Piece,Box,24,1200,70,80,0,0,10,Active
Peek Freans Wafers,,,,,,,,,Snacks & Confectionery,Wafers,Wafers,Peek Freans,SC-WAFE-WAFE-PF-01191,,Peek Freans Wafers in Snacks & Confectionery > Wafers. Simple product for Zephrant ERP import; one internal Default variant will be created.,Piece,Box,24,1200,70,80,0,0,10,Active
LU Wafers,,,,,,,,,Snacks & Confectionery,Wafers,Wafers,LU,SC-WAFE-WAFE-LU-01192,,LU Wafers in Snacks & Confectionery > Wafers. Simple product for Zephrant ERP import; one internal Default variant will be created.,Piece,Box,24,1200,70,80,0,0,10,Active
Candyland Wafers Regular,,,,,,,,,Snacks & Confectionery,Wafers,Wafers Regular,Candyland,SC-WAFE-WR-CAND-01193,,Candyland Wafers Regular in Snacks & Confectionery > Wafers. Simple product for Zephrant ERP import; one internal Default variant will be created.,Piece,Box,24,1200,70,80,0,0,10,Active
Hilal Wafers Regular,,,,,,,,,Snacks & Confectionery,Wafers,Wafers Regular,Hilal,SC-WAFE-WR-HILA-01194,,Hilal Wafers Regular in Snacks & Confectionery > Wafers. Simple product for Zephrant ERP import; one internal Default variant will be created.,Piece,Box,24,1200,70,80,0,0,10,Active
Peek Freans Wafers Regular,,,,,,,,,Snacks & Confectionery,Wafers,Wafers Regular,Peek Freans,SC-WAFE-WR-PF-01195,,Peek Freans Wafers Regular in Snacks & Confectionery > Wafers. Simple product for Zephrant ERP import; one internal Default variant will be created.,Piece,Box,24,1200,70,80,0,0,10,Active
LU Wafers Regular,,,,,,,,,Snacks & Confectionery,Wafers,Wafers Regular,LU,SC-WAFE-WR-LU-01196,,LU Wafers Regular in Snacks & Confectionery > Wafers. Simple product for Zephrant ERP import; one internal Default variant will be created.,Piece,Box,24,1200,70,80,0,0,10,Active
Candyland Wafers Premium,,,,,,,,,Snacks & Confectionery,Wafers,Wafers Premium,Candyland,SC-WAFE-WP-CAND-01197,,Candyland Wafers Premium in Snacks & Confectionery > Wafers. Simple product for Zephrant ERP import; one internal Default variant will be created.,Piece,Box,24,1200,70,80,0,0,10,Active
Hilal Wafers Premium,,,,,,,,,Snacks & Confectionery,Wafers,Wafers Premium,Hilal,SC-WAFE-WP-HILA-01198,,Hilal Wafers Premium in Snacks & Confectionery > Wafers. Simple product for Zephrant ERP import; one internal Default variant will be created.,Piece,Box,24,1200,70,80,0,0,10,Active
Peek Freans Wafers Premium,,,,,,,,,Snacks & Confectionery,Wafers,Wafers Premium,Peek Freans,SC-WAFE-WP-PF-01199,,Peek Freans Wafers Premium in Snacks & Confectionery > Wafers. Simple product for Zephrant ERP import; one internal Default variant will be created.,Piece,Box,24,1200,70,80,0,0,10,Active
LU Wafers Premium,,,,,,,,,Snacks & Confectionery,Wafers,Wafers Premium,LU,SC-WAFE-WP-LU-01200,,LU Wafers Premium in Snacks & Confectionery > Wafers. Simple product for Zephrant ERP import; one internal Default variant will be created.,Piece,Box,24,1200,70,80,0,0,10,Active
CupKake Cakes,,,,,,,,,Snacks & Confectionery,Cakes,Cakes,CupKake,SC-CAKE-CAKE-CUPK-01201,,CupKake Cakes in Snacks & Confectionery > Cakes. Simple product for Zephrant ERP import; one internal Default variant will be created.,Piece,Box,24,1200,70,80,0,0,10,Active
Bake Parlor Cakes,,,,,,,,,Snacks & Confectionery,Cakes,Cakes,Bake Parlor,SC-CAKE-CAKE-BP-01202,,Bake Parlor Cakes in Snacks & Confectionery > Cakes. Simple product for Zephrant ERP import; one internal Default variant will be created.,Piece,Box,24,1200,70,80,0,0,10,Active
Peek Freans Cakes,,,,,,,,,Snacks & Confectionery,Cakes,Cakes,Peek Freans,SC-CAKE-CAKE-PF-01203,,Peek Freans Cakes in Snacks & Confectionery > Cakes. Simple product for Zephrant ERP import; one internal Default variant will be created.,Piece,Box,24,1200,70,80,0,0,10,Active
Cakes,,,,,,,,,Snacks & Confectionery,Cakes,Cakes,Store Brand,SC-CAKE-CAKE-SB-01204,,Cakes in Snacks & Confectionery > Cakes. Simple product for Zephrant ERP import; one internal Default variant will be created.,Piece,Box,24,1200,70,80,0,0,10,Active
CupKake Cakes Regular,,,,,,,,,Snacks & Confectionery,Cakes,Cakes Regular,CupKake,SC-CAKE-CR-CUPK-01205,,CupKake Cakes Regular in Snacks & Confectionery > Cakes. Simple product for Zephrant ERP import; one internal Default variant will be created.,Piece,Box,24,1200,70,80,0,0,10,Active
Bake Parlor Cakes Regular,,,,,,,,,Snacks & Confectionery,Cakes,Cakes Regular,Bake Parlor,SC-CAKE-CR-BP-01206,,Bake Parlor Cakes Regular in Snacks & Confectionery > Cakes. Simple product for Zephrant ERP import; one internal Default variant will be created.,Piece,Box,24,1200,70,80,0,0,10,Active
Peek Freans Cakes Regular,,,,,,,,,Snacks & Confectionery,Cakes,Cakes Regular,Peek Freans,SC-CAKE-CR-PF-01207,,Peek Freans Cakes Regular in Snacks & Confectionery > Cakes. Simple product for Zephrant ERP import; one internal Default variant will be created.,Piece,Box,24,1200,70,80,0,0,10,Active
Cakes Regular,,,,,,,,,Snacks & Confectionery,Cakes,Cakes Regular,Store Brand,SC-CAKE-CR-SB-01208,,Cakes Regular in Snacks & Confectionery > Cakes. Simple product for Zephrant ERP import; one internal Default variant will be created.,Piece,Box,24,1200,70,80,0,0,10,Active
CupKake Cakes Premium,,,,,,,,,Snacks & Confectionery,Cakes,Cakes Premium,CupKake,SC-CAKE-CP-CUPK-01209,,CupKake Cakes Premium in Snacks & Confectionery > Cakes. Simple product for Zephrant ERP import; one internal Default variant will be created.,Piece,Box,24,1200,70,80,0,0,10,Active
Bake Parlor Cakes Premium,,,,,,,,,Snacks & Confectionery,Cakes,Cakes Premium,Bake Parlor,SC-CAKE-CP-BP-01210,,Bake Parlor Cakes Premium in Snacks & Confectionery > Cakes. Simple product for Zephrant ERP import; one internal Default variant will be created.,Piece,Box,24,1200,70,80,0,0,10,Active
Peek Freans Cakes Premium,,,,,,,,,Snacks & Confectionery,Cakes,Cakes Premium,Peek Freans,SC-CAKE-CP-PF-01211,,Peek Freans Cakes Premium in Snacks & Confectionery > Cakes. Simple product for Zephrant ERP import; one internal Default variant will be created.,Piece,Box,24,1200,70,80,0,0,10,Active
Cakes Premium,,,,,,,,,Snacks & Confectionery,Cakes,Cakes Premium,Store Brand,SC-CAKE-CP-SB-01212,,Cakes Premium in Snacks & Confectionery > Cakes. Simple product for Zephrant ERP import; one internal Default variant will be created.,Piece,Box,24,1200,70,80,0,0,10,Active
Bake Parlor Rusks,,,,,,,,,Snacks & Confectionery,Rusks,Rusks,Bake Parlor,SC-RUSK-RUSK-BP-01213,,Bake Parlor Rusks in Snacks & Confectionery > Rusks. Simple product for Zephrant ERP import; one internal Default variant will be created.,Piece,Box,24,1200,70,80,0,0,10,Active
Peek Freans Rusks,,,,,,,,,Snacks & Confectionery,Rusks,Rusks,Peek Freans,SC-RUSK-RUSK-PF-01214,,Peek Freans Rusks in Snacks & Confectionery > Rusks. Simple product for Zephrant ERP import; one internal Default variant will be created.,Piece,Box,24,1200,70,80,0,0,10,Active
United King Rusks,,,,,,,,,Snacks & Confectionery,Rusks,Rusks,United King,SC-RUSK-RUSK-UK-01215,,United King Rusks in Snacks & Confectionery > Rusks. Simple product for Zephrant ERP import; one internal Default variant will be created.,Piece,Box,24,1200,70,80,0,0,10,Active
Rusks,,,,,,,,,Snacks & Confectionery,Rusks,Rusks,Store Brand,SC-RUSK-RUSK-SB-01216,,Rusks in Snacks & Confectionery > Rusks. Simple product for Zephrant ERP import; one internal Default variant will be created.,Piece,Box,24,1200,70,80,0,0,10,Active
Bake Parlor Rusks Regular,,,,,,,,,Snacks & Confectionery,Rusks,Rusks Regular,Bake Parlor,SC-RUSK-RR-BP-01217,,Bake Parlor Rusks Regular in Snacks & Confectionery > Rusks. Simple product for Zephrant ERP import; one internal Default variant will be created.,Piece,Box,24,1200,70,80,0,0,10,Active
Peek Freans Rusks Regular,,,,,,,,,Snacks & Confectionery,Rusks,Rusks Regular,Peek Freans,SC-RUSK-RR-PF-01218,,Peek Freans Rusks Regular in Snacks & Confectionery > Rusks. Simple product for Zephrant ERP import; one internal Default variant will be created.,Piece,Box,24,1200,70,80,0,0,10,Active
United King Rusks Regular,,,,,,,,,Snacks & Confectionery,Rusks,Rusks Regular,United King,SC-RUSK-RR-UK-01219,,United King Rusks Regular in Snacks & Confectionery > Rusks. Simple product for Zephrant ERP import; one internal Default variant will be created.,Piece,Box,24,1200,70,80,0,0,10,Active
Rusks Regular,,,,,,,,,Snacks & Confectionery,Rusks,Rusks Regular,Store Brand,SC-RUSK-RR-SB-01220,,Rusks Regular in Snacks & Confectionery > Rusks. Simple product for Zephrant ERP import; one internal Default variant will be created.,Piece,Box,24,1200,70,80,0,0,10,Active
Bake Parlor Rusks Premium,,,,,,,,,Snacks & Confectionery,Rusks,Rusks Premium,Bake Parlor,SC-RUSK-RP-BP-01221,,Bake Parlor Rusks Premium in Snacks & Confectionery > Rusks. Simple product for Zephrant ERP import; one internal Default variant will be created.,Piece,Box,24,1200,70,80,0,0,10,Active
Peek Freans Rusks Premium,,,,,,,,,Snacks & Confectionery,Rusks,Rusks Premium,Peek Freans,SC-RUSK-RP-PF-01222,,Peek Freans Rusks Premium in Snacks & Confectionery > Rusks. Simple product for Zephrant ERP import; one internal Default variant will be created.,Piece,Box,24,1200,70,80,0,0,10,Active
United King Rusks Premium,,,,,,,,,Snacks & Confectionery,Rusks,Rusks Premium,United King,SC-RUSK-RP-UK-01223,,United King Rusks Premium in Snacks & Confectionery > Rusks. Simple product for Zephrant ERP import; one internal Default variant will be created.,Piece,Box,24,1200,70,80,0,0,10,Active
Rusks Premium,,,,,,,,,Snacks & Confectionery,Rusks,Rusks Premium,Store Brand,SC-RUSK-RP-SB-01224,,Rusks Premium in Snacks & Confectionery > Rusks. Simple product for Zephrant ERP import; one internal Default variant will be created.,Piece,Box,24,1200,70,80,0,0,10,Active
Cadbury Chocolates,,,,,,,,,Snacks & Confectionery,Chocolates,Chocolates,Cadbury,SC-CHOC-CHOC-CADB-01225,,Cadbury Chocolates in Snacks & Confectionery > Chocolates. Simple product for Zephrant ERP import; one internal Default variant will be created.,Piece,Box,24,1200,70,80,0,0,10,Active
Nestle Chocolates,,,,,,,,,Snacks & Confectionery,Chocolates,Chocolates,Nestle,SC-CHOC-CHOC-NEST-01226,,Nestle Chocolates in Snacks & Confectionery > Chocolates. Simple product for Zephrant ERP import; one internal Default variant will be created.,Piece,Box,24,1200,70,80,0,0,10,Active
Mars Chocolates,,,,,,,,,Snacks & Confectionery,Chocolates,Chocolates,Mars,SC-CHOC-CHOC-MARS-01227,,Mars Chocolates in Snacks & Confectionery > Chocolates. Simple product for Zephrant ERP import; one internal Default variant will be created.,Piece,Box,24,1200,70,80,0,0,10,Active
Bounty Chocolates,,,,,,,,,Snacks & Confectionery,Chocolates,Chocolates,Bounty,SC-CHOC-CHOC-BOUN-01228,,Bounty Chocolates in Snacks & Confectionery > Chocolates. Simple product for Zephrant ERP import; one internal Default variant will be created.,Piece,Box,24,1200,70,80,0,0,10,Active
Cadbury Chocolates Regular,,,,,,,,,Snacks & Confectionery,Chocolates,Chocolates Regular,Cadbury,SC-CHOC-CR-CADB-01229,,Cadbury Chocolates Regular in Snacks & Confectionery > Chocolates. Simple product for Zephrant ERP import; one internal Default variant will be created.,Piece,Box,24,1200,70,80,0,0,10,Active
Nestle Chocolates Regular,,,,,,,,,Snacks & Confectionery,Chocolates,Chocolates Regular,Nestle,SC-CHOC-CR-NEST-01230,,Nestle Chocolates Regular in Snacks & Confectionery > Chocolates. Simple product for Zephrant ERP import; one internal Default variant will be created.,Piece,Box,24,1200,70,80,0,0,10,Active
Mars Chocolates Regular,,,,,,,,,Snacks & Confectionery,Chocolates,Chocolates Regular,Mars,SC-CHOC-CR-MARS-01231,,Mars Chocolates Regular in Snacks & Confectionery > Chocolates. Simple product for Zephrant ERP import; one internal Default variant will be created.,Piece,Box,24,1200,70,80,0,0,10,Active
Bounty Chocolates Regular,,,,,,,,,Snacks & Confectionery,Chocolates,Chocolates Regular,Bounty,SC-CHOC-CR-BOUN-01232,,Bounty Chocolates Regular in Snacks & Confectionery > Chocolates. Simple product for Zephrant ERP import; one internal Default variant will be created.,Piece,Box,24,1200,70,80,0,0,10,Active
Cadbury Chocolates Premium,,,,,,,,,Snacks & Confectionery,Chocolates,Chocolates Premium,Cadbury,SC-CHOC-CP-CADB-01233,,Cadbury Chocolates Premium in Snacks & Confectionery > Chocolates. Simple product for Zephrant ERP import; one internal Default variant will be created.,Piece,Box,24,1200,70,80,0,0,10,Active
Nestle Chocolates Premium,,,,,,,,,Snacks & Confectionery,Chocolates,Chocolates Premium,Nestle,SC-CHOC-CP-NEST-01234,,Nestle Chocolates Premium in Snacks & Confectionery > Chocolates. Simple product for Zephrant ERP import; one internal Default variant will be created.,Piece,Box,24,1200,70,80,0,0,10,Active
Mars Chocolates Premium,,,,,,,,,Snacks & Confectionery,Chocolates,Chocolates Premium,Mars,SC-CHOC-CP-MARS-01235,,Mars Chocolates Premium in Snacks & Confectionery > Chocolates. Simple product for Zephrant ERP import; one internal Default variant will be created.,Piece,Box,24,1200,70,80,0,0,10,Active
Bounty Chocolates Premium,,,,,,,,,Snacks & Confectionery,Chocolates,Chocolates Premium,Bounty,SC-CHOC-CP-BOUN-01236,,Bounty Chocolates Premium in Snacks & Confectionery > Chocolates. Simple product for Zephrant ERP import; one internal Default variant will be created.,Piece,Box,24,1200,70,80,0,0,10,Active
Hilal Candy,,,,,,,,,Snacks & Confectionery,Candy,Candy,Hilal,SC-CAND-CAND-HILA-01237,,Hilal Candy in Snacks & Confectionery > Candy. Simple product for Zephrant ERP import; one internal Default variant will be created.,Piece,Box,24,1200,70,80,0,0,10,Active
Candyland Candy,,,,,,,,,Snacks & Confectionery,Candy,Candy,Candyland,SC-CAND-CAND-CAND-01238,,Candyland Candy in Snacks & Confectionery > Candy. Simple product for Zephrant ERP import; one internal Default variant will be created.,Piece,Box,24,1200,70,80,0,0,10,Active
Mayfair Candy,,,,,,,,,Snacks & Confectionery,Candy,Candy,Mayfair,SC-CAND-CAND-MAYF-01239,,Mayfair Candy in Snacks & Confectionery > Candy. Simple product for Zephrant ERP import; one internal Default variant will be created.,Piece,Box,24,1200,70,80,0,0,10,Active
Chupa Chups Candy,,,,,,,,,Snacks & Confectionery,Candy,Candy,Chupa Chups,SC-CAND-CAND-CC-01240,,Chupa Chups Candy in Snacks & Confectionery > Candy. Simple product for Zephrant ERP import; one internal Default variant will be created.,Piece,Box,24,1200,70,80,0,0,10,Active
Hilal Candy Regular,,,,,,,,,Snacks & Confectionery,Candy,Candy Regular,Hilal,SC-CAND-CR-HILA-01241,,Hilal Candy Regular in Snacks & Confectionery > Candy. Simple product for Zephrant ERP import; one internal Default variant will be created.,Piece,Box,24,1200,70,80,0,0,10,Active
Candyland Candy Regular,,,,,,,,,Snacks & Confectionery,Candy,Candy Regular,Candyland,SC-CAND-CR-CAND-01242,,Candyland Candy Regular in Snacks & Confectionery > Candy. Simple product for Zephrant ERP import; one internal Default variant will be created.,Piece,Box,24,1200,70,80,0,0,10,Active
Mayfair Candy Regular,,,,,,,,,Snacks & Confectionery,Candy,Candy Regular,Mayfair,SC-CAND-CR-MAYF-01243,,Mayfair Candy Regular in Snacks & Confectionery > Candy. Simple product for Zephrant ERP import; one internal Default variant will be created.,Piece,Box,24,1200,70,80,0,0,10,Active
Chupa Chups Candy Regular,,,,,,,,,Snacks & Confectionery,Candy,Candy Regular,Chupa Chups,SC-CAND-CR-CC-01244,,Chupa Chups Candy Regular in Snacks & Confectionery > Candy. Simple product for Zephrant ERP import; one internal Default variant will be created.,Piece,Box,24,1200,70,80,0,0,10,Active
Hilal Candy Premium,,,,,,,,,Snacks & Confectionery,Candy,Candy Premium,Hilal,SC-CAND-CP-HILA-01245,,Hilal Candy Premium in Snacks & Confectionery > Candy. Simple product for Zephrant ERP import; one internal Default variant will be created.,Piece,Box,24,1200,70,80,0,0,10,Active
Candyland Candy Premium,,,,,,,,,Snacks & Confectionery,Candy,Candy Premium,Candyland,SC-CAND-CP-CAND-01246,,Candyland Candy Premium in Snacks & Confectionery > Candy. Simple product for Zephrant ERP import; one internal Default variant will be created.,Piece,Box,24,1200,70,80,0,0,10,Active
Mayfair Candy Premium,,,,,,,,,Snacks & Confectionery,Candy,Candy Premium,Mayfair,SC-CAND-CP-MAYF-01247,,Mayfair Candy Premium in Snacks & Confectionery > Candy. Simple product for Zephrant ERP import; one internal Default variant will be created.,Piece,Box,24,1200,70,80,0,0,10,Active
Chupa Chups Candy Premium,,,,,,,,,Snacks & Confectionery,Candy,Candy Premium,Chupa Chups,SC-CAND-CP-CC-01248,,Chupa Chups Candy Premium in Snacks & Confectionery > Candy. Simple product for Zephrant ERP import; one internal Default variant will be created.,Piece,Box,24,1200,70,80,0,0,10,Active
Hilal Toffees,,,,,,,,,Snacks & Confectionery,Toffees,Toffees,Hilal,SC-TOFF-TOFF-HILA-01249,,Hilal Toffees in Snacks & Confectionery > Toffees. Simple product for Zephrant ERP import; one internal Default variant will be created.,Piece,Box,24,1200,70,80,0,0,10,Active
Candyland Toffees,,,,,,,,,Snacks & Confectionery,Toffees,Toffees,Candyland,SC-TOFF-TOFF-CAND-01250,,Candyland Toffees in Snacks & Confectionery > Toffees. Simple product for Zephrant ERP import; one internal Default variant will be created.,Piece,Box,24,1200,70,80,0,0,10,Active
Mayfair Toffees,,,,,,,,,Snacks & Confectionery,Toffees,Toffees,Mayfair,SC-TOFF-TOFF-MAYF-01251,,Mayfair Toffees in Snacks & Confectionery > Toffees. Simple product for Zephrant ERP import; one internal Default variant will be created.,Piece,Box,24,1200,70,80,0,0,10,Active
Eclairs Toffees,,,,,,,,,Snacks & Confectionery,Toffees,Toffees,Eclairs,SC-TOFF-TOFF-ECLA-01252,,Eclairs Toffees in Snacks & Confectionery > Toffees. Simple product for Zephrant ERP import; one internal Default variant will be created.,Piece,Box,24,1200,70,80,0,0,10,Active
Hilal Toffees Regular,,,,,,,,,Snacks & Confectionery,Toffees,Toffees Regular,Hilal,SC-TOFF-TR-HILA-01253,,Hilal Toffees Regular in Snacks & Confectionery > Toffees. Simple product for Zephrant ERP import; one internal Default variant will be created.,Piece,Box,24,1200,70,80,0,0,10,Active
Candyland Toffees Regular,,,,,,,,,Snacks & Confectionery,Toffees,Toffees Regular,Candyland,SC-TOFF-TR-CAND-01254,,Candyland Toffees Regular in Snacks & Confectionery > Toffees. Simple product for Zephrant ERP import; one internal Default variant will be created.,Piece,Box,24,1200,70,80,0,0,10,Active
Mayfair Toffees Regular,,,,,,,,,Snacks & Confectionery,Toffees,Toffees Regular,Mayfair,SC-TOFF-TR-MAYF-01255,,Mayfair Toffees Regular in Snacks & Confectionery > Toffees. Simple product for Zephrant ERP import; one internal Default variant will be created.,Piece,Box,24,1200,70,80,0,0,10,Active
Eclairs Toffees Regular,,,,,,,,,Snacks & Confectionery,Toffees,Toffees Regular,Eclairs,SC-TOFF-TR-ECLA-01256,,Eclairs Toffees Regular in Snacks & Confectionery > Toffees. Simple product for Zephrant ERP import; one internal Default variant will be created.,Piece,Box,24,1200,70,80,0,0,10,Active
Hilal Toffees Premium,,,,,,,,,Snacks & Confectionery,Toffees,Toffees Premium,Hilal,SC-TOFF-TP-HILA-01257,,Hilal Toffees Premium in Snacks & Confectionery > Toffees. Simple product for Zephrant ERP import; one internal Default variant will be created.,Piece,Box,24,1200,70,80,0,0,10,Active
Candyland Toffees Premium,,,,,,,,,Snacks & Confectionery,Toffees,Toffees Premium,Candyland,SC-TOFF-TP-CAND-01258,,Candyland Toffees Premium in Snacks & Confectionery > Toffees. Simple product for Zephrant ERP import; one internal Default variant will be created.,Piece,Box,24,1200,70,80,0,0,10,Active
Mayfair Toffees Premium,,,,,,,,,Snacks & Confectionery,Toffees,Toffees Premium,Mayfair,SC-TOFF-TP-MAYF-01259,,Mayfair Toffees Premium in Snacks & Confectionery > Toffees. Simple product for Zephrant ERP import; one internal Default variant will be created.,Piece,Box,24,1200,70,80,0,0,10,Active
Eclairs Toffees Premium,,,,,,,,,Snacks & Confectionery,Toffees,Toffees Premium,Eclairs,SC-TOFF-TP-ECLA-01260,,Eclairs Toffees Premium in Snacks & Confectionery > Toffees. Simple product for Zephrant ERP import; one internal Default variant will be created.,Piece,Box,24,1200,70,80,0,0,10,Active
Ding Dong Chewing Gum,,,,,,,,,Snacks & Confectionery,Chewing Gum,Chewing Gum,Ding Dong,SC-CG-CG-DD-01261,,Ding Dong Chewing Gum in Snacks & Confectionery > Chewing Gum. Simple product for Zephrant ERP import; one internal Default variant will be created.,Piece,Box,24,1200,70,80,0,0,10,Active
Wrigley's Chewing Gum,,,,,,,,,Snacks & Confectionery,Chewing Gum,Chewing Gum,Wrigley's,SC-CG-CG-WS-01262,,Wrigley's Chewing Gum in Snacks & Confectionery > Chewing Gum. Simple product for Zephrant ERP import; one internal Default variant will be created.,Piece,Box,24,1200,70,80,0,0,10,Active
Mentos Chewing Gum,,,,,,,,,Snacks & Confectionery,Chewing Gum,Chewing Gum,Mentos,SC-CG-CG-MENT-01263,,Mentos Chewing Gum in Snacks & Confectionery > Chewing Gum. Simple product for Zephrant ERP import; one internal Default variant will be created.,Piece,Box,24,1200,70,80,0,0,10,Active
Trident Chewing Gum,,,,,,,,,Snacks & Confectionery,Chewing Gum,Chewing Gum,Trident,SC-CG-CG-TRID-01264,,Trident Chewing Gum in Snacks & Confectionery > Chewing Gum. Simple product for Zephrant ERP import; one internal Default variant will be created.,Piece,Box,24,1200,70,80,0,0,10,Active
Ding Dong Chewing Gum Regular,,,,,,,,,Snacks & Confectionery,Chewing Gum,Chewing Gum Regular,Ding Dong,SC-CG-CGR-DD-01265,,Ding Dong Chewing Gum Regular in Snacks & Confectionery > Chewing Gum. Simple product for Zephrant ERP import; one internal Default variant will be created.,Piece,Box,24,1200,70,80,0,0,10,Active
Wrigley's Chewing Gum Regular,,,,,,,,,Snacks & Confectionery,Chewing Gum,Chewing Gum Regular,Wrigley's,SC-CG-CGR-WS-01266,,Wrigley's Chewing Gum Regular in Snacks & Confectionery > Chewing Gum. Simple product for Zephrant ERP import; one internal Default variant will be created.,Piece,Box,24,1200,70,80,0,0,10,Active
Mentos Chewing Gum Regular,,,,,,,,,Snacks & Confectionery,Chewing Gum,Chewing Gum Regular,Mentos,SC-CG-CGR-MENT-01267,,Mentos Chewing Gum Regular in Snacks & Confectionery > Chewing Gum. Simple product for Zephrant ERP import; one internal Default variant will be created.,Piece,Box,24,1200,70,80,0,0,10,Active
Trident Chewing Gum Regular,,,,,,,,,Snacks & Confectionery,Chewing Gum,Chewing Gum Regular,Trident,SC-CG-CGR-TRID-01268,,Trident Chewing Gum Regular in Snacks & Confectionery > Chewing Gum. Simple product for Zephrant ERP import; one internal Default variant will be created.,Piece,Box,24,1200,70,80,0,0,10,Active
Ding Dong Chewing Gum Premium,,,,,,,,,Snacks & Confectionery,Chewing Gum,Chewing Gum Premium,Ding Dong,SC-CG-CGP-DD-01269,,Ding Dong Chewing Gum Premium in Snacks & Confectionery > Chewing Gum. Simple product for Zephrant ERP import; one internal Default variant will be created.,Piece,Box,24,1200,70,80,0,0,10,Active
Wrigley's Chewing Gum Premium,,,,,,,,,Snacks & Confectionery,Chewing Gum,Chewing Gum Premium,Wrigley's,SC-CG-CGP-WS-01270,,Wrigley's Chewing Gum Premium in Snacks & Confectionery > Chewing Gum. Simple product for Zephrant ERP import; one internal Default variant will be created.,Piece,Box,24,1200,70,80,0,0,10,Active
Mentos Chewing Gum Premium,,,,,,,,,Snacks & Confectionery,Chewing Gum,Chewing Gum Premium,Mentos,SC-CG-CGP-MENT-01271,,Mentos Chewing Gum Premium in Snacks & Confectionery > Chewing Gum. Simple product for Zephrant ERP import; one internal Default variant will be created.,Piece,Box,24,1200,70,80,0,0,10,Active
Trident Chewing Gum Premium,,,,,,,,,Snacks & Confectionery,Chewing Gum,Chewing Gum Premium,Trident,SC-CG-CGP-TRID-01272,,Trident Chewing Gum Premium in Snacks & Confectionery > Chewing Gum. Simple product for Zephrant ERP import; one internal Default variant will be created.,Piece,Box,24,1200,70,80,0,0,10,Active
Jelly Candy,,,,,,,,,Snacks & Confectionery,Jelly Candy,Jelly Candy,Store Brand,SC-JC-JC-SB-01273,,Jelly Candy in Snacks & Confectionery > Jelly Candy. Simple product for Zephrant ERP import; one internal Default variant will be created.,Piece,Box,24,1200,70,80,0,0,10,Active
Jelly Candy,,,,,,,,,Snacks & Confectionery,Jelly Candy,Jelly Candy,Local Brand,SC-JC-JC-LB-01274,,Jelly Candy in Snacks & Confectionery > Jelly Candy. Simple product for Zephrant ERP import; one internal Default variant will be created.,Piece,Box,24,1200,70,80,0,0,10,Active
Jelly Candy,,,,,,,,,Snacks & Confectionery,Jelly Candy,Jelly Candy,Imported Brand,SC-JC-JC-IB-01275,,Jelly Candy in Snacks & Confectionery > Jelly Candy. Simple product for Zephrant ERP import; one internal Default variant will be created.,Piece,Box,24,1200,70,80,0,0,10,Active
Jelly Candy Regular,,,,,,,,,Snacks & Confectionery,Jelly Candy,Jelly Candy Regular,Store Brand,SC-JC-JCR-SB-01276,,Jelly Candy Regular in Snacks & Confectionery > Jelly Candy. Simple product for Zephrant ERP import; one internal Default variant will be created.,Piece,Box,24,1200,70,80,0,0,10,Active
Jelly Candy Regular,,,,,,,,,Snacks & Confectionery,Jelly Candy,Jelly Candy Regular,Local Brand,SC-JC-JCR-LB-01277,,Jelly Candy Regular in Snacks & Confectionery > Jelly Candy. Simple product for Zephrant ERP import; one internal Default variant will be created.,Piece,Box,24,1200,70,80,0,0,10,Active
Jelly Candy Regular,,,,,,,,,Snacks & Confectionery,Jelly Candy,Jelly Candy Regular,Imported Brand,SC-JC-JCR-IB-01278,,Jelly Candy Regular in Snacks & Confectionery > Jelly Candy. Simple product for Zephrant ERP import; one internal Default variant will be created.,Piece,Box,24,1200,70,80,0,0,10,Active
Jelly Candy Premium,,,,,,,,,Snacks & Confectionery,Jelly Candy,Jelly Candy Premium,Store Brand,SC-JC-JCP-SB-01279,,Jelly Candy Premium in Snacks & Confectionery > Jelly Candy. Simple product for Zephrant ERP import; one internal Default variant will be created.,Piece,Box,24,1200,70,80,0,0,10,Active
Jelly Candy Premium,,,,,,,,,Snacks & Confectionery,Jelly Candy,Jelly Candy Premium,Local Brand,SC-JC-JCP-LB-01280,,Jelly Candy Premium in Snacks & Confectionery > Jelly Candy. Simple product for Zephrant ERP import; one internal Default variant will be created.,Piece,Box,24,1200,70,80,0,0,10,Active
Jelly Candy Premium,,,,,,,,,Snacks & Confectionery,Jelly Candy,Jelly Candy Premium,Imported Brand,SC-JC-JCP-IB-01281,,Jelly Candy Premium in Snacks & Confectionery > Jelly Candy. Simple product for Zephrant ERP import; one internal Default variant will be created.,Piece,Box,24,1200,70,80,0,0,10,Active
Lollipops,,,,,,,,,Snacks & Confectionery,Lollipops,Lollipops,Store Brand,SC-LOLL-LOLL-SB-01282,,Lollipops in Snacks & Confectionery > Lollipops. Simple product for Zephrant ERP import; one internal Default variant will be created.,Piece,Box,24,1200,70,80,0,0,10,Active
Lollipops,,,,,,,,,Snacks & Confectionery,Lollipops,Lollipops,Local Brand,SC-LOLL-LOLL-LB-01283,,Lollipops in Snacks & Confectionery > Lollipops. Simple product for Zephrant ERP import; one internal Default variant will be created.,Piece,Box,24,1200,70,80,0,0,10,Active
Lollipops,,,,,,,,,Snacks & Confectionery,Lollipops,Lollipops,Imported Brand,SC-LOLL-LOLL-IB-01284,,Lollipops in Snacks & Confectionery > Lollipops. Simple product for Zephrant ERP import; one internal Default variant will be created.,Piece,Box,24,1200,70,80,0,0,10,Active
Lollipops Regular,,,,,,,,,Snacks & Confectionery,Lollipops,Lollipops Regular,Store Brand,SC-LOLL-LR-SB-01285,,Lollipops Regular in Snacks & Confectionery > Lollipops. Simple product for Zephrant ERP import; one internal Default variant will be created.,Piece,Box,24,1200,70,80,0,0,10,Active
Lollipops Regular,,,,,,,,,Snacks & Confectionery,Lollipops,Lollipops Regular,Local Brand,SC-LOLL-LR-LB-01286,,Lollipops Regular in Snacks & Confectionery > Lollipops. Simple product for Zephrant ERP import; one internal Default variant will be created.,Piece,Box,24,1200,70,80,0,0,10,Active
Lollipops Regular,,,,,,,,,Snacks & Confectionery,Lollipops,Lollipops Regular,Imported Brand,SC-LOLL-LR-IB-01287,,Lollipops Regular in Snacks & Confectionery > Lollipops. Simple product for Zephrant ERP import; one internal Default variant will be created.,Piece,Box,24,1200,70,80,0,0,10,Active
Lollipops Premium,,,,,,,,,Snacks & Confectionery,Lollipops,Lollipops Premium,Store Brand,SC-LOLL-LP-SB-01288,,Lollipops Premium in Snacks & Confectionery > Lollipops. Simple product for Zephrant ERP import; one internal Default variant will be created.,Piece,Box,24,1200,70,80,0,0,10,Active
Lollipops Premium,,,,,,,,,Snacks & Confectionery,Lollipops,Lollipops Premium,Local Brand,SC-LOLL-LP-LB-01289,,Lollipops Premium in Snacks & Confectionery > Lollipops. Simple product for Zephrant ERP import; one internal Default variant will be created.,Piece,Box,24,1200,70,80,0,0,10,Active
Lollipops Premium,,,,,,,,,Snacks & Confectionery,Lollipops,Lollipops Premium,Imported Brand,SC-LOLL-LP-IB-01290,,Lollipops Premium in Snacks & Confectionery > Lollipops. Simple product for Zephrant ERP import; one internal Default variant will be created.,Piece,Box,24,1200,70,80,0,0,10,Active
Mentos Mints,,,,,,,,,Snacks & Confectionery,Mints,Mints,Mentos,SC-MINT-MINT-MENT-01291,,Mentos Mints in Snacks & Confectionery > Mints. Simple product for Zephrant ERP import; one internal Default variant will be created.,Piece,Box,24,1200,70,80,0,0,10,Active
Tic Tac Mints,,,,,,,,,Snacks & Confectionery,Mints,Mints,Tic Tac,SC-MINT-MINT-TT-01292,,Tic Tac Mints in Snacks & Confectionery > Mints. Simple product for Zephrant ERP import; one internal Default variant will be created.,Piece,Box,24,1200,70,80,0,0,10,Active
Halls Mints,,,,,,,,,Snacks & Confectionery,Mints,Mints,Halls,SC-MINT-MINT-HALL-01293,,Halls Mints in Snacks & Confectionery > Mints. Simple product for Zephrant ERP import; one internal Default variant will be created.,Piece,Box,24,1200,70,80,0,0,10,Active
Mints,,,,,,,,,Snacks & Confectionery,Mints,Mints,Store Brand,SC-MINT-MINT-SB-01294,,Mints in Snacks & Confectionery > Mints. Simple product for Zephrant ERP import; one internal Default variant will be created.,Piece,Box,24,1200,70,80,0,0,10,Active
Mentos Mints Regular,,,,,,,,,Snacks & Confectionery,Mints,Mints Regular,Mentos,SC-MINT-MR-MENT-01295,,Mentos Mints Regular in Snacks & Confectionery > Mints. Simple product for Zephrant ERP import; one internal Default variant will be created.,Piece,Box,24,1200,70,80,0,0,10,Active
Tic Tac Mints Regular,,,,,,,,,Snacks & Confectionery,Mints,Mints Regular,Tic Tac,SC-MINT-MR-TT-01296,,Tic Tac Mints Regular in Snacks & Confectionery > Mints. Simple product for Zephrant ERP import; one internal Default variant will be created.,Piece,Box,24,1200,70,80,0,0,10,Active
Halls Mints Regular,,,,,,,,,Snacks & Confectionery,Mints,Mints Regular,Halls,SC-MINT-MR-HALL-01297,,Halls Mints Regular in Snacks & Confectionery > Mints. Simple product for Zephrant ERP import; one internal Default variant will be created.,Piece,Box,24,1200,70,80,0,0,10,Active
Mints Regular,,,,,,,,,Snacks & Confectionery,Mints,Mints Regular,Store Brand,SC-MINT-MR-SB-01298,,Mints Regular in Snacks & Confectionery > Mints. Simple product for Zephrant ERP import; one internal Default variant will be created.,Piece,Box,24,1200,70,80,0,0,10,Active
Mentos Mints Premium,,,,,,,,,Snacks & Confectionery,Mints,Mints Premium,Mentos,SC-MINT-MP-MENT-01299,,Mentos Mints Premium in Snacks & Confectionery > Mints. Simple product for Zephrant ERP import; one internal Default variant will be created.,Piece,Box,24,1200,70,80,0,0,10,Active
Tic Tac Mints Premium,,,,,,,,,Snacks & Confectionery,Mints,Mints Premium,Tic Tac,SC-MINT-MP-TT-01300,,Tic Tac Mints Premium in Snacks & Confectionery > Mints. Simple product for Zephrant ERP import; one internal Default variant will be created.,Piece,Box,24,1200,70,80,0,0,10,Active
Halls Mints Premium,,,,,,,,,Snacks & Confectionery,Mints,Mints Premium,Halls,SC-MINT-MP-HALL-01301,,Halls Mints Premium in Snacks & Confectionery > Mints. Simple product for Zephrant ERP import; one internal Default variant will be created.,Piece,Box,24,1200,70,80,0,0,10,Active
Mints Premium,,,,,,,,,Snacks & Confectionery,Mints,Mints Premium,Store Brand,SC-MINT-MP-SB-01302,,Mints Premium in Snacks & Confectionery > Mints. Simple product for Zephrant ERP import; one internal Default variant will be created.,Piece,Box,24,1200,70,80,0,0,10,Active
Imported Confectionery,,,,,,,,,Snacks & Confectionery,Imported Confectionery,Imported Confectionery,Store Brand,SC-IC-IC-SB-01303,,Imported Confectionery in Snacks & Confectionery > Imported Confectionery. Simple product for Zephrant ERP import; one internal Default variant will be created.,Piece,Box,24,1200,70,80,0,0,10,Active
Imported Confectionery,,,,,,,,,Snacks & Confectionery,Imported Confectionery,Imported Confectionery,Local Brand,SC-IC-IC-LB-01304,,Imported Confectionery in Snacks & Confectionery > Imported Confectionery. Simple product for Zephrant ERP import; one internal Default variant will be created.,Piece,Box,24,1200,70,80,0,0,10,Active
Imported Confectionery,,,,,,,,,Snacks & Confectionery,Imported Confectionery,Imported Confectionery,Imported Brand,SC-IC-IC-IB-01305,,Imported Confectionery in Snacks & Confectionery > Imported Confectionery. Simple product for Zephrant ERP import; one internal Default variant will be created.,Piece,Box,24,1200,70,80,0,0,10,Active
Imported Confectionery Regular,,,,,,,,,Snacks & Confectionery,Imported Confectionery,Imported Confectionery Regular,Store Brand,SC-IC-ICR-SB-01306,,Imported Confectionery Regular in Snacks & Confectionery > Imported Confectionery. Simple product for Zephrant ERP import; one internal Default variant will be created.,Piece,Box,24,1200,70,80,0,0,10,Active
Imported Confectionery Regular,,,,,,,,,Snacks & Confectionery,Imported Confectionery,Imported Confectionery Regular,Local Brand,SC-IC-ICR-LB-01307,,Imported Confectionery Regular in Snacks & Confectionery > Imported Confectionery. Simple product for Zephrant ERP import; one internal Default variant will be created.,Piece,Box,24,1200,70,80,0,0,10,Active
Imported Confectionery Regular,,,,,,,,,Snacks & Confectionery,Imported Confectionery,Imported Confectionery Regular,Imported Brand,SC-IC-ICR-IB-01308,,Imported Confectionery Regular in Snacks & Confectionery > Imported Confectionery. Simple product for Zephrant ERP import; one internal Default variant will be created.,Piece,Box,24,1200,70,80,0,0,10,Active
Imported Confectionery Premium,,,,,,,,,Snacks & Confectionery,Imported Confectionery,Imported Confectionery Premium,Store Brand,SC-IC-ICP-SB-01309,,Imported Confectionery Premium in Snacks & Confectionery > Imported Confectionery. Simple product for Zephrant ERP import; one internal Default variant will be created.,Piece,Box,24,1200,70,80,0,0,10,Active
Imported Confectionery Premium,,,,,,,,,Snacks & Confectionery,Imported Confectionery,Imported Confectionery Premium,Local Brand,SC-IC-ICP-LB-01310,,Imported Confectionery Premium in Snacks & Confectionery > Imported Confectionery. Simple product for Zephrant ERP import; one internal Default variant will be created.,Piece,Box,24,1200,70,80,0,0,10,Active
Imported Confectionery Premium,,,,,,,,,Snacks & Confectionery,Imported Confectionery,Imported Confectionery Premium,Imported Brand,SC-IC-ICP-IB-01311,,Imported Confectionery Premium in Snacks & Confectionery > Imported Confectionery. Simple product for Zephrant ERP import; one internal Default variant will be created.,Piece,Box,24,1200,70,80,0,0,10,Active
Gift Packs,,,,,,,,,Snacks & Confectionery,Gift Packs,Gift Packs,Store Brand,SC-GP-GP-SB-01312,,Gift Packs in Snacks & Confectionery > Gift Packs. Simple product for Zephrant ERP import; one internal Default variant will be created.,Piece,Box,24,1200,70,80,0,0,10,Active
Gift Packs,,,,,,,,,Snacks & Confectionery,Gift Packs,Gift Packs,Local Brand,SC-GP-GP-LB-01313,,Gift Packs in Snacks & Confectionery > Gift Packs. Simple product for Zephrant ERP import; one internal Default variant will be created.,Piece,Box,24,1200,70,80,0,0,10,Active
Gift Packs,,,,,,,,,Snacks & Confectionery,Gift Packs,Gift Packs,Imported Brand,SC-GP-GP-IB-01314,,Gift Packs in Snacks & Confectionery > Gift Packs. Simple product for Zephrant ERP import; one internal Default variant will be created.,Piece,Box,24,1200,70,80,0,0,10,Active
Gift Packs Regular,,,,,,,,,Snacks & Confectionery,Gift Packs,Gift Packs Regular,Store Brand,SC-GP-GPR-SB-01315,,Gift Packs Regular in Snacks & Confectionery > Gift Packs. Simple product for Zephrant ERP import; one internal Default variant will be created.,Piece,Box,24,1200,70,80,0,0,10,Active
Gift Packs Regular,,,,,,,,,Snacks & Confectionery,Gift Packs,Gift Packs Regular,Local Brand,SC-GP-GPR-LB-01316,,Gift Packs Regular in Snacks & Confectionery > Gift Packs. Simple product for Zephrant ERP import; one internal Default variant will be created.,Piece,Box,24,1200,70,80,0,0,10,Active
Gift Packs Regular,,,,,,,,,Snacks & Confectionery,Gift Packs,Gift Packs Regular,Imported Brand,SC-GP-GPR-IB-01317,,Gift Packs Regular in Snacks & Confectionery > Gift Packs. Simple product for Zephrant ERP import; one internal Default variant will be created.,Piece,Box,24,1200,70,80,0,0,10,Active
Gift Packs Premium,,,,,,,,,Snacks & Confectionery,Gift Packs,Gift Packs Premium,Store Brand,SC-GP-GPP-SB-01318,,Gift Packs Premium in Snacks & Confectionery > Gift Packs. Simple product for Zephrant ERP import; one internal Default variant will be created.,Piece,Box,24,1200,70,80,0,0,10,Active
Gift Packs Premium,,,,,,,,,Snacks & Confectionery,Gift Packs,Gift Packs Premium,Local Brand,SC-GP-GPP-LB-01319,,Gift Packs Premium in Snacks & Confectionery > Gift Packs. Simple product for Zephrant ERP import; one internal Default variant will be created.,Piece,Box,24,1200,70,80,0,0,10,Active
Gift Packs Premium,,,,,,,,,Snacks & Confectionery,Gift Packs,Gift Packs Premium,Imported Brand,SC-GP-GPP-IB-01320,,Gift Packs Premium in Snacks & Confectionery > Gift Packs. Simple product for Zephrant ERP import; one internal Default variant will be created.,Piece,Box,24,1200,70,80,0,0,10,Active
Seasonal Confectionery,,,,,,,,,Snacks & Confectionery,Seasonal Confectionery,Seasonal Confectionery,Store Brand,SC-SC-SC-SB-01321,,Seasonal Confectionery in Snacks & Confectionery > Seasonal Confectionery. Simple product for Zephrant ERP import; one internal Default variant will be created.,Piece,Box,24,1200,70,80,0,0,10,Active
Seasonal Confectionery,,,,,,,,,Snacks & Confectionery,Seasonal Confectionery,Seasonal Confectionery,Local Brand,SC-SC-SC-LB-01322,,Seasonal Confectionery in Snacks & Confectionery > Seasonal Confectionery. Simple product for Zephrant ERP import; one internal Default variant will be created.,Piece,Box,24,1200,70,80,0,0,10,Active
Seasonal Confectionery,,,,,,,,,Snacks & Confectionery,Seasonal Confectionery,Seasonal Confectionery,Imported Brand,SC-SC-SC-IB-01323,,Seasonal Confectionery in Snacks & Confectionery > Seasonal Confectionery. Simple product for Zephrant ERP import; one internal Default variant will be created.,Piece,Box,24,1200,70,80,0,0,10,Active
Seasonal Confectionery Regular,,,,,,,,,Snacks & Confectionery,Seasonal Confectionery,Seasonal Confectionery Regular,Store Brand,SC-SC-SCR-SB-01324,,Seasonal Confectionery Regular in Snacks & Confectionery > Seasonal Confectionery. Simple product for Zephrant ERP import; one internal Default variant will be created.,Piece,Box,24,1200,70,80,0,0,10,Active
Seasonal Confectionery Regular,,,,,,,,,Snacks & Confectionery,Seasonal Confectionery,Seasonal Confectionery Regular,Local Brand,SC-SC-SCR-LB-01325,,Seasonal Confectionery Regular in Snacks & Confectionery > Seasonal Confectionery. Simple product for Zephrant ERP import; one internal Default variant will be created.,Piece,Box,24,1200,70,80,0,0,10,Active
Seasonal Confectionery Regular,,,,,,,,,Snacks & Confectionery,Seasonal Confectionery,Seasonal Confectionery Regular,Imported Brand,SC-SC-SCR-IB-01326,,Seasonal Confectionery Regular in Snacks & Confectionery > Seasonal Confectionery. Simple product for Zephrant ERP import; one internal Default variant will be created.,Piece,Box,24,1200,70,80,0,0,10,Active
Seasonal Confectionery Premium,,,,,,,,,Snacks & Confectionery,Seasonal Confectionery,Seasonal Confectionery Premium,Store Brand,SC-SC-SCP-SB-01327,,Seasonal Confectionery Premium in Snacks & Confectionery > Seasonal Confectionery. Simple product for Zephrant ERP import; one internal Default variant will be created.,Piece,Box,24,1200,70,80,0,0,10,Active
Seasonal Confectionery Premium,,,,,,,,,Snacks & Confectionery,Seasonal Confectionery,Seasonal Confectionery Premium,Local Brand,SC-SC-SCP-LB-01328,,Seasonal Confectionery Premium in Snacks & Confectionery > Seasonal Confectionery. Simple product for Zephrant ERP import; one internal Default variant will be created.,Piece,Box,24,1200,70,80,0,0,10,Active
Seasonal Confectionery Premium,,,,,,,,,Snacks & Confectionery,Seasonal Confectionery,Seasonal Confectionery Premium,Imported Brand,SC-SC-SCP-IB-01329,,Seasonal Confectionery Premium in Snacks & Confectionery > Seasonal Confectionery. Simple product for Zephrant ERP import; one internal Default variant will be created.,Piece,Box,24,1200,70,80,0,0,10,Active
Milk Pak UHT Milk,,,,,,,,,Dairy & Chilled,UHT Milk,UHT Milk,Milk Pak,DC-UM-UM-MP-01330,,Milk Pak UHT Milk in Dairy & Chilled > UHT Milk. Simple product for Zephrant ERP import; one internal Default variant will be created.,Piece,Carton,24,2400,120,140,0,0,10,Active
Olpers UHT Milk,,,,,,,,,Dairy & Chilled,UHT Milk,UHT Milk,Olpers,DC-UM-UM-OLPE-01331,,Olpers UHT Milk in Dairy & Chilled > UHT Milk. Simple product for Zephrant ERP import; one internal Default variant will be created.,Piece,Carton,24,2400,120,140,0,0,10,Active
Nestle UHT Milk,,,,,,,,,Dairy & Chilled,UHT Milk,UHT Milk,Nestle,DC-UM-UM-NEST-01332,,Nestle UHT Milk in Dairy & Chilled > UHT Milk. Simple product for Zephrant ERP import; one internal Default variant will be created.,Piece,Carton,24,2400,120,140,0,0,10,Active
Dayfresh UHT Milk,,,,,,,,,Dairy & Chilled,UHT Milk,UHT Milk,Dayfresh,DC-UM-UM-DAYF-01333,,Dayfresh UHT Milk in Dairy & Chilled > UHT Milk. Simple product for Zephrant ERP import; one internal Default variant will be created.,Piece,Carton,24,2400,120,140,0,0,10,Active
Milk Pak UHT Milk Regular,,,,,,,,,Dairy & Chilled,UHT Milk,UHT Milk Regular,Milk Pak,DC-UM-UMR-MP-01334,,Milk Pak UHT Milk Regular in Dairy & Chilled > UHT Milk. Simple product for Zephrant ERP import; one internal Default variant will be created.,Piece,Carton,24,2400,120,140,0,0,10,Active
Olpers UHT Milk Regular,,,,,,,,,Dairy & Chilled,UHT Milk,UHT Milk Regular,Olpers,DC-UM-UMR-OLPE-01335,,Olpers UHT Milk Regular in Dairy & Chilled > UHT Milk. Simple product for Zephrant ERP import; one internal Default variant will be created.,Piece,Carton,24,2400,120,140,0,0,10,Active
Nestle UHT Milk Regular,,,,,,,,,Dairy & Chilled,UHT Milk,UHT Milk Regular,Nestle,DC-UM-UMR-NEST-01336,,Nestle UHT Milk Regular in Dairy & Chilled > UHT Milk. Simple product for Zephrant ERP import; one internal Default variant will be created.,Piece,Carton,24,2400,120,140,0,0,10,Active
Dayfresh UHT Milk Regular,,,,,,,,,Dairy & Chilled,UHT Milk,UHT Milk Regular,Dayfresh,DC-UM-UMR-DAYF-01337,,Dayfresh UHT Milk Regular in Dairy & Chilled > UHT Milk. Simple product for Zephrant ERP import; one internal Default variant will be created.,Piece,Carton,24,2400,120,140,0,0,10,Active
Milk Pak UHT Milk Premium,,,,,,,,,Dairy & Chilled,UHT Milk,UHT Milk Premium,Milk Pak,DC-UM-UMP-MP-01338,,Milk Pak UHT Milk Premium in Dairy & Chilled > UHT Milk. Simple product for Zephrant ERP import; one internal Default variant will be created.,Piece,Carton,24,2400,120,140,0,0,10,Active
Olpers UHT Milk Premium,,,,,,,,,Dairy & Chilled,UHT Milk,UHT Milk Premium,Olpers,DC-UM-UMP-OLPE-01339,,Olpers UHT Milk Premium in Dairy & Chilled > UHT Milk. Simple product for Zephrant ERP import; one internal Default variant will be created.,Piece,Carton,24,2400,120,140,0,0,10,Active
Nestle UHT Milk Premium,,,,,,,,,Dairy & Chilled,UHT Milk,UHT Milk Premium,Nestle,DC-UM-UMP-NEST-01340,,Nestle UHT Milk Premium in Dairy & Chilled > UHT Milk. Simple product for Zephrant ERP import; one internal Default variant will be created.,Piece,Carton,24,2400,120,140,0,0,10,Active
Dayfresh UHT Milk Premium,,,,,,,,,Dairy & Chilled,UHT Milk,UHT Milk Premium,Dayfresh,DC-UM-UMP-DAYF-01341,,Dayfresh UHT Milk Premium in Dairy & Chilled > UHT Milk. Simple product for Zephrant ERP import; one internal Default variant will be created.,Piece,Carton,24,2400,120,140,0,0,10,Active
Prema Fresh Milk,,,,,,,,,Dairy & Chilled,Fresh Milk,Fresh Milk,Prema,DC-FM-FM-PREM-01342,,Prema Fresh Milk in Dairy & Chilled > Fresh Milk. Simple product for Zephrant ERP import; one internal Default variant will be created.,Piece,Carton,24,2400,120,140,0,0,10,Active
Dayfresh Fresh Milk,,,,,,,,,Dairy & Chilled,Fresh Milk,Fresh Milk,Dayfresh,DC-FM-FM-DAYF-01343,,Dayfresh Fresh Milk in Dairy & Chilled > Fresh Milk. Simple product for Zephrant ERP import; one internal Default variant will be created.,Piece,Carton,24,2400,120,140,0,0,10,Active
Anhaar Fresh Milk,,,,,,,,,Dairy & Chilled,Fresh Milk,Fresh Milk,Anhaar,DC-FM-FM-ANHA-01344,,Anhaar Fresh Milk in Dairy & Chilled > Fresh Milk. Simple product for Zephrant ERP import; one internal Default variant will be created.,Piece,Carton,24,2400,120,140,0,0,10,Active
Fresh Milk,,,,,,,,,Dairy & Chilled,Fresh Milk,Fresh Milk,Store Brand,DC-FM-FM-SB-01345,,Fresh Milk in Dairy & Chilled > Fresh Milk. Simple product for Zephrant ERP import; one internal Default variant will be created.,Piece,Carton,24,2400,120,140,0,0,10,Active
Prema Fresh Milk Regular,,,,,,,,,Dairy & Chilled,Fresh Milk,Fresh Milk Regular,Prema,DC-FM-FMR-PREM-01346,,Prema Fresh Milk Regular in Dairy & Chilled > Fresh Milk. Simple product for Zephrant ERP import; one internal Default variant will be created.,Piece,Carton,24,2400,120,140,0,0,10,Active
Dayfresh Fresh Milk Regular,,,,,,,,,Dairy & Chilled,Fresh Milk,Fresh Milk Regular,Dayfresh,DC-FM-FMR-DAYF-01347,,Dayfresh Fresh Milk Regular in Dairy & Chilled > Fresh Milk. Simple product for Zephrant ERP import; one internal Default variant will be created.,Piece,Carton,24,2400,120,140,0,0,10,Active
Anhaar Fresh Milk Regular,,,,,,,,,Dairy & Chilled,Fresh Milk,Fresh Milk Regular,Anhaar,DC-FM-FMR-ANHA-01348,,Anhaar Fresh Milk Regular in Dairy & Chilled > Fresh Milk. Simple product for Zephrant ERP import; one internal Default variant will be created.,Piece,Carton,24,2400,120,140,0,0,10,Active
Fresh Milk Regular,,,,,,,,,Dairy & Chilled,Fresh Milk,Fresh Milk Regular,Store Brand,DC-FM-FMR-SB-01349,,Fresh Milk Regular in Dairy & Chilled > Fresh Milk. Simple product for Zephrant ERP import; one internal Default variant will be created.,Piece,Carton,24,2400,120,140,0,0,10,Active
Prema Fresh Milk Premium,,,,,,,,,Dairy & Chilled,Fresh Milk,Fresh Milk Premium,Prema,DC-FM-FMP-PREM-01350,,Prema Fresh Milk Premium in Dairy & Chilled > Fresh Milk. Simple product for Zephrant ERP import; one internal Default variant will be created.,Piece,Carton,24,2400,120,140,0,0,10,Active
Dayfresh Fresh Milk Premium,,,,,,,,,Dairy & Chilled,Fresh Milk,Fresh Milk Premium,Dayfresh,DC-FM-FMP-DAYF-01351,,Dayfresh Fresh Milk Premium in Dairy & Chilled > Fresh Milk. Simple product for Zephrant ERP import; one internal Default variant will be created.,Piece,Carton,24,2400,120,140,0,0,10,Active
Anhaar Fresh Milk Premium,,,,,,,,,Dairy & Chilled,Fresh Milk,Fresh Milk Premium,Anhaar,DC-FM-FMP-ANHA-01352,,Anhaar Fresh Milk Premium in Dairy & Chilled > Fresh Milk. Simple product for Zephrant ERP import; one internal Default variant will be created.,Piece,Carton,24,2400,120,140,0,0,10,Active
Fresh Milk Premium,,,,,,,,,Dairy & Chilled,Fresh Milk,Fresh Milk Premium,Store Brand,DC-FM-FMP-SB-01353,,Fresh Milk Premium in Dairy & Chilled > Fresh Milk. Simple product for Zephrant ERP import; one internal Default variant will be created.,Piece,Carton,24,2400,120,140,0,0,10,Active
Nido Powder Milk,,,,,,,,,Dairy & Chilled,Powder Milk,Powder Milk,Nido,DC-PM-PM-NIDO-01354,,Nido Powder Milk in Dairy & Chilled > Powder Milk. Simple product for Zephrant ERP import; one internal Default variant will be created.,Piece,Carton,24,2400,120,140,0,0,10,Active
Everyday Powder Milk,,,,,,,,,Dairy & Chilled,Powder Milk,Powder Milk,Everyday,DC-PM-PM-EVER-01355,,Everyday Powder Milk in Dairy & Chilled > Powder Milk. Simple product for Zephrant ERP import; one internal Default variant will be created.,Piece,Carton,24,2400,120,140,0,0,10,Active
Millac Powder Milk,,,,,,,,,Dairy & Chilled,Powder Milk,Powder Milk,Millac,DC-PM-PM-MILL-01356,,Millac Powder Milk in Dairy & Chilled > Powder Milk. Simple product for Zephrant ERP import; one internal Default variant will be created.,Piece,Carton,24,2400,120,140,0,0,10,Active
Powder Milk,,,,,,,,,Dairy & Chilled,Powder Milk,Powder Milk,Store Brand,DC-PM-PM-SB-01357,,Powder Milk in Dairy & Chilled > Powder Milk. Simple product for Zephrant ERP import; one internal Default variant will be created.,Piece,Carton,24,2400,120,140,0,0,10,Active
Nido Powder Milk Regular,,,,,,,,,Dairy & Chilled,Powder Milk,Powder Milk Regular,Nido,DC-PM-PMR-NIDO-01358,,Nido Powder Milk Regular in Dairy & Chilled > Powder Milk. Simple product for Zephrant ERP import; one internal Default variant will be created.,Piece,Carton,24,2400,120,140,0,0,10,Active
Everyday Powder Milk Regular,,,,,,,,,Dairy & Chilled,Powder Milk,Powder Milk Regular,Everyday,DC-PM-PMR-EVER-01359,,Everyday Powder Milk Regular in Dairy & Chilled > Powder Milk. Simple product for Zephrant ERP import; one internal Default variant will be created.,Piece,Carton,24,2400,120,140,0,0,10,Active
Millac Powder Milk Regular,,,,,,,,,Dairy & Chilled,Powder Milk,Powder Milk Regular,Millac,DC-PM-PMR-MILL-01360,,Millac Powder Milk Regular in Dairy & Chilled > Powder Milk. Simple product for Zephrant ERP import; one internal Default variant will be created.,Piece,Carton,24,2400,120,140,0,0,10,Active
Powder Milk Regular,,,,,,,,,Dairy & Chilled,Powder Milk,Powder Milk Regular,Store Brand,DC-PM-PMR-SB-01361,,Powder Milk Regular in Dairy & Chilled > Powder Milk. Simple product for Zephrant ERP import; one internal Default variant will be created.,Piece,Carton,24,2400,120,140,0,0,10,Active
Nido Powder Milk Premium,,,,,,,,,Dairy & Chilled,Powder Milk,Powder Milk Premium,Nido,DC-PM-PMP-NIDO-01362,,Nido Powder Milk Premium in Dairy & Chilled > Powder Milk. Simple product for Zephrant ERP import; one internal Default variant will be created.,Piece,Carton,24,2400,120,140,0,0,10,Active
Everyday Powder Milk Premium,,,,,,,,,Dairy & Chilled,Powder Milk,Powder Milk Premium,Everyday,DC-PM-PMP-EVER-01363,,Everyday Powder Milk Premium in Dairy & Chilled > Powder Milk. Simple product for Zephrant ERP import; one internal Default variant will be created.,Piece,Carton,24,2400,120,140,0,0,10,Active
Millac Powder Milk Premium,,,,,,,,,Dairy & Chilled,Powder Milk,Powder Milk Premium,Millac,DC-PM-PMP-MILL-01364,,Millac Powder Milk Premium in Dairy & Chilled > Powder Milk. Simple product for Zephrant ERP import; one internal Default variant will be created.,Piece,Carton,24,2400,120,140,0,0,10,Active
Powder Milk Premium,,,,,,,,,Dairy & Chilled,Powder Milk,Powder Milk Premium,Store Brand,DC-PM-PMP-SB-01365,,Powder Milk Premium in Dairy & Chilled > Powder Milk. Simple product for Zephrant ERP import; one internal Default variant will be created.,Piece,Carton,24,2400,120,140,0,0,10,Active
Nestle Yogurt,,,,,,,,,Dairy & Chilled,Yogurt,Yogurt,Nestle,DC-YOGU-YOGU-NEST-01366,,Nestle Yogurt in Dairy & Chilled > Yogurt. Simple product for Zephrant ERP import; one internal Default variant will be created.,Piece,Carton,12,3600,350,400,0,0,5,Active
Olpers Yogurt,,,,,,,,,Dairy & Chilled,Yogurt,Yogurt,Olpers,DC-YOGU-YOGU-OLPE-01367,,Olpers Yogurt in Dairy & Chilled > Yogurt. Simple product for Zephrant ERP import; one internal Default variant will be created.,Piece,Carton,12,3600,350,400,0,0,5,Active
Dayfresh Yogurt,,,,,,,,,Dairy & Chilled,Yogurt,Yogurt,Dayfresh,DC-YOGU-YOGU-DAYF-01368,,Dayfresh Yogurt in Dairy & Chilled > Yogurt. Simple product for Zephrant ERP import; one internal Default variant will be created.,Piece,Carton,12,3600,350,400,0,0,5,Active
Nurpur Yogurt,,,,,,,,,Dairy & Chilled,Yogurt,Yogurt,Nurpur,DC-YOGU-YOGU-NURP-01369,,Nurpur Yogurt in Dairy & Chilled > Yogurt. Simple product for Zephrant ERP import; one internal Default variant will be created.,Piece,Carton,12,3600,350,400,0,0,5,Active
Nestle Yogurt Regular,,,,,,,,,Dairy & Chilled,Yogurt,Yogurt Regular,Nestle,DC-YOGU-YR-NEST-01370,,Nestle Yogurt Regular in Dairy & Chilled > Yogurt. Simple product for Zephrant ERP import; one internal Default variant will be created.,Piece,Carton,12,3600,350,400,0,0,5,Active
Olpers Yogurt Regular,,,,,,,,,Dairy & Chilled,Yogurt,Yogurt Regular,Olpers,DC-YOGU-YR-OLPE-01371,,Olpers Yogurt Regular in Dairy & Chilled > Yogurt. Simple product for Zephrant ERP import; one internal Default variant will be created.,Piece,Carton,12,3600,350,400,0,0,5,Active
Dayfresh Yogurt Regular,,,,,,,,,Dairy & Chilled,Yogurt,Yogurt Regular,Dayfresh,DC-YOGU-YR-DAYF-01372,,Dayfresh Yogurt Regular in Dairy & Chilled > Yogurt. Simple product for Zephrant ERP import; one internal Default variant will be created.,Piece,Carton,12,3600,350,400,0,0,5,Active
Nurpur Yogurt Regular,,,,,,,,,Dairy & Chilled,Yogurt,Yogurt Regular,Nurpur,DC-YOGU-YR-NURP-01373,,Nurpur Yogurt Regular in Dairy & Chilled > Yogurt. Simple product for Zephrant ERP import; one internal Default variant will be created.,Piece,Carton,12,3600,350,400,0,0,5,Active
Nestle Yogurt Premium,,,,,,,,,Dairy & Chilled,Yogurt,Yogurt Premium,Nestle,DC-YOGU-YP-NEST-01374,,Nestle Yogurt Premium in Dairy & Chilled > Yogurt. Simple product for Zephrant ERP import; one internal Default variant will be created.,Piece,Carton,12,3600,350,400,0,0,5,Active
Olpers Yogurt Premium,,,,,,,,,Dairy & Chilled,Yogurt,Yogurt Premium,Olpers,DC-YOGU-YP-OLPE-01375,,Olpers Yogurt Premium in Dairy & Chilled > Yogurt. Simple product for Zephrant ERP import; one internal Default variant will be created.,Piece,Carton,12,3600,350,400,0,0,5,Active
Dayfresh Yogurt Premium,,,,,,,,,Dairy & Chilled,Yogurt,Yogurt Premium,Dayfresh,DC-YOGU-YP-DAYF-01376,,Dayfresh Yogurt Premium in Dairy & Chilled > Yogurt. Simple product for Zephrant ERP import; one internal Default variant will be created.,Piece,Carton,12,3600,350,400,0,0,5,Active
Nurpur Yogurt Premium,,,,,,,,,Dairy & Chilled,Yogurt,Yogurt Premium,Nurpur,DC-YOGU-YP-NURP-01377,,Nurpur Yogurt Premium in Dairy & Chilled > Yogurt. Simple product for Zephrant ERP import; one internal Default variant will be created.,Piece,Carton,12,3600,350,400,0,0,5,Active
Flavored Yogurt,,,,,,,,,Dairy & Chilled,Flavored Yogurt,Flavored Yogurt,Store Brand,DC-FY-FY-SB-01378,,Flavored Yogurt in Dairy & Chilled > Flavored Yogurt. Simple product for Zephrant ERP import; one internal Default variant will be created.,Piece,Carton,12,3600,350,400,0,0,5,Active
Flavored Yogurt,,,,,,,,,Dairy & Chilled,Flavored Yogurt,Flavored Yogurt,Local Brand,DC-FY-FY-LB-01379,,Flavored Yogurt in Dairy & Chilled > Flavored Yogurt. Simple product for Zephrant ERP import; one internal Default variant will be created.,Piece,Carton,12,3600,350,400,0,0,5,Active
Flavored Yogurt,,,,,,,,,Dairy & Chilled,Flavored Yogurt,Flavored Yogurt,Imported Brand,DC-FY-FY-IB-01380,,Flavored Yogurt in Dairy & Chilled > Flavored Yogurt. Simple product for Zephrant ERP import; one internal Default variant will be created.,Piece,Carton,12,3600,350,400,0,0,5,Active
Flavored Yogurt Regular,,,,,,,,,Dairy & Chilled,Flavored Yogurt,Flavored Yogurt Regular,Store Brand,DC-FY-FYR-SB-01381,,Flavored Yogurt Regular in Dairy & Chilled > Flavored Yogurt. Simple product for Zephrant ERP import; one internal Default variant will be created.,Piece,Carton,12,3600,350,400,0,0,5,Active
Flavored Yogurt Regular,,,,,,,,,Dairy & Chilled,Flavored Yogurt,Flavored Yogurt Regular,Local Brand,DC-FY-FYR-LB-01382,,Flavored Yogurt Regular in Dairy & Chilled > Flavored Yogurt. Simple product for Zephrant ERP import; one internal Default variant will be created.,Piece,Carton,12,3600,350,400,0,0,5,Active
Flavored Yogurt Regular,,,,,,,,,Dairy & Chilled,Flavored Yogurt,Flavored Yogurt Regular,Imported Brand,DC-FY-FYR-IB-01383,,Flavored Yogurt Regular in Dairy & Chilled > Flavored Yogurt. Simple product for Zephrant ERP import; one internal Default variant will be created.,Piece,Carton,12,3600,350,400,0,0,5,Active
Flavored Yogurt Premium,,,,,,,,,Dairy & Chilled,Flavored Yogurt,Flavored Yogurt Premium,Store Brand,DC-FY-FYP-SB-01384,,Flavored Yogurt Premium in Dairy & Chilled > Flavored Yogurt. Simple product for Zephrant ERP import; one internal Default variant will be created.,Piece,Carton,12,3600,350,400,0,0,5,Active
Flavored Yogurt Premium,,,,,,,,,Dairy & Chilled,Flavored Yogurt,Flavored Yogurt Premium,Local Brand,DC-FY-FYP-LB-01385,,Flavored Yogurt Premium in Dairy & Chilled > Flavored Yogurt. Simple product for Zephrant ERP import; one internal Default variant will be created.,Piece,Carton,12,3600,350,400,0,0,5,Active
Flavored Yogurt Premium,,,,,,,,,Dairy & Chilled,Flavored Yogurt,Flavored Yogurt Premium,Imported Brand,DC-FY-FYP-IB-01386,,Flavored Yogurt Premium in Dairy & Chilled > Flavored Yogurt. Simple product for Zephrant ERP import; one internal Default variant will be created.,Piece,Carton,12,3600,350,400,0,0,5,Active
Kraft Cheese,,,,,,,,,Dairy & Chilled,Cheese,Cheese,Kraft,DC-CHEE-CHEE-KRAF-01387,,Kraft Cheese in Dairy & Chilled > Cheese. Simple product for Zephrant ERP import; one internal Default variant will be created.,Piece,Carton,12,3600,350,400,0,0,5,Active
Adam's Cheese,,,,,,,,,Dairy & Chilled,Cheese,Cheese,Adam's,DC-CHEE-CHEE-AS-01388,,Adam's Cheese in Dairy & Chilled > Cheese. Simple product for Zephrant ERP import; one internal Default variant will be created.,Piece,Carton,12,3600,350,400,0,0,5,Active
Nurpur Cheese,,,,,,,,,Dairy & Chilled,Cheese,Cheese,Nurpur,DC-CHEE-CHEE-NURP-01389,,Nurpur Cheese in Dairy & Chilled > Cheese. Simple product for Zephrant ERP import; one internal Default variant will be created.,Piece,Carton,12,3600,350,400,0,0,5,Active
Happy Cow Cheese,,,,,,,,,Dairy & Chilled,Cheese,Cheese,Happy Cow,DC-CHEE-CHEE-HC-01390,,Happy Cow Cheese in Dairy & Chilled > Cheese. Simple product for Zephrant ERP import; one internal Default variant will be created.,Piece,Carton,12,3600,350,400,0,0,5,Active
Kraft Cheese Regular,,,,,,,,,Dairy & Chilled,Cheese,Cheese Regular,Kraft,DC-CHEE-CR-KRAF-01391,,Kraft Cheese Regular in Dairy & Chilled > Cheese. Simple product for Zephrant ERP import; one internal Default variant will be created.,Piece,Carton,12,3600,350,400,0,0,5,Active
Adam's Cheese Regular,,,,,,,,,Dairy & Chilled,Cheese,Cheese Regular,Adam's,DC-CHEE-CR-AS-01392,,Adam's Cheese Regular in Dairy & Chilled > Cheese. Simple product for Zephrant ERP import; one internal Default variant will be created.,Piece,Carton,12,3600,350,400,0,0,5,Active
Nurpur Cheese Regular,,,,,,,,,Dairy & Chilled,Cheese,Cheese Regular,Nurpur,DC-CHEE-CR-NURP-01393,,Nurpur Cheese Regular in Dairy & Chilled > Cheese. Simple product for Zephrant ERP import; one internal Default variant will be created.,Piece,Carton,12,3600,350,400,0,0,5,Active
Happy Cow Cheese Regular,,,,,,,,,Dairy & Chilled,Cheese,Cheese Regular,Happy Cow,DC-CHEE-CR-HC-01394,,Happy Cow Cheese Regular in Dairy & Chilled > Cheese. Simple product for Zephrant ERP import; one internal Default variant will be created.,Piece,Carton,12,3600,350,400,0,0,5,Active
Kraft Cheese Premium,,,,,,,,,Dairy & Chilled,Cheese,Cheese Premium,Kraft,DC-CHEE-CP-KRAF-01395,,Kraft Cheese Premium in Dairy & Chilled > Cheese. Simple product for Zephrant ERP import; one internal Default variant will be created.,Piece,Carton,12,3600,350,400,0,0,5,Active
Adam's Cheese Premium,,,,,,,,,Dairy & Chilled,Cheese,Cheese Premium,Adam's,DC-CHEE-CP-AS-01396,,Adam's Cheese Premium in Dairy & Chilled > Cheese. Simple product for Zephrant ERP import; one internal Default variant will be created.,Piece,Carton,12,3600,350,400,0,0,5,Active
Nurpur Cheese Premium,,,,,,,,,Dairy & Chilled,Cheese,Cheese Premium,Nurpur,DC-CHEE-CP-NURP-01397,,Nurpur Cheese Premium in Dairy & Chilled > Cheese. Simple product for Zephrant ERP import; one internal Default variant will be created.,Piece,Carton,12,3600,350,400,0,0,5,Active
Happy Cow Cheese Premium,,,,,,,,,Dairy & Chilled,Cheese,Cheese Premium,Happy Cow,DC-CHEE-CP-HC-01398,,Happy Cow Cheese Premium in Dairy & Chilled > Cheese. Simple product for Zephrant ERP import; one internal Default variant will be created.,Piece,Carton,12,3600,350,400,0,0,5,Active
Nurpur Butter,,,,,,,,,Dairy & Chilled,Butter,Butter,Nurpur,DC-BUTT-BUTT-NURP-01399,,Nurpur Butter in Dairy & Chilled > Butter. Simple product for Zephrant ERP import; one internal Default variant will be created.,Piece,Carton,12,3600,350,400,0,0,5,Active
Blue Band Butter,,,,,,,,,Dairy & Chilled,Butter,Butter,Blue Band,DC-BUTT-BUTT-BB-01400,,Blue Band Butter in Dairy & Chilled > Butter. Simple product for Zephrant ERP import; one internal Default variant will be created.,Piece,Carton,12,3600,350,400,0,0,5,Active
Lurpak Butter,,,,,,,,,Dairy & Chilled,Butter,Butter,Lurpak,DC-BUTT-BUTT-LURP-01401,,Lurpak Butter in Dairy & Chilled > Butter. Simple product for Zephrant ERP import; one internal Default variant will be created.,Piece,Carton,12,3600,350,400,0,0,5,Active
Anchor Butter,,,,,,,,,Dairy & Chilled,Butter,Butter,Anchor,DC-BUTT-BUTT-ANCH-01402,,Anchor Butter in Dairy & Chilled > Butter. Simple product for Zephrant ERP import; one internal Default variant will be created.,Piece,Carton,12,3600,350,400,0,0,5,Active
Nurpur Butter Regular,,,,,,,,,Dairy & Chilled,Butter,Butter Regular,Nurpur,DC-BUTT-BR-NURP-01403,,Nurpur Butter Regular in Dairy & Chilled > Butter. Simple product for Zephrant ERP import; one internal Default variant will be created.,Piece,Carton,12,3600,350,400,0,0,5,Active
Blue Band Butter Regular,,,,,,,,,Dairy & Chilled,Butter,Butter Regular,Blue Band,DC-BUTT-BR-BB-01404,,Blue Band Butter Regular in Dairy & Chilled > Butter. Simple product for Zephrant ERP import; one internal Default variant will be created.,Piece,Carton,12,3600,350,400,0,0,5,Active
Lurpak Butter Regular,,,,,,,,,Dairy & Chilled,Butter,Butter Regular,Lurpak,DC-BUTT-BR-LURP-01405,,Lurpak Butter Regular in Dairy & Chilled > Butter. Simple product for Zephrant ERP import; one internal Default variant will be created.,Piece,Carton,12,3600,350,400,0,0,5,Active
Anchor Butter Regular,,,,,,,,,Dairy & Chilled,Butter,Butter Regular,Anchor,DC-BUTT-BR-ANCH-01406,,Anchor Butter Regular in Dairy & Chilled > Butter. Simple product for Zephrant ERP import; one internal Default variant will be created.,Piece,Carton,12,3600,350,400,0,0,5,Active
Nurpur Butter Premium,,,,,,,,,Dairy & Chilled,Butter,Butter Premium,Nurpur,DC-BUTT-BP-NURP-01407,,Nurpur Butter Premium in Dairy & Chilled > Butter. Simple product for Zephrant ERP import; one internal Default variant will be created.,Piece,Carton,12,3600,350,400,0,0,5,Active
Blue Band Butter Premium,,,,,,,,,Dairy & Chilled,Butter,Butter Premium,Blue Band,DC-BUTT-BP-BB-01408,,Blue Band Butter Premium in Dairy & Chilled > Butter. Simple product for Zephrant ERP import; one internal Default variant will be created.,Piece,Carton,12,3600,350,400,0,0,5,Active
Lurpak Butter Premium,,,,,,,,,Dairy & Chilled,Butter,Butter Premium,Lurpak,DC-BUTT-BP-LURP-01409,,Lurpak Butter Premium in Dairy & Chilled > Butter. Simple product for Zephrant ERP import; one internal Default variant will be created.,Piece,Carton,12,3600,350,400,0,0,5,Active
Anchor Butter Premium,,,,,,,,,Dairy & Chilled,Butter,Butter Premium,Anchor,DC-BUTT-BP-ANCH-01410,,Anchor Butter Premium in Dairy & Chilled > Butter. Simple product for Zephrant ERP import; one internal Default variant will be created.,Piece,Carton,12,3600,350,400,0,0,5,Active
Margarine,,,,,,,,,Dairy & Chilled,Margarine,Margarine,Store Brand,DC-MARG-MARG-SB-01411,,Margarine in Dairy & Chilled > Margarine. Simple product for Zephrant ERP import; one internal Default variant will be created.,Piece,Carton,12,3600,350,400,0,0,5,Active
Margarine,,,,,,,,,Dairy & Chilled,Margarine,Margarine,Local Brand,DC-MARG-MARG-LB-01412,,Margarine in Dairy & Chilled > Margarine. Simple product for Zephrant ERP import; one internal Default variant will be created.,Piece,Carton,12,3600,350,400,0,0,5,Active
Margarine,,,,,,,,,Dairy & Chilled,Margarine,Margarine,Imported Brand,DC-MARG-MARG-IB-01413,,Margarine in Dairy & Chilled > Margarine. Simple product for Zephrant ERP import; one internal Default variant will be created.,Piece,Carton,12,3600,350,400,0,0,5,Active
Margarine Regular,,,,,,,,,Dairy & Chilled,Margarine,Margarine Regular,Store Brand,DC-MARG-MR-SB-01414,,Margarine Regular in Dairy & Chilled > Margarine. Simple product for Zephrant ERP import; one internal Default variant will be created.,Piece,Carton,12,3600,350,400,0,0,5,Active
Margarine Regular,,,,,,,,,Dairy & Chilled,Margarine,Margarine Regular,Local Brand,DC-MARG-MR-LB-01415,,Margarine Regular in Dairy & Chilled > Margarine. Simple product for Zephrant ERP import; one internal Default variant will be created.,Piece,Carton,12,3600,350,400,0,0,5,Active
Margarine Regular,,,,,,,,,Dairy & Chilled,Margarine,Margarine Regular,Imported Brand,DC-MARG-MR-IB-01416,,Margarine Regular in Dairy & Chilled > Margarine. Simple product for Zephrant ERP import; one internal Default variant will be created.,Piece,Carton,12,3600,350,400,0,0,5,Active
Margarine Premium,,,,,,,,,Dairy & Chilled,Margarine,Margarine Premium,Store Brand,DC-MARG-MP-SB-01417,,Margarine Premium in Dairy & Chilled > Margarine. Simple product for Zephrant ERP import; one internal Default variant will be created.,Piece,Carton,12,3600,350,400,0,0,5,Active
Margarine Premium,,,,,,,,,Dairy & Chilled,Margarine,Margarine Premium,Local Brand,DC-MARG-MP-LB-01418,,Margarine Premium in Dairy & Chilled > Margarine. Simple product for Zephrant ERP import; one internal Default variant will be created.,Piece,Carton,12,3600,350,400,0,0,5,Active
Margarine Premium,,,,,,,,,Dairy & Chilled,Margarine,Margarine Premium,Imported Brand,DC-MARG-MP-IB-01419,,Margarine Premium in Dairy & Chilled > Margarine. Simple product for Zephrant ERP import; one internal Default variant will be created.,Piece,Carton,12,3600,350,400,0,0,5,Active
Cream,,,,,,,,,Dairy & Chilled,Cream,Cream,Store Brand,DC-CREA-CREA-SB-01420,,Cream in Dairy & Chilled > Cream. Simple product for Zephrant ERP import; one internal Default variant will be created.,Piece,Carton,12,3600,350,400,0,0,5,Active
Cream,,,,,,,,,Dairy & Chilled,Cream,Cream,Local Brand,DC-CREA-CREA-LB-01421,,Cream in Dairy & Chilled > Cream. Simple product for Zephrant ERP import; one internal Default variant will be created.,Piece,Carton,12,3600,350,400,0,0,5,Active
Cream,,,,,,,,,Dairy & Chilled,Cream,Cream,Imported Brand,DC-CREA-CREA-IB-01422,,Cream in Dairy & Chilled > Cream. Simple product for Zephrant ERP import; one internal Default variant will be created.,Piece,Carton,12,3600,350,400,0,0,5,Active
Cream Regular,,,,,,,,,Dairy & Chilled,Cream,Cream Regular,Store Brand,DC-CREA-CR-SB-01423,,Cream Regular in Dairy & Chilled > Cream. Simple product for Zephrant ERP import; one internal Default variant will be created.,Piece,Carton,12,3600,350,400,0,0,5,Active
Cream Regular,,,,,,,,,Dairy & Chilled,Cream,Cream Regular,Local Brand,DC-CREA-CR-LB-01424,,Cream Regular in Dairy & Chilled > Cream. Simple product for Zephrant ERP import; one internal Default variant will be created.,Piece,Carton,12,3600,350,400,0,0,5,Active
Cream Regular,,,,,,,,,Dairy & Chilled,Cream,Cream Regular,Imported Brand,DC-CREA-CR-IB-01425,,Cream Regular in Dairy & Chilled > Cream. Simple product for Zephrant ERP import; one internal Default variant will be created.,Piece,Carton,12,3600,350,400,0,0,5,Active
Cream Premium,,,,,,,,,Dairy & Chilled,Cream,Cream Premium,Store Brand,DC-CREA-CP-SB-01426,,Cream Premium in Dairy & Chilled > Cream. Simple product for Zephrant ERP import; one internal Default variant will be created.,Piece,Carton,12,3600,350,400,0,0,5,Active
Cream Premium,,,,,,,,,Dairy & Chilled,Cream,Cream Premium,Local Brand,DC-CREA-CP-LB-01427,,Cream Premium in Dairy & Chilled > Cream. Simple product for Zephrant ERP import; one internal Default variant will be created.,Piece,Carton,12,3600,350,400,0,0,5,Active
Cream Premium,,,,,,,,,Dairy & Chilled,Cream,Cream Premium,Imported Brand,DC-CREA-CP-IB-01428,,Cream Premium in Dairy & Chilled > Cream. Simple product for Zephrant ERP import; one internal Default variant will be created.,Piece,Carton,12,3600,350,400,0,0,5,Active
Desserts,,,,,,,,,Dairy & Chilled,Desserts,Desserts,Store Brand,DC-DESS-DESS-SB-01429,,Desserts in Dairy & Chilled > Desserts. Simple product for Zephrant ERP import; one internal Default variant will be created.,Piece,Carton,12,3600,350,400,0,0,5,Active
Desserts,,,,,,,,,Dairy & Chilled,Desserts,Desserts,Local Brand,DC-DESS-DESS-LB-01430,,Desserts in Dairy & Chilled > Desserts. Simple product for Zephrant ERP import; one internal Default variant will be created.,Piece,Carton,12,3600,350,400,0,0,5,Active
Desserts,,,,,,,,,Dairy & Chilled,Desserts,Desserts,Imported Brand,DC-DESS-DESS-IB-01431,,Desserts in Dairy & Chilled > Desserts. Simple product for Zephrant ERP import; one internal Default variant will be created.,Piece,Carton,12,3600,350,400,0,0,5,Active
Desserts Regular,,,,,,,,,Dairy & Chilled,Desserts,Desserts Regular,Store Brand,DC-DESS-DR-SB-01432,,Desserts Regular in Dairy & Chilled > Desserts. Simple product for Zephrant ERP import; one internal Default variant will be created.,Piece,Carton,12,3600,350,400,0,0,5,Active
Desserts Regular,,,,,,,,,Dairy & Chilled,Desserts,Desserts Regular,Local Brand,DC-DESS-DR-LB-01433,,Desserts Regular in Dairy & Chilled > Desserts. Simple product for Zephrant ERP import; one internal Default variant will be created.,Piece,Carton,12,3600,350,400,0,0,5,Active
Desserts Regular,,,,,,,,,Dairy & Chilled,Desserts,Desserts Regular,Imported Brand,DC-DESS-DR-IB-01434,,Desserts Regular in Dairy & Chilled > Desserts. Simple product for Zephrant ERP import; one internal Default variant will be created.,Piece,Carton,12,3600,350,400,0,0,5,Active
Desserts Premium,,,,,,,,,Dairy & Chilled,Desserts,Desserts Premium,Store Brand,DC-DESS-DP-SB-01435,,Desserts Premium in Dairy & Chilled > Desserts. Simple product for Zephrant ERP import; one internal Default variant will be created.,Piece,Carton,12,3600,350,400,0,0,5,Active
Desserts Premium,,,,,,,,,Dairy & Chilled,Desserts,Desserts Premium,Local Brand,DC-DESS-DP-LB-01436,,Desserts Premium in Dairy & Chilled > Desserts. Simple product for Zephrant ERP import; one internal Default variant will be created.,Piece,Carton,12,3600,350,400,0,0,5,Active
Desserts Premium,,,,,,,,,Dairy & Chilled,Desserts,Desserts Premium,Imported Brand,DC-DESS-DP-IB-01437,,Desserts Premium in Dairy & Chilled > Desserts. Simple product for Zephrant ERP import; one internal Default variant will be created.,Piece,Carton,12,3600,350,400,0,0,5,Active
Chilled Juices,,,,,,,,,Dairy & Chilled,Chilled Juices,Chilled Juices,Store Brand,DC-CJ-CJ-SB-01438,,Chilled Juices in Dairy & Chilled > Chilled Juices. Simple product for Zephrant ERP import; one internal Default variant will be created.,Piece,Carton,24,2400,120,140,0,0,10,Active
Chilled Juices,,,,,,,,,Dairy & Chilled,Chilled Juices,Chilled Juices,Local Brand,DC-CJ-CJ-LB-01439,,Chilled Juices in Dairy & Chilled > Chilled Juices. Simple product for Zephrant ERP import; one internal Default variant will be created.,Piece,Carton,24,2400,120,140,0,0,10,Active
Chilled Juices,,,,,,,,,Dairy & Chilled,Chilled Juices,Chilled Juices,Imported Brand,DC-CJ-CJ-IB-01440,,Chilled Juices in Dairy & Chilled > Chilled Juices. Simple product for Zephrant ERP import; one internal Default variant will be created.,Piece,Carton,24,2400,120,140,0,0,10,Active
Chilled Juices Regular,,,,,,,,,Dairy & Chilled,Chilled Juices,Chilled Juices Regular,Store Brand,DC-CJ-CJR-SB-01441,,Chilled Juices Regular in Dairy & Chilled > Chilled Juices. Simple product for Zephrant ERP import; one internal Default variant will be created.,Piece,Carton,24,2400,120,140,0,0,10,Active
Chilled Juices Regular,,,,,,,,,Dairy & Chilled,Chilled Juices,Chilled Juices Regular,Local Brand,DC-CJ-CJR-LB-01442,,Chilled Juices Regular in Dairy & Chilled > Chilled Juices. Simple product for Zephrant ERP import; one internal Default variant will be created.,Piece,Carton,24,2400,120,140,0,0,10,Active
Chilled Juices Regular,,,,,,,,,Dairy & Chilled,Chilled Juices,Chilled Juices Regular,Imported Brand,DC-CJ-CJR-IB-01443,,Chilled Juices Regular in Dairy & Chilled > Chilled Juices. Simple product for Zephrant ERP import; one internal Default variant will be created.,Piece,Carton,24,2400,120,140,0,0,10,Active
Chilled Juices Premium,,,,,,,,,Dairy & Chilled,Chilled Juices,Chilled Juices Premium,Store Brand,DC-CJ-CJP-SB-01444,,Chilled Juices Premium in Dairy & Chilled > Chilled Juices. Simple product for Zephrant ERP import; one internal Default variant will be created.,Piece,Carton,24,2400,120,140,0,0,10,Active
Chilled Juices Premium,,,,,,,,,Dairy & Chilled,Chilled Juices,Chilled Juices Premium,Local Brand,DC-CJ-CJP-LB-01445,,Chilled Juices Premium in Dairy & Chilled > Chilled Juices. Simple product for Zephrant ERP import; one internal Default variant will be created.,Piece,Carton,24,2400,120,140,0,0,10,Active
Chilled Juices Premium,,,,,,,,,Dairy & Chilled,Chilled Juices,Chilled Juices Premium,Imported Brand,DC-CJ-CJP-IB-01446,,Chilled Juices Premium in Dairy & Chilled > Chilled Juices. Simple product for Zephrant ERP import; one internal Default variant will be created.,Piece,Carton,24,2400,120,140,0,0,10,Active
Chilled Beverages,,,,,,,,,Dairy & Chilled,Chilled Beverages,Chilled Beverages,Store Brand,DC-CB-CB-SB-01447,,Chilled Beverages in Dairy & Chilled > Chilled Beverages. Simple product for Zephrant ERP import; one internal Default variant will be created.,Piece,Carton,12,3600,350,400,0,0,5,Active
Chilled Beverages,,,,,,,,,Dairy & Chilled,Chilled Beverages,Chilled Beverages,Local Brand,DC-CB-CB-LB-01448,,Chilled Beverages in Dairy & Chilled > Chilled Beverages. Simple product for Zephrant ERP import; one internal Default variant will be created.,Piece,Carton,12,3600,350,400,0,0,5,Active
Chilled Beverages,,,,,,,,,Dairy & Chilled,Chilled Beverages,Chilled Beverages,Imported Brand,DC-CB-CB-IB-01449,,Chilled Beverages in Dairy & Chilled > Chilled Beverages. Simple product for Zephrant ERP import; one internal Default variant will be created.,Piece,Carton,12,3600,350,400,0,0,5,Active
Chilled Beverages Regular,,,,,,,,,Dairy & Chilled,Chilled Beverages,Chilled Beverages Regular,Store Brand,DC-CB-CBR-SB-01450,,Chilled Beverages Regular in Dairy & Chilled > Chilled Beverages. Simple product for Zephrant ERP import; one internal Default variant will be created.,Piece,Carton,12,3600,350,400,0,0,5,Active
Chilled Beverages Regular,,,,,,,,,Dairy & Chilled,Chilled Beverages,Chilled Beverages Regular,Local Brand,DC-CB-CBR-LB-01451,,Chilled Beverages Regular in Dairy & Chilled > Chilled Beverages. Simple product for Zephrant ERP import; one internal Default variant will be created.,Piece,Carton,12,3600,350,400,0,0,5,Active
Chilled Beverages Regular,,,,,,,,,Dairy & Chilled,Chilled Beverages,Chilled Beverages Regular,Imported Brand,DC-CB-CBR-IB-01452,,Chilled Beverages Regular in Dairy & Chilled > Chilled Beverages. Simple product for Zephrant ERP import; one internal Default variant will be created.,Piece,Carton,12,3600,350,400,0,0,5,Active
Chilled Beverages Premium,,,,,,,,,Dairy & Chilled,Chilled Beverages,Chilled Beverages Premium,Store Brand,DC-CB-CBP-SB-01453,,Chilled Beverages Premium in Dairy & Chilled > Chilled Beverages. Simple product for Zephrant ERP import; one internal Default variant will be created.,Piece,Carton,12,3600,350,400,0,0,5,Active
Chilled Beverages Premium,,,,,,,,,Dairy & Chilled,Chilled Beverages,Chilled Beverages Premium,Local Brand,DC-CB-CBP-LB-01454,,Chilled Beverages Premium in Dairy & Chilled > Chilled Beverages. Simple product for Zephrant ERP import; one internal Default variant will be created.,Piece,Carton,12,3600,350,400,0,0,5,Active
Chilled Beverages Premium,,,,,,,,,Dairy & Chilled,Chilled Beverages,Chilled Beverages Premium,Imported Brand,DC-CB-CBP-IB-01455,,Chilled Beverages Premium in Dairy & Chilled > Chilled Beverages. Simple product for Zephrant ERP import; one internal Default variant will be created.,Piece,Carton,12,3600,350,400,0,0,5,Active
Menu Eggs,,,,,,,,,Dairy & Chilled,Eggs,Eggs,Menu,DC-EGGS-EGGS-MENU-01456,,Menu Eggs in Dairy & Chilled > Eggs. Simple product for Zephrant ERP import; one internal Default variant will be created.,Piece,Carton,12,3600,350,400,0,0,5,Active
SB Eggs Eggs,,,,,,,,,Dairy & Chilled,Eggs,Eggs,SB Eggs,DC-EGGS-EGGS-SE-01457,,SB Eggs Eggs in Dairy & Chilled > Eggs. Simple product for Zephrant ERP import; one internal Default variant will be created.,Piece,Carton,12,3600,350,400,0,0,5,Active
Eggs,,,,,,,,,Dairy & Chilled,Eggs,Eggs,Store Brand,DC-EGGS-EGGS-SB-01458,,Eggs in Dairy & Chilled > Eggs. Simple product for Zephrant ERP import; one internal Default variant will be created.,Piece,Carton,12,3600,350,400,0,0,5,Active
Eggs,,,,,,,,,Dairy & Chilled,Eggs,Eggs,Local Farm,DC-EGGS-EGGS-LF-01459,,Eggs in Dairy & Chilled > Eggs. Simple product for Zephrant ERP import; one internal Default variant will be created.,Piece,Carton,12,3600,350,400,0,0,5,Active
Menu Eggs Regular,,,,,,,,,Dairy & Chilled,Eggs,Eggs Regular,Menu,DC-EGGS-ER-MENU-01460,,Menu Eggs Regular in Dairy & Chilled > Eggs. Simple product for Zephrant ERP import; one internal Default variant will be created.,Piece,Carton,12,3600,350,400,0,0,5,Active
SB Eggs Eggs Regular,,,,,,,,,Dairy & Chilled,Eggs,Eggs Regular,SB Eggs,DC-EGGS-ER-SE-01461,,SB Eggs Eggs Regular in Dairy & Chilled > Eggs. Simple product for Zephrant ERP import; one internal Default variant will be created.,Piece,Carton,12,3600,350,400,0,0,5,Active
Eggs Regular,,,,,,,,,Dairy & Chilled,Eggs,Eggs Regular,Store Brand,DC-EGGS-ER-SB-01462,,Eggs Regular in Dairy & Chilled > Eggs. Simple product for Zephrant ERP import; one internal Default variant will be created.,Piece,Carton,12,3600,350,400,0,0,5,Active
Eggs Regular,,,,,,,,,Dairy & Chilled,Eggs,Eggs Regular,Local Farm,DC-EGGS-ER-LF-01463,,Eggs Regular in Dairy & Chilled > Eggs. Simple product for Zephrant ERP import; one internal Default variant will be created.,Piece,Carton,12,3600,350,400,0,0,5,Active
Menu Eggs Premium,,,,,,,,,Dairy & Chilled,Eggs,Eggs Premium,Menu,DC-EGGS-EP-MENU-01464,,Menu Eggs Premium in Dairy & Chilled > Eggs. Simple product for Zephrant ERP import; one internal Default variant will be created.,Piece,Carton,12,3600,350,400,0,0,5,Active
SB Eggs Eggs Premium,,,,,,,,,Dairy & Chilled,Eggs,Eggs Premium,SB Eggs,DC-EGGS-EP-SE-01465,,SB Eggs Eggs Premium in Dairy & Chilled > Eggs. Simple product for Zephrant ERP import; one internal Default variant will be created.,Piece,Carton,12,3600,350,400,0,0,5,Active
Eggs Premium,,,,,,,,,Dairy & Chilled,Eggs,Eggs Premium,Store Brand,DC-EGGS-EP-SB-01466,,Eggs Premium in Dairy & Chilled > Eggs. Simple product for Zephrant ERP import; one internal Default variant will be created.,Piece,Carton,12,3600,350,400,0,0,5,Active
Eggs Premium,,,,,,,,,Dairy & Chilled,Eggs,Eggs Premium,Local Farm,DC-EGGS-EP-LF-01467,,Eggs Premium in Dairy & Chilled > Eggs. Simple product for Zephrant ERP import; one internal Default variant will be created.,Piece,Carton,12,3600,350,400,0,0,5,Active
Dairy Alternatives,,,,,,,,,Dairy & Chilled,Dairy Alternatives,Dairy Alternatives,Store Brand,DC-DA-DA-SB-01468,,Dairy Alternatives in Dairy & Chilled > Dairy Alternatives. Simple product for Zephrant ERP import; one internal Default variant will be created.,Piece,Carton,12,3600,350,400,0,0,5,Active
Dairy Alternatives,,,,,,,,,Dairy & Chilled,Dairy Alternatives,Dairy Alternatives,Local Brand,DC-DA-DA-LB-01469,,Dairy Alternatives in Dairy & Chilled > Dairy Alternatives. Simple product for Zephrant ERP import; one internal Default variant will be created.,Piece,Carton,12,3600,350,400,0,0,5,Active
Dairy Alternatives,,,,,,,,,Dairy & Chilled,Dairy Alternatives,Dairy Alternatives,Imported Brand,DC-DA-DA-IB-01470,,Dairy Alternatives in Dairy & Chilled > Dairy Alternatives. Simple product for Zephrant ERP import; one internal Default variant will be created.,Piece,Carton,12,3600,350,400,0,0,5,Active
Dairy Alternatives Regular,,,,,,,,,Dairy & Chilled,Dairy Alternatives,Dairy Alternatives Regular,Store Brand,DC-DA-DAR-SB-01471,,Dairy Alternatives Regular in Dairy & Chilled > Dairy Alternatives. Simple product for Zephrant ERP import; one internal Default variant will be created.,Piece,Carton,12,3600,350,400,0,0,5,Active
Dairy Alternatives Regular,,,,,,,,,Dairy & Chilled,Dairy Alternatives,Dairy Alternatives Regular,Local Brand,DC-DA-DAR-LB-01472,,Dairy Alternatives Regular in Dairy & Chilled > Dairy Alternatives. Simple product for Zephrant ERP import; one internal Default variant will be created.,Piece,Carton,12,3600,350,400,0,0,5,Active
Dairy Alternatives Regular,,,,,,,,,Dairy & Chilled,Dairy Alternatives,Dairy Alternatives Regular,Imported Brand,DC-DA-DAR-IB-01473,,Dairy Alternatives Regular in Dairy & Chilled > Dairy Alternatives. Simple product for Zephrant ERP import; one internal Default variant will be created.,Piece,Carton,12,3600,350,400,0,0,5,Active
Dairy Alternatives Premium,,,,,,,,,Dairy & Chilled,Dairy Alternatives,Dairy Alternatives Premium,Store Brand,DC-DA-DAP-SB-01474,,Dairy Alternatives Premium in Dairy & Chilled > Dairy Alternatives. Simple product for Zephrant ERP import; one internal Default variant will be created.,Piece,Carton,12,3600,350,400,0,0,5,Active
Dairy Alternatives Premium,,,,,,,,,Dairy & Chilled,Dairy Alternatives,Dairy Alternatives Premium,Local Brand,DC-DA-DAP-LB-01475,,Dairy Alternatives Premium in Dairy & Chilled > Dairy Alternatives. Simple product for Zephrant ERP import; one internal Default variant will be created.,Piece,Carton,12,3600,350,400,0,0,5,Active
Dairy Alternatives Premium,,,,,,,,,Dairy & Chilled,Dairy Alternatives,Dairy Alternatives Premium,Imported Brand,DC-DA-DAP-IB-01476,,Dairy Alternatives Premium in Dairy & Chilled > Dairy Alternatives. Simple product for Zephrant ERP import; one internal Default variant will be created.,Piece,Carton,12,3600,350,400,0,0,5,Active
K&N's Frozen Chicken,,,,,,,,,Frozen Foods,Frozen Chicken,Frozen Chicken,K&N's,FF-FC-FC-KNS-01477,,K&N's Frozen Chicken in Frozen Foods > Frozen Chicken. Simple product for Zephrant ERP import; one internal Default variant will be created.,Piece,Carton,12,3600,350,400,0,0,5,Active
Menu Frozen Chicken,,,,,,,,,Frozen Foods,Frozen Chicken,Frozen Chicken,Menu,FF-FC-FC-MENU-01478,,Menu Frozen Chicken in Frozen Foods > Frozen Chicken. Simple product for Zephrant ERP import; one internal Default variant will be created.,Piece,Carton,12,3600,350,400,0,0,5,Active
Dawn Foods Frozen Chicken,,,,,,,,,Frozen Foods,Frozen Chicken,Frozen Chicken,Dawn Foods,FF-FC-FC-DF-01479,,Dawn Foods Frozen Chicken in Frozen Foods > Frozen Chicken. Simple product for Zephrant ERP import; one internal Default variant will be created.,Piece,Carton,12,3600,350,400,0,0,5,Active
Sabroso Frozen Chicken,,,,,,,,,Frozen Foods,Frozen Chicken,Frozen Chicken,Sabroso,FF-FC-FC-SABR-01480,,Sabroso Frozen Chicken in Frozen Foods > Frozen Chicken. Simple product for Zephrant ERP import; one internal Default variant will be created.,Piece,Carton,12,3600,350,400,0,0,5,Active
K&N's Frozen Chicken Regular,,,,,,,,,Frozen Foods,Frozen Chicken,Frozen Chicken Regular,K&N's,FF-FC-FCR-KNS-01481,,K&N's Frozen Chicken Regular in Frozen Foods > Frozen Chicken. Simple product for Zephrant ERP import; one internal Default variant will be created.,Piece,Carton,12,3600,350,400,0,0,5,Active
Menu Frozen Chicken Regular,,,,,,,,,Frozen Foods,Frozen Chicken,Frozen Chicken Regular,Menu,FF-FC-FCR-MENU-01482,,Menu Frozen Chicken Regular in Frozen Foods > Frozen Chicken. Simple product for Zephrant ERP import; one internal Default variant will be created.,Piece,Carton,12,3600,350,400,0,0,5,Active
Dawn Foods Frozen Chicken Regular,,,,,,,,,Frozen Foods,Frozen Chicken,Frozen Chicken Regular,Dawn Foods,FF-FC-FCR-DF-01483,,Dawn Foods Frozen Chicken Regular in Frozen Foods > Frozen Chicken. Simple product for Zephrant ERP import; one internal Default variant will be created.,Piece,Carton,12,3600,350,400,0,0,5,Active
Sabroso Frozen Chicken Regular,,,,,,,,,Frozen Foods,Frozen Chicken,Frozen Chicken Regular,Sabroso,FF-FC-FCR-SABR-01484,,Sabroso Frozen Chicken Regular in Frozen Foods > Frozen Chicken. Simple product for Zephrant ERP import; one internal Default variant will be created.,Piece,Carton,12,3600,350,400,0,0,5,Active
K&N's Frozen Chicken Premium,,,,,,,,,Frozen Foods,Frozen Chicken,Frozen Chicken Premium,K&N's,FF-FC-FCP-KNS-01485,,K&N's Frozen Chicken Premium in Frozen Foods > Frozen Chicken. Simple product for Zephrant ERP import; one internal Default variant will be created.,Piece,Carton,12,3600,350,400,0,0,5,Active
Menu Frozen Chicken Premium,,,,,,,,,Frozen Foods,Frozen Chicken,Frozen Chicken Premium,Menu,FF-FC-FCP-MENU-01486,,Menu Frozen Chicken Premium in Frozen Foods > Frozen Chicken. Simple product for Zephrant ERP import; one internal Default variant will be created.,Piece,Carton,12,3600,350,400,0,0,5,Active
Dawn Foods Frozen Chicken Premium,,,,,,,,,Frozen Foods,Frozen Chicken,Frozen Chicken Premium,Dawn Foods,FF-FC-FCP-DF-01487,,Dawn Foods Frozen Chicken Premium in Frozen Foods > Frozen Chicken. Simple product for Zephrant ERP import; one internal Default variant will be created.,Piece,Carton,12,3600,350,400,0,0,5,Active
Sabroso Frozen Chicken Premium,,,,,,,,,Frozen Foods,Frozen Chicken,Frozen Chicken Premium,Sabroso,FF-FC-FCP-SABR-01488,,Sabroso Frozen Chicken Premium in Frozen Foods > Frozen Chicken. Simple product for Zephrant ERP import; one internal Default variant will be created.,Piece,Carton,12,3600,350,400,0,0,5,Active
Frozen Beef,,,,,,,,,Frozen Foods,Frozen Beef,Frozen Beef,Store Brand,FF-FB-FB-SB-01489,,Frozen Beef in Frozen Foods > Frozen Beef. Simple product for Zephrant ERP import; one internal Default variant will be created.,Piece,Carton,12,3600,350,400,0,0,5,Active
Frozen Beef,,,,,,,,,Frozen Foods,Frozen Beef,Frozen Beef,Local Brand,FF-FB-FB-LB-01490,,Frozen Beef in Frozen Foods > Frozen Beef. Simple product for Zephrant ERP import; one internal Default variant will be created.,Piece,Carton,12,3600,350,400,0,0,5,Active
Frozen Beef,,,,,,,,,Frozen Foods,Frozen Beef,Frozen Beef,Imported Brand,FF-FB-FB-IB-01491,,Frozen Beef in Frozen Foods > Frozen Beef. Simple product for Zephrant ERP import; one internal Default variant will be created.,Piece,Carton,12,3600,350,400,0,0,5,Active
Frozen Beef Regular,,,,,,,,,Frozen Foods,Frozen Beef,Frozen Beef Regular,Store Brand,FF-FB-FBR-SB-01492,,Frozen Beef Regular in Frozen Foods > Frozen Beef. Simple product for Zephrant ERP import; one internal Default variant will be created.,Piece,Carton,12,3600,350,400,0,0,5,Active
Frozen Beef Regular,,,,,,,,,Frozen Foods,Frozen Beef,Frozen Beef Regular,Local Brand,FF-FB-FBR-LB-01493,,Frozen Beef Regular in Frozen Foods > Frozen Beef. Simple product for Zephrant ERP import; one internal Default variant will be created.,Piece,Carton,12,3600,350,400,0,0,5,Active
Frozen Beef Regular,,,,,,,,,Frozen Foods,Frozen Beef,Frozen Beef Regular,Imported Brand,FF-FB-FBR-IB-01494,,Frozen Beef Regular in Frozen Foods > Frozen Beef. Simple product for Zephrant ERP import; one internal Default variant will be created.,Piece,Carton,12,3600,350,400,0,0,5,Active
Frozen Beef Premium,,,,,,,,,Frozen Foods,Frozen Beef,Frozen Beef Premium,Store Brand,FF-FB-FBP-SB-01495,,Frozen Beef Premium in Frozen Foods > Frozen Beef. Simple product for Zephrant ERP import; one internal Default variant will be created.,Piece,Carton,12,3600,350,400,0,0,5,Active
Frozen Beef Premium,,,,,,,,,Frozen Foods,Frozen Beef,Frozen Beef Premium,Local Brand,FF-FB-FBP-LB-01496,,Frozen Beef Premium in Frozen Foods > Frozen Beef. Simple product for Zephrant ERP import; one internal Default variant will be created.,Piece,Carton,12,3600,350,400,0,0,5,Active
Frozen Beef Premium,,,,,,,,,Frozen Foods,Frozen Beef,Frozen Beef Premium,Imported Brand,FF-FB-FBP-IB-01497,,Frozen Beef Premium in Frozen Foods > Frozen Beef. Simple product for Zephrant ERP import; one internal Default variant will be created.,Piece,Carton,12,3600,350,400,0,0,5,Active
Frozen Seafood,,,,,,,,,Frozen Foods,Frozen Seafood,Frozen Seafood,Store Brand,FF-FS-FS-SB-01498,,Frozen Seafood in Frozen Foods > Frozen Seafood. Simple product for Zephrant ERP import; one internal Default variant will be created.,Piece,Carton,12,3600,350,400,0,0,5,Active
Frozen Seafood,,,,,,,,,Frozen Foods,Frozen Seafood,Frozen Seafood,Local Brand,FF-FS-FS-LB-01499,,Frozen Seafood in Frozen Foods > Frozen Seafood. Simple product for Zephrant ERP import; one internal Default variant will be created.,Piece,Carton,12,3600,350,400,0,0,5,Active
Frozen Seafood,,,,,,,,,Frozen Foods,Frozen Seafood,Frozen Seafood,Imported Brand,FF-FS-FS-IB-01500,,Frozen Seafood in Frozen Foods > Frozen Seafood. Simple product for Zephrant ERP import; one internal Default variant will be created.,Piece,Carton,12,3600,350,400,0,0,5,Active
Frozen Seafood Regular,,,,,,,,,Frozen Foods,Frozen Seafood,Frozen Seafood Regular,Store Brand,FF-FS-FSR-SB-01501,,Frozen Seafood Regular in Frozen Foods > Frozen Seafood. Simple product for Zephrant ERP import; one internal Default variant will be created.,Piece,Carton,12,3600,350,400,0,0,5,Active
Frozen Seafood Regular,,,,,,,,,Frozen Foods,Frozen Seafood,Frozen Seafood Regular,Local Brand,FF-FS-FSR-LB-01502,,Frozen Seafood Regular in Frozen Foods > Frozen Seafood. Simple product for Zephrant ERP import; one internal Default variant will be created.,Piece,Carton,12,3600,350,400,0,0,5,Active
Frozen Seafood Regular,,,,,,,,,Frozen Foods,Frozen Seafood,Frozen Seafood Regular,Imported Brand,FF-FS-FSR-IB-01503,,Frozen Seafood Regular in Frozen Foods > Frozen Seafood. Simple product for Zephrant ERP import; one internal Default variant will be created.,Piece,Carton,12,3600,350,400,0,0,5,Active
Frozen Seafood Premium,,,,,,,,,Frozen Foods,Frozen Seafood,Frozen Seafood Premium,Store Brand,FF-FS-FSP-SB-01504,,Frozen Seafood Premium in Frozen Foods > Frozen Seafood. Simple product for Zephrant ERP import; one internal Default variant will be created.,Piece,Carton,12,3600,350,400,0,0,5,Active
Frozen Seafood Premium,,,,,,,,,Frozen Foods,Frozen Seafood,Frozen Seafood Premium,Local Brand,FF-FS-FSP-LB-01505,,Frozen Seafood Premium in Frozen Foods > Frozen Seafood. Simple product for Zephrant ERP import; one internal Default variant will be created.,Piece,Carton,12,3600,350,400,0,0,5,Active
Frozen Seafood Premium,,,,,,,,,Frozen Foods,Frozen Seafood,Frozen Seafood Premium,Imported Brand,FF-FS-FSP-IB-01506,,Frozen Seafood Premium in Frozen Foods > Frozen Seafood. Simple product for Zephrant ERP import; one internal Default variant will be created.,Piece,Carton,12,3600,350,400,0,0,5,Active
K&N's Nuggets,,,,,,,,,Frozen Foods,Nuggets,Nuggets,K&N's,FF-NUGG-NUGG-KNS-01507,,K&N's Nuggets in Frozen Foods > Nuggets. Simple product for Zephrant ERP import; one internal Default variant will be created.,Piece,Carton,12,3600,350,400,0,0,5,Active
Menu Nuggets,,,,,,,,,Frozen Foods,Nuggets,Nuggets,Menu,FF-NUGG-NUGG-MENU-01508,,Menu Nuggets in Frozen Foods > Nuggets. Simple product for Zephrant ERP import; one internal Default variant will be created.,Piece,Carton,12,3600,350,400,0,0,5,Active
Dawn Foods Nuggets,,,,,,,,,Frozen Foods,Nuggets,Nuggets,Dawn Foods,FF-NUGG-NUGG-DF-01509,,Dawn Foods Nuggets in Frozen Foods > Nuggets. Simple product for Zephrant ERP import; one internal Default variant will be created.,Piece,Carton,12,3600,350,400,0,0,5,Active
Sabroso Nuggets,,,,,,,,,Frozen Foods,Nuggets,Nuggets,Sabroso,FF-NUGG-NUGG-SABR-01510,,Sabroso Nuggets in Frozen Foods > Nuggets. Simple product for Zephrant ERP import; one internal Default variant will be created.,Piece,Carton,12,3600,350,400,0,0,5,Active
K&N's Nuggets Regular,,,,,,,,,Frozen Foods,Nuggets,Nuggets Regular,K&N's,FF-NUGG-NR-KNS-01511,,K&N's Nuggets Regular in Frozen Foods > Nuggets. Simple product for Zephrant ERP import; one internal Default variant will be created.,Piece,Carton,12,3600,350,400,0,0,5,Active
Menu Nuggets Regular,,,,,,,,,Frozen Foods,Nuggets,Nuggets Regular,Menu,FF-NUGG-NR-MENU-01512,,Menu Nuggets Regular in Frozen Foods > Nuggets. Simple product for Zephrant ERP import; one internal Default variant will be created.,Piece,Carton,12,3600,350,400,0,0,5,Active
Dawn Foods Nuggets Regular,,,,,,,,,Frozen Foods,Nuggets,Nuggets Regular,Dawn Foods,FF-NUGG-NR-DF-01513,,Dawn Foods Nuggets Regular in Frozen Foods > Nuggets. Simple product for Zephrant ERP import; one internal Default variant will be created.,Piece,Carton,12,3600,350,400,0,0,5,Active
Sabroso Nuggets Regular,,,,,,,,,Frozen Foods,Nuggets,Nuggets Regular,Sabroso,FF-NUGG-NR-SABR-01514,,Sabroso Nuggets Regular in Frozen Foods > Nuggets. Simple product for Zephrant ERP import; one internal Default variant will be created.,Piece,Carton,12,3600,350,400,0,0,5,Active
K&N's Nuggets Premium,,,,,,,,,Frozen Foods,Nuggets,Nuggets Premium,K&N's,FF-NUGG-NP-KNS-01515,,K&N's Nuggets Premium in Frozen Foods > Nuggets. Simple product for Zephrant ERP import; one internal Default variant will be created.,Piece,Carton,12,3600,350,400,0,0,5,Active
Menu Nuggets Premium,,,,,,,,,Frozen Foods,Nuggets,Nuggets Premium,Menu,FF-NUGG-NP-MENU-01516,,Menu Nuggets Premium in Frozen Foods > Nuggets. Simple product for Zephrant ERP import; one internal Default variant will be created.,Piece,Carton,12,3600,350,400,0,0,5,Active
Dawn Foods Nuggets Premium,,,,,,,,,Frozen Foods,Nuggets,Nuggets Premium,Dawn Foods,FF-NUGG-NP-DF-01517,,Dawn Foods Nuggets Premium in Frozen Foods > Nuggets. Simple product for Zephrant ERP import; one internal Default variant will be created.,Piece,Carton,12,3600,350,400,0,0,5,Active
Sabroso Nuggets Premium,,,,,,,,,Frozen Foods,Nuggets,Nuggets Premium,Sabroso,FF-NUGG-NP-SABR-01518,,Sabroso Nuggets Premium in Frozen Foods > Nuggets. Simple product for Zephrant ERP import; one internal Default variant will be created.,Piece,Carton,12,3600,350,400,0,0,5,Active
Dawn Foods Samosa,,,,,,,,,Frozen Foods,Samosa,Samosa,Dawn Foods,FF-SAMO-SAMO-DF-01519,,Dawn Foods Samosa in Frozen Foods > Samosa. Simple product for Zephrant ERP import; one internal Default variant will be created.,Piece,Carton,12,3600,350,400,0,0,5,Active
K&N's Samosa,,,,,,,,,Frozen Foods,Samosa,Samosa,K&N's,FF-SAMO-SAMO-KNS-01520,,K&N's Samosa in Frozen Foods > Samosa. Simple product for Zephrant ERP import; one internal Default variant will be created.,Piece,Carton,12,3600,350,400,0,0,5,Active
Menu Samosa,,,,,,,,,Frozen Foods,Samosa,Samosa,Menu,FF-SAMO-SAMO-MENU-01521,,Menu Samosa in Frozen Foods > Samosa. Simple product for Zephrant ERP import; one internal Default variant will be created.,Piece,Carton,12,3600,350,400,0,0,5,Active
Samosa,,,,,,,,,Frozen Foods,Samosa,Samosa,Store Brand,FF-SAMO-SAMO-SB-01522,,Samosa in Frozen Foods > Samosa. Simple product for Zephrant ERP import; one internal Default variant will be created.,Piece,Carton,12,3600,350,400,0,0,5,Active
Dawn Foods Samosa Regular,,,,,,,,,Frozen Foods,Samosa,Samosa Regular,Dawn Foods,FF-SAMO-SR-DF-01523,,Dawn Foods Samosa Regular in Frozen Foods > Samosa. Simple product for Zephrant ERP import; one internal Default variant will be created.,Piece,Carton,12,3600,350,400,0,0,5,Active
K&N's Samosa Regular,,,,,,,,,Frozen Foods,Samosa,Samosa Regular,K&N's,FF-SAMO-SR-KNS-01524,,K&N's Samosa Regular in Frozen Foods > Samosa. Simple product for Zephrant ERP import; one internal Default variant will be created.,Piece,Carton,12,3600,350,400,0,0,5,Active
Menu Samosa Regular,,,,,,,,,Frozen Foods,Samosa,Samosa Regular,Menu,FF-SAMO-SR-MENU-01525,,Menu Samosa Regular in Frozen Foods > Samosa. Simple product for Zephrant ERP import; one internal Default variant will be created.,Piece,Carton,12,3600,350,400,0,0,5,Active
Samosa Regular,,,,,,,,,Frozen Foods,Samosa,Samosa Regular,Store Brand,FF-SAMO-SR-SB-01526,,Samosa Regular in Frozen Foods > Samosa. Simple product for Zephrant ERP import; one internal Default variant will be created.,Piece,Carton,12,3600,350,400,0,0,5,Active
Dawn Foods Samosa Premium,,,,,,,,,Frozen Foods,Samosa,Samosa Premium,Dawn Foods,FF-SAMO-SP-DF-01527,,Dawn Foods Samosa Premium in Frozen Foods > Samosa. Simple product for Zephrant ERP import; one internal Default variant will be created.,Piece,Carton,12,3600,350,400,0,0,5,Active
K&N's Samosa Premium,,,,,,,,,Frozen Foods,Samosa,Samosa Premium,K&N's,FF-SAMO-SP-KNS-01528,,K&N's Samosa Premium in Frozen Foods > Samosa. Simple product for Zephrant ERP import; one internal Default variant will be created.,Piece,Carton,12,3600,350,400,0,0,5,Active
Menu Samosa Premium,,,,,,,,,Frozen Foods,Samosa,Samosa Premium,Menu,FF-SAMO-SP-MENU-01529,,Menu Samosa Premium in Frozen Foods > Samosa. Simple product for Zephrant ERP import; one internal Default variant will be created.,Piece,Carton,12,3600,350,400,0,0,5,Active
Samosa Premium,,,,,,,,,Frozen Foods,Samosa,Samosa Premium,Store Brand,FF-SAMO-SP-SB-01530,,Samosa Premium in Frozen Foods > Samosa. Simple product for Zephrant ERP import; one internal Default variant will be created.,Piece,Carton,12,3600,350,400,0,0,5,Active
Spring Rolls,,,,,,,,,Frozen Foods,Spring Rolls,Spring Rolls,Store Brand,FF-SR-SR-SB-01531,,Spring Rolls in Frozen Foods > Spring Rolls. Simple product for Zephrant ERP import; one internal Default variant will be created.,Piece,Carton,12,3600,350,400,0,0,5,Active
Spring Rolls,,,,,,,,,Frozen Foods,Spring Rolls,Spring Rolls,Local Brand,FF-SR-SR-LB-01532,,Spring Rolls in Frozen Foods > Spring Rolls. Simple product for Zephrant ERP import; one internal Default variant will be created.,Piece,Carton,12,3600,350,400,0,0,5,Active
Spring Rolls,,,,,,,,,Frozen Foods,Spring Rolls,Spring Rolls,Imported Brand,FF-SR-SR-IB-01533,,Spring Rolls in Frozen Foods > Spring Rolls. Simple product for Zephrant ERP import; one internal Default variant will be created.,Piece,Carton,12,3600,350,400,0,0,5,Active
Spring Rolls Regular,,,,,,,,,Frozen Foods,Spring Rolls,Spring Rolls Regular,Store Brand,FF-SR-SRR-SB-01534,,Spring Rolls Regular in Frozen Foods > Spring Rolls. Simple product for Zephrant ERP import; one internal Default variant will be created.,Piece,Carton,12,3600,350,400,0,0,5,Active
Spring Rolls Regular,,,,,,,,,Frozen Foods,Spring Rolls,Spring Rolls Regular,Local Brand,FF-SR-SRR-LB-01535,,Spring Rolls Regular in Frozen Foods > Spring Rolls. Simple product for Zephrant ERP import; one internal Default variant will be created.,Piece,Carton,12,3600,350,400,0,0,5,Active
Spring Rolls Regular,,,,,,,,,Frozen Foods,Spring Rolls,Spring Rolls Regular,Imported Brand,FF-SR-SRR-IB-01536,,Spring Rolls Regular in Frozen Foods > Spring Rolls. Simple product for Zephrant ERP import; one internal Default variant will be created.,Piece,Carton,12,3600,350,400,0,0,5,Active
Spring Rolls Premium,,,,,,,,,Frozen Foods,Spring Rolls,Spring Rolls Premium,Store Brand,FF-SR-SRP-SB-01537,,Spring Rolls Premium in Frozen Foods > Spring Rolls. Simple product for Zephrant ERP import; one internal Default variant will be created.,Piece,Carton,12,3600,350,400,0,0,5,Active
Spring Rolls Premium,,,,,,,,,Frozen Foods,Spring Rolls,Spring Rolls Premium,Local Brand,FF-SR-SRP-LB-01538,,Spring Rolls Premium in Frozen Foods > Spring Rolls. Simple product for Zephrant ERP import; one internal Default variant will be created.,Piece,Carton,12,3600,350,400,0,0,5,Active
Spring Rolls Premium,,,,,,,,,Frozen Foods,Spring Rolls,Spring Rolls Premium,Imported Brand,FF-SR-SRP-IB-01539,,Spring Rolls Premium in Frozen Foods > Spring Rolls. Simple product for Zephrant ERP import; one internal Default variant will be created.,Piece,Carton,12,3600,350,400,0,0,5,Active
Kebabs,,,,,,,,,Frozen Foods,Kebabs,Kebabs,Store Brand,FF-KEBA-KEBA-SB-01540,,Kebabs in Frozen Foods > Kebabs. Simple product for Zephrant ERP import; one internal Default variant will be created.,Piece,Carton,12,3600,350,400,0,0,5,Active
Kebabs,,,,,,,,,Frozen Foods,Kebabs,Kebabs,Local Brand,FF-KEBA-KEBA-LB-01541,,Kebabs in Frozen Foods > Kebabs. Simple product for Zephrant ERP import; one internal Default variant will be created.,Piece,Carton,12,3600,350,400,0,0,5,Active
Kebabs,,,,,,,,,Frozen Foods,Kebabs,Kebabs,Imported Brand,FF-KEBA-KEBA-IB-01542,,Kebabs in Frozen Foods > Kebabs. Simple product for Zephrant ERP import; one internal Default variant will be created.,Piece,Carton,12,3600,350,400,0,0,5,Active
Kebabs Regular,,,,,,,,,Frozen Foods,Kebabs,Kebabs Regular,Store Brand,FF-KEBA-KR-SB-01543,,Kebabs Regular in Frozen Foods > Kebabs. Simple product for Zephrant ERP import; one internal Default variant will be created.,Piece,Carton,12,3600,350,400,0,0,5,Active
Kebabs Regular,,,,,,,,,Frozen Foods,Kebabs,Kebabs Regular,Local Brand,FF-KEBA-KR-LB-01544,,Kebabs Regular in Frozen Foods > Kebabs. Simple product for Zephrant ERP import; one internal Default variant will be created.,Piece,Carton,12,3600,350,400,0,0,5,Active
Kebabs Regular,,,,,,,,,Frozen Foods,Kebabs,Kebabs Regular,Imported Brand,FF-KEBA-KR-IB-01545,,Kebabs Regular in Frozen Foods > Kebabs. Simple product for Zephrant ERP import; one internal Default variant will be created.,Piece,Carton,12,3600,350,400,0,0,5,Active
Kebabs Premium,,,,,,,,,Frozen Foods,Kebabs,Kebabs Premium,Store Brand,FF-KEBA-KP-SB-01546,,Kebabs Premium in Frozen Foods > Kebabs. Simple product for Zephrant ERP import; one internal Default variant will be created.,Piece,Carton,12,3600,350,400,0,0,5,Active
Kebabs Premium,,,,,,,,,Frozen Foods,Kebabs,Kebabs Premium,Local Brand,FF-KEBA-KP-LB-01547,,Kebabs Premium in Frozen Foods > Kebabs. Simple product for Zephrant ERP import; one internal Default variant will be created.,Piece,Carton,12,3600,350,400,0,0,5,Active
Kebabs Premium,,,,,,,,,Frozen Foods,Kebabs,Kebabs Premium,Imported Brand,FF-KEBA-KP-IB-01548,,Kebabs Premium in Frozen Foods > Kebabs. Simple product for Zephrant ERP import; one internal Default variant will be created.,Piece,Carton,12,3600,350,400,0,0,5,Active
Dawn Foods Frozen Paratha,,,,,,,,,Frozen Foods,Frozen Paratha,Frozen Paratha,Dawn Foods,FF-FP-FP-DF-01549,,Dawn Foods Frozen Paratha in Frozen Foods > Frozen Paratha. Simple product for Zephrant ERP import; one internal Default variant will be created.,Piece,Carton,12,3600,350,400,0,0,5,Active
Monsalwa Frozen Paratha,,,,,,,,,Frozen Foods,Frozen Paratha,Frozen Paratha,Monsalwa,FF-FP-FP-MONS-01550,,Monsalwa Frozen Paratha in Frozen Foods > Frozen Paratha. Simple product for Zephrant ERP import; one internal Default variant will be created.,Piece,Carton,12,3600,350,400,0,0,5,Active
Menu Frozen Paratha,,,,,,,,,Frozen Foods,Frozen Paratha,Frozen Paratha,Menu,FF-FP-FP-MENU-01551,,Menu Frozen Paratha in Frozen Foods > Frozen Paratha. Simple product for Zephrant ERP import; one internal Default variant will be created.,Piece,Carton,12,3600,350,400,0,0,5,Active
Frozen Paratha,,,,,,,,,Frozen Foods,Frozen Paratha,Frozen Paratha,Store Brand,FF-FP-FP-SB-01552,,Frozen Paratha in Frozen Foods > Frozen Paratha. Simple product for Zephrant ERP import; one internal Default variant will be created.,Piece,Carton,12,3600,350,400,0,0,5,Active
Dawn Foods Frozen Paratha Regular,,,,,,,,,Frozen Foods,Frozen Paratha,Frozen Paratha Regular,Dawn Foods,FF-FP-FPR-DF-01553,,Dawn Foods Frozen Paratha Regular in Frozen Foods > Frozen Paratha. Simple product for Zephrant ERP import; one internal Default variant will be created.,Piece,Carton,12,3600,350,400,0,0,5,Active
Monsalwa Frozen Paratha Regular,,,,,,,,,Frozen Foods,Frozen Paratha,Frozen Paratha Regular,Monsalwa,FF-FP-FPR-MONS-01554,,Monsalwa Frozen Paratha Regular in Frozen Foods > Frozen Paratha. Simple product for Zephrant ERP import; one internal Default variant will be created.,Piece,Carton,12,3600,350,400,0,0,5,Active
Menu Frozen Paratha Regular,,,,,,,,,Frozen Foods,Frozen Paratha,Frozen Paratha Regular,Menu,FF-FP-FPR-MENU-01555,,Menu Frozen Paratha Regular in Frozen Foods > Frozen Paratha. Simple product for Zephrant ERP import; one internal Default variant will be created.,Piece,Carton,12,3600,350,400,0,0,5,Active
Frozen Paratha Regular,,,,,,,,,Frozen Foods,Frozen Paratha,Frozen Paratha Regular,Store Brand,FF-FP-FPR-SB-01556,,Frozen Paratha Regular in Frozen Foods > Frozen Paratha. Simple product for Zephrant ERP import; one internal Default variant will be created.,Piece,Carton,12,3600,350,400,0,0,5,Active
Dawn Foods Frozen Paratha Premium,,,,,,,,,Frozen Foods,Frozen Paratha,Frozen Paratha Premium,Dawn Foods,FF-FP-FPP-DF-01557,,Dawn Foods Frozen Paratha Premium in Frozen Foods > Frozen Paratha. Simple product for Zephrant ERP import; one internal Default variant will be created.,Piece,Carton,12,3600,350,400,0,0,5,Active
Monsalwa Frozen Paratha Premium,,,,,,,,,Frozen Foods,Frozen Paratha,Frozen Paratha Premium,Monsalwa,FF-FP-FPP-MONS-01558,,Monsalwa Frozen Paratha Premium in Frozen Foods > Frozen Paratha. Simple product for Zephrant ERP import; one internal Default variant will be created.,Piece,Carton,12,3600,350,400,0,0,5,Active
Menu Frozen Paratha Premium,,,,,,,,,Frozen Foods,Frozen Paratha,Frozen Paratha Premium,Menu,FF-FP-FPP-MENU-01559,,Menu Frozen Paratha Premium in Frozen Foods > Frozen Paratha. Simple product for Zephrant ERP import; one internal Default variant will be created.,Piece,Carton,12,3600,350,400,0,0,5,Active
Frozen Paratha Premium,,,,,,,,,Frozen Foods,Frozen Paratha,Frozen Paratha Premium,Store Brand,FF-FP-FPP-SB-01560,,Frozen Paratha Premium in Frozen Foods > Frozen Paratha. Simple product for Zephrant ERP import; one internal Default variant will be created.,Piece,Carton,12,3600,350,400,0,0,5,Active
Frozen Bread,,,,,,,,,Frozen Foods,Frozen Bread,Frozen Bread,Store Brand,FF-FB-FB-SB-01561,,Frozen Bread in Frozen Foods > Frozen Bread. Simple product for Zephrant ERP import; one internal Default variant will be created.,Piece,Carton,12,3600,350,400,0,0,5,Active
Frozen Bread,,,,,,,,,Frozen Foods,Frozen Bread,Frozen Bread,Local Brand,FF-FB-FB-LB-01562,,Frozen Bread in Frozen Foods > Frozen Bread. Simple product for Zephrant ERP import; one internal Default variant will be created.,Piece,Carton,12,3600,350,400,0,0,5,Active
Frozen Bread,,,,,,,,,Frozen Foods,Frozen Bread,Frozen Bread,Imported Brand,FF-FB-FB-IB-01563,,Frozen Bread in Frozen Foods > Frozen Bread. Simple product for Zephrant ERP import; one internal Default variant will be created.,Piece,Carton,12,3600,350,400,0,0,5,Active
Frozen Bread Regular,,,,,,,,,Frozen Foods,Frozen Bread,Frozen Bread Regular,Store Brand,FF-FB-FBR-SB-01564,,Frozen Bread Regular in Frozen Foods > Frozen Bread. Simple product for Zephrant ERP import; one internal Default variant will be created.,Piece,Carton,12,3600,350,400,0,0,5,Active
Frozen Bread Regular,,,,,,,,,Frozen Foods,Frozen Bread,Frozen Bread Regular,Local Brand,FF-FB-FBR-LB-01565,,Frozen Bread Regular in Frozen Foods > Frozen Bread. Simple product for Zephrant ERP import; one internal Default variant will be created.,Piece,Carton,12,3600,350,400,0,0,5,Active
Frozen Bread Regular,,,,,,,,,Frozen Foods,Frozen Bread,Frozen Bread Regular,Imported Brand,FF-FB-FBR-IB-01566,,Frozen Bread Regular in Frozen Foods > Frozen Bread. Simple product for Zephrant ERP import; one internal Default variant will be created.,Piece,Carton,12,3600,350,400,0,0,5,Active
Frozen Bread Premium,,,,,,,,,Frozen Foods,Frozen Bread,Frozen Bread Premium,Store Brand,FF-FB-FBP-SB-01567,,Frozen Bread Premium in Frozen Foods > Frozen Bread. Simple product for Zephrant ERP import; one internal Default variant will be created.,Piece,Carton,12,3600,350,400,0,0,5,Active
Frozen Bread Premium,,,,,,,,,Frozen Foods,Frozen Bread,Frozen Bread Premium,Local Brand,FF-FB-FBP-LB-01568,,Frozen Bread Premium in Frozen Foods > Frozen Bread. Simple product for Zephrant ERP import; one internal Default variant will be created.,Piece,Carton,12,3600,350,400,0,0,5,Active
Frozen Bread Premium,,,,,,,,,Frozen Foods,Frozen Bread,Frozen Bread Premium,Imported Brand,FF-FB-FBP-IB-01569,,Frozen Bread Premium in Frozen Foods > Frozen Bread. Simple product for Zephrant ERP import; one internal Default variant will be created.,Piece,Carton,12,3600,350,400,0,0,5,Active
Frozen Vegetables,,,,,,,,,Frozen Foods,Frozen Vegetables,Frozen Vegetables,Store Brand,FF-FV-FV-SB-01570,,Frozen Vegetables in Frozen Foods > Frozen Vegetables. Simple product for Zephrant ERP import; one internal Default variant will be created.,Piece,Carton,12,3600,350,400,0,0,5,Active
Frozen Vegetables,,,,,,,,,Frozen Foods,Frozen Vegetables,Frozen Vegetables,Local Brand,FF-FV-FV-LB-01571,,Frozen Vegetables in Frozen Foods > Frozen Vegetables. Simple product for Zephrant ERP import; one internal Default variant will be created.,Piece,Carton,12,3600,350,400,0,0,5,Active
Frozen Vegetables,,,,,,,,,Frozen Foods,Frozen Vegetables,Frozen Vegetables,Imported Brand,FF-FV-FV-IB-01572,,Frozen Vegetables in Frozen Foods > Frozen Vegetables. Simple product for Zephrant ERP import; one internal Default variant will be created.,Piece,Carton,12,3600,350,400,0,0,5,Active
Frozen Vegetables Regular,,,,,,,,,Frozen Foods,Frozen Vegetables,Frozen Vegetables Regular,Store Brand,FF-FV-FVR-SB-01573,,Frozen Vegetables Regular in Frozen Foods > Frozen Vegetables. Simple product for Zephrant ERP import; one internal Default variant will be created.,Piece,Carton,12,3600,350,400,0,0,5,Active
Frozen Vegetables Regular,,,,,,,,,Frozen Foods,Frozen Vegetables,Frozen Vegetables Regular,Local Brand,FF-FV-FVR-LB-01574,,Frozen Vegetables Regular in Frozen Foods > Frozen Vegetables. Simple product for Zephrant ERP import; one internal Default variant will be created.,Piece,Carton,12,3600,350,400,0,0,5,Active
Frozen Vegetables Regular,,,,,,,,,Frozen Foods,Frozen Vegetables,Frozen Vegetables Regular,Imported Brand,FF-FV-FVR-IB-01575,,Frozen Vegetables Regular in Frozen Foods > Frozen Vegetables. Simple product for Zephrant ERP import; one internal Default variant will be created.,Piece,Carton,12,3600,350,400,0,0,5,Active
Frozen Vegetables Premium,,,,,,,,,Frozen Foods,Frozen Vegetables,Frozen Vegetables Premium,Store Brand,FF-FV-FVP-SB-01576,,Frozen Vegetables Premium in Frozen Foods > Frozen Vegetables. Simple product for Zephrant ERP import; one internal Default variant will be created.,Piece,Carton,12,3600,350,400,0,0,5,Active
Frozen Vegetables Premium,,,,,,,,,Frozen Foods,Frozen Vegetables,Frozen Vegetables Premium,Local Brand,FF-FV-FVP-LB-01577,,Frozen Vegetables Premium in Frozen Foods > Frozen Vegetables. Simple product for Zephrant ERP import; one internal Default variant will be created.,Piece,Carton,12,3600,350,400,0,0,5,Active
Frozen Vegetables Premium,,,,,,,,,Frozen Foods,Frozen Vegetables,Frozen Vegetables Premium,Imported Brand,FF-FV-FVP-IB-01578,,Frozen Vegetables Premium in Frozen Foods > Frozen Vegetables. Simple product for Zephrant ERP import; one internal Default variant will be created.,Piece,Carton,12,3600,350,400,0,0,5,Active
Frozen Fruits,,,,,,,,,Frozen Foods,Frozen Fruits,Frozen Fruits,Store Brand,FF-FF-FF-SB-01579,,Frozen Fruits in Frozen Foods > Frozen Fruits. Simple product for Zephrant ERP import; one internal Default variant will be created.,Piece,Carton,12,3600,350,400,0,0,5,Active
Frozen Fruits,,,,,,,,,Frozen Foods,Frozen Fruits,Frozen Fruits,Local Brand,FF-FF-FF-LB-01580,,Frozen Fruits in Frozen Foods > Frozen Fruits. Simple product for Zephrant ERP import; one internal Default variant will be created.,Piece,Carton,12,3600,350,400,0,0,5,Active
Frozen Fruits,,,,,,,,,Frozen Foods,Frozen Fruits,Frozen Fruits,Imported Brand,FF-FF-FF-IB-01581,,Frozen Fruits in Frozen Foods > Frozen Fruits. Simple product for Zephrant ERP import; one internal Default variant will be created.,Piece,Carton,12,3600,350,400,0,0,5,Active
Frozen Fruits Regular,,,,,,,,,Frozen Foods,Frozen Fruits,Frozen Fruits Regular,Store Brand,FF-FF-FFR-SB-01582,,Frozen Fruits Regular in Frozen Foods > Frozen Fruits. Simple product for Zephrant ERP import; one internal Default variant will be created.,Piece,Carton,12,3600,350,400,0,0,5,Active
Frozen Fruits Regular,,,,,,,,,Frozen Foods,Frozen Fruits,Frozen Fruits Regular,Local Brand,FF-FF-FFR-LB-01583,,Frozen Fruits Regular in Frozen Foods > Frozen Fruits. Simple product for Zephrant ERP import; one internal Default variant will be created.,Piece,Carton,12,3600,350,400,0,0,5,Active
Frozen Fruits Regular,,,,,,,,,Frozen Foods,Frozen Fruits,Frozen Fruits Regular,Imported Brand,FF-FF-FFR-IB-01584,,Frozen Fruits Regular in Frozen Foods > Frozen Fruits. Simple product for Zephrant ERP import; one internal Default variant will be created.,Piece,Carton,12,3600,350,400,0,0,5,Active
Frozen Fruits Premium,,,,,,,,,Frozen Foods,Frozen Fruits,Frozen Fruits Premium,Store Brand,FF-FF-FFP-SB-01585,,Frozen Fruits Premium in Frozen Foods > Frozen Fruits. Simple product for Zephrant ERP import; one internal Default variant will be created.,Piece,Carton,12,3600,350,400,0,0,5,Active
Frozen Fruits Premium,,,,,,,,,Frozen Foods,Frozen Fruits,Frozen Fruits Premium,Local Brand,FF-FF-FFP-LB-01586,,Frozen Fruits Premium in Frozen Foods > Frozen Fruits. Simple product for Zephrant ERP import; one internal Default variant will be created.,Piece,Carton,12,3600,350,400,0,0,5,Active
Frozen Fruits Premium,,,,,,,,,Frozen Foods,Frozen Fruits,Frozen Fruits Premium,Imported Brand,FF-FF-FFP-IB-01587,,Frozen Fruits Premium in Frozen Foods > Frozen Fruits. Simple product for Zephrant ERP import; one internal Default variant will be created.,Piece,Carton,12,3600,350,400,0,0,5,Active
Walls Ice Cream,,,,,,,,,Frozen Foods,Ice Cream,Ice Cream,Walls,FF-IC-IC-WALL-01588,,Walls Ice Cream in Frozen Foods > Ice Cream. Simple product for Zephrant ERP import; one internal Default variant will be created.,Piece,Carton,12,3600,350,400,0,0,5,Active
Omore Ice Cream,,,,,,,,,Frozen Foods,Ice Cream,Ice Cream,Omore,FF-IC-IC-OMOR-01589,,Omore Ice Cream in Frozen Foods > Ice Cream. Simple product for Zephrant ERP import; one internal Default variant will be created.,Piece,Carton,12,3600,350,400,0,0,5,Active
Hico Ice Cream,,,,,,,,,Frozen Foods,Ice Cream,Ice Cream,Hico,FF-IC-IC-HICO-01590,,Hico Ice Cream in Frozen Foods > Ice Cream. Simple product for Zephrant ERP import; one internal Default variant will be created.,Piece,Carton,12,3600,350,400,0,0,5,Active
Igloo Ice Cream,,,,,,,,,Frozen Foods,Ice Cream,Ice Cream,Igloo,FF-IC-IC-IGLO-01591,,Igloo Ice Cream in Frozen Foods > Ice Cream. Simple product for Zephrant ERP import; one internal Default variant will be created.,Piece,Carton,12,3600,350,400,0,0,5,Active
Walls Ice Cream Regular,,,,,,,,,Frozen Foods,Ice Cream,Ice Cream Regular,Walls,FF-IC-ICR-WALL-01592,,Walls Ice Cream Regular in Frozen Foods > Ice Cream. Simple product for Zephrant ERP import; one internal Default variant will be created.,Piece,Carton,12,3600,350,400,0,0,5,Active
Omore Ice Cream Regular,,,,,,,,,Frozen Foods,Ice Cream,Ice Cream Regular,Omore,FF-IC-ICR-OMOR-01593,,Omore Ice Cream Regular in Frozen Foods > Ice Cream. Simple product for Zephrant ERP import; one internal Default variant will be created.,Piece,Carton,12,3600,350,400,0,0,5,Active
Hico Ice Cream Regular,,,,,,,,,Frozen Foods,Ice Cream,Ice Cream Regular,Hico,FF-IC-ICR-HICO-01594,,Hico Ice Cream Regular in Frozen Foods > Ice Cream. Simple product for Zephrant ERP import; one internal Default variant will be created.,Piece,Carton,12,3600,350,400,0,0,5,Active
Igloo Ice Cream Regular,,,,,,,,,Frozen Foods,Ice Cream,Ice Cream Regular,Igloo,FF-IC-ICR-IGLO-01595,,Igloo Ice Cream Regular in Frozen Foods > Ice Cream. Simple product for Zephrant ERP import; one internal Default variant will be created.,Piece,Carton,12,3600,350,400,0,0,5,Active
Walls Ice Cream Premium,,,,,,,,,Frozen Foods,Ice Cream,Ice Cream Premium,Walls,FF-IC-ICP-WALL-01596,,Walls Ice Cream Premium in Frozen Foods > Ice Cream. Simple product for Zephrant ERP import; one internal Default variant will be created.,Piece,Carton,12,3600,350,400,0,0,5,Active
Omore Ice Cream Premium,,,,,,,,,Frozen Foods,Ice Cream,Ice Cream Premium,Omore,FF-IC-ICP-OMOR-01597,,Omore Ice Cream Premium in Frozen Foods > Ice Cream. Simple product for Zephrant ERP import; one internal Default variant will be created.,Piece,Carton,12,3600,350,400,0,0,5,Active
Hico Ice Cream Premium,,,,,,,,,Frozen Foods,Ice Cream,Ice Cream Premium,Hico,FF-IC-ICP-HICO-01598,,Hico Ice Cream Premium in Frozen Foods > Ice Cream. Simple product for Zephrant ERP import; one internal Default variant will be created.,Piece,Carton,12,3600,350,400,0,0,5,Active
Igloo Ice Cream Premium,,,,,,,,,Frozen Foods,Ice Cream,Ice Cream Premium,Igloo,FF-IC-ICP-IGLO-01599,,Igloo Ice Cream Premium in Frozen Foods > Ice Cream. Simple product for Zephrant ERP import; one internal Default variant will be created.,Piece,Carton,12,3600,350,400,0,0,5,Active
Kulfa,,,,,,,,,Frozen Foods,Kulfa,Kulfa,Store Brand,FF-KULF-KULF-SB-01600,,Kulfa in Frozen Foods > Kulfa. Simple product for Zephrant ERP import; one internal Default variant will be created.,Piece,Carton,12,3600,350,400,0,0,5,Active
Kulfa,,,,,,,,,Frozen Foods,Kulfa,Kulfa,Local Brand,FF-KULF-KULF-LB-01601,,Kulfa in Frozen Foods > Kulfa. Simple product for Zephrant ERP import; one internal Default variant will be created.,Piece,Carton,12,3600,350,400,0,0,5,Active
Kulfa,,,,,,,,,Frozen Foods,Kulfa,Kulfa,Imported Brand,FF-KULF-KULF-IB-01602,,Kulfa in Frozen Foods > Kulfa. Simple product for Zephrant ERP import; one internal Default variant will be created.,Piece,Carton,12,3600,350,400,0,0,5,Active
Kulfa Regular,,,,,,,,,Frozen Foods,Kulfa,Kulfa Regular,Store Brand,FF-KULF-KR-SB-01603,,Kulfa Regular in Frozen Foods > Kulfa. Simple product for Zephrant ERP import; one internal Default variant will be created.,Piece,Carton,12,3600,350,400,0,0,5,Active
Kulfa Regular,,,,,,,,,Frozen Foods,Kulfa,Kulfa Regular,Local Brand,FF-KULF-KR-LB-01604,,Kulfa Regular in Frozen Foods > Kulfa. Simple product for Zephrant ERP import; one internal Default variant will be created.,Piece,Carton,12,3600,350,400,0,0,5,Active
Kulfa Regular,,,,,,,,,Frozen Foods,Kulfa,Kulfa Regular,Imported Brand,FF-KULF-KR-IB-01605,,Kulfa Regular in Frozen Foods > Kulfa. Simple product for Zephrant ERP import; one internal Default variant will be created.,Piece,Carton,12,3600,350,400,0,0,5,Active
Kulfa Premium,,,,,,,,,Frozen Foods,Kulfa,Kulfa Premium,Store Brand,FF-KULF-KP-SB-01606,,Kulfa Premium in Frozen Foods > Kulfa. Simple product for Zephrant ERP import; one internal Default variant will be created.,Piece,Carton,12,3600,350,400,0,0,5,Active
Kulfa Premium,,,,,,,,,Frozen Foods,Kulfa,Kulfa Premium,Local Brand,FF-KULF-KP-LB-01607,,Kulfa Premium in Frozen Foods > Kulfa. Simple product for Zephrant ERP import; one internal Default variant will be created.,Piece,Carton,12,3600,350,400,0,0,5,Active
Kulfa Premium,,,,,,,,,Frozen Foods,Kulfa,Kulfa Premium,Imported Brand,FF-KULF-KP-IB-01608,,Kulfa Premium in Frozen Foods > Kulfa. Simple product for Zephrant ERP import; one internal Default variant will be created.,Piece,Carton,12,3600,350,400,0,0,5,Active
Frozen Desserts,,,,,,,,,Frozen Foods,Frozen Desserts,Frozen Desserts,Store Brand,FF-FD-FD-SB-01609,,Frozen Desserts in Frozen Foods > Frozen Desserts. Simple product for Zephrant ERP import; one internal Default variant will be created.,Piece,Carton,12,3600,350,400,0,0,5,Active
Frozen Desserts,,,,,,,,,Frozen Foods,Frozen Desserts,Frozen Desserts,Local Brand,FF-FD-FD-LB-01610,,Frozen Desserts in Frozen Foods > Frozen Desserts. Simple product for Zephrant ERP import; one internal Default variant will be created.,Piece,Carton,12,3600,350,400,0,0,5,Active
Frozen Desserts,,,,,,,,,Frozen Foods,Frozen Desserts,Frozen Desserts,Imported Brand,FF-FD-FD-IB-01611,,Frozen Desserts in Frozen Foods > Frozen Desserts. Simple product for Zephrant ERP import; one internal Default variant will be created.,Piece,Carton,12,3600,350,400,0,0,5,Active
Frozen Desserts Regular,,,,,,,,,Frozen Foods,Frozen Desserts,Frozen Desserts Regular,Store Brand,FF-FD-FDR-SB-01612,,Frozen Desserts Regular in Frozen Foods > Frozen Desserts. Simple product for Zephrant ERP import; one internal Default variant will be created.,Piece,Carton,12,3600,350,400,0,0,5,Active
Frozen Desserts Regular,,,,,,,,,Frozen Foods,Frozen Desserts,Frozen Desserts Regular,Local Brand,FF-FD-FDR-LB-01613,,Frozen Desserts Regular in Frozen Foods > Frozen Desserts. Simple product for Zephrant ERP import; one internal Default variant will be created.,Piece,Carton,12,3600,350,400,0,0,5,Active
Frozen Desserts Regular,,,,,,,,,Frozen Foods,Frozen Desserts,Frozen Desserts Regular,Imported Brand,FF-FD-FDR-IB-01614,,Frozen Desserts Regular in Frozen Foods > Frozen Desserts. Simple product for Zephrant ERP import; one internal Default variant will be created.,Piece,Carton,12,3600,350,400,0,0,5,Active
Frozen Desserts Premium,,,,,,,,,Frozen Foods,Frozen Desserts,Frozen Desserts Premium,Store Brand,FF-FD-FDP-SB-01615,,Frozen Desserts Premium in Frozen Foods > Frozen Desserts. Simple product for Zephrant ERP import; one internal Default variant will be created.,Piece,Carton,12,3600,350,400,0,0,5,Active
Frozen Desserts Premium,,,,,,,,,Frozen Foods,Frozen Desserts,Frozen Desserts Premium,Local Brand,FF-FD-FDP-LB-01616,,Frozen Desserts Premium in Frozen Foods > Frozen Desserts. Simple product for Zephrant ERP import; one internal Default variant will be created.,Piece,Carton,12,3600,350,400,0,0,5,Active
Frozen Desserts Premium,,,,,,,,,Frozen Foods,Frozen Desserts,Frozen Desserts Premium,Imported Brand,FF-FD-FDP-IB-01617,,Frozen Desserts Premium in Frozen Foods > Frozen Desserts. Simple product for Zephrant ERP import; one internal Default variant will be created.,Piece,Carton,12,3600,350,400,0,0,5,Active
Dawn Bread,,,,,,,,,Bakery,Bread,Bread,Dawn,BAK-BREA-BREA-DAWN-01618,,Dawn Bread in Bakery > Bread. Simple product for Zephrant ERP import; one internal Default variant will be created.,Piece,Carton,12,3600,350,400,0,0,5,Active
Bake Parlor Bread,,,,,,,,,Bakery,Bread,Bread,Bake Parlor,BAK-BREA-BREA-BP-01619,,Bake Parlor Bread in Bakery > Bread. Simple product for Zephrant ERP import; one internal Default variant will be created.,Piece,Carton,12,3600,350,400,0,0,5,Active
United King Bread,,,,,,,,,Bakery,Bread,Bread,United King,BAK-BREA-BREA-UK-01620,,United King Bread in Bakery > Bread. Simple product for Zephrant ERP import; one internal Default variant will be created.,Piece,Carton,12,3600,350,400,0,0,5,Active
Bread,,,,,,,,,Bakery,Bread,Bread,Local Bakery,BAK-BREA-BREA-LB-01621,,Bread in Bakery > Bread. Simple product for Zephrant ERP import; one internal Default variant will be created.,Piece,Carton,12,3600,350,400,0,0,5,Active
Dawn Bread Regular,,,,,,,,,Bakery,Bread,Bread Regular,Dawn,BAK-BREA-BR-DAWN-01622,,Dawn Bread Regular in Bakery > Bread. Simple product for Zephrant ERP import; one internal Default variant will be created.,Piece,Carton,12,3600,350,400,0,0,5,Active
Bake Parlor Bread Regular,,,,,,,,,Bakery,Bread,Bread Regular,Bake Parlor,BAK-BREA-BR-BP-01623,,Bake Parlor Bread Regular in Bakery > Bread. Simple product for Zephrant ERP import; one internal Default variant will be created.,Piece,Carton,12,3600,350,400,0,0,5,Active
United King Bread Regular,,,,,,,,,Bakery,Bread,Bread Regular,United King,BAK-BREA-BR-UK-01624,,United King Bread Regular in Bakery > Bread. Simple product for Zephrant ERP import; one internal Default variant will be created.,Piece,Carton,12,3600,350,400,0,0,5,Active
Bread Regular,,,,,,,,,Bakery,Bread,Bread Regular,Local Bakery,BAK-BREA-BR-LB-01625,,Bread Regular in Bakery > Bread. Simple product for Zephrant ERP import; one internal Default variant will be created.,Piece,Carton,12,3600,350,400,0,0,5,Active
Dawn Bread Premium,,,,,,,,,Bakery,Bread,Bread Premium,Dawn,BAK-BREA-BP-DAWN-01626,,Dawn Bread Premium in Bakery > Bread. Simple product for Zephrant ERP import; one internal Default variant will be created.,Piece,Carton,12,3600,350,400,0,0,5,Active
Bake Parlor Bread Premium,,,,,,,,,Bakery,Bread,Bread Premium,Bake Parlor,BAK-BREA-BP-BP-01627,,Bake Parlor Bread Premium in Bakery > Bread. Simple product for Zephrant ERP import; one internal Default variant will be created.,Piece,Carton,12,3600,350,400,0,0,5,Active
United King Bread Premium,,,,,,,,,Bakery,Bread,Bread Premium,United King,BAK-BREA-BP-UK-01628,,United King Bread Premium in Bakery > Bread. Simple product for Zephrant ERP import; one internal Default variant will be created.,Piece,Carton,12,3600,350,400,0,0,5,Active
Bread Premium,,,,,,,,,Bakery,Bread,Bread Premium,Local Bakery,BAK-BREA-BP-LB-01629,,Bread Premium in Bakery > Bread. Simple product for Zephrant ERP import; one internal Default variant will be created.,Piece,Carton,12,3600,350,400,0,0,5,Active
Dawn Buns,,,,,,,,,Bakery,Buns,Buns,Dawn,BAK-BUNS-BUNS-DAWN-01630,,Dawn Buns in Bakery > Buns. Simple product for Zephrant ERP import; one internal Default variant will be created.,Piece,Carton,12,3600,350,400,0,0,5,Active
Bake Parlor Buns,,,,,,,,,Bakery,Buns,Buns,Bake Parlor,BAK-BUNS-BUNS-BP-01631,,Bake Parlor Buns in Bakery > Buns. Simple product for Zephrant ERP import; one internal Default variant will be created.,Piece,Carton,12,3600,350,400,0,0,5,Active
Buns,,,,,,,,,Bakery,Buns,Buns,Local Bakery,BAK-BUNS-BUNS-LB-01632,,Buns in Bakery > Buns. Simple product for Zephrant ERP import; one internal Default variant will be created.,Piece,Carton,12,3600,350,400,0,0,5,Active
Dawn Buns Regular,,,,,,,,,Bakery,Buns,Buns Regular,Dawn,BAK-BUNS-BR-DAWN-01633,,Dawn Buns Regular in Bakery > Buns. Simple product for Zephrant ERP import; one internal Default variant will be created.,Piece,Carton,12,3600,350,400,0,0,5,Active
Bake Parlor Buns Regular,,,,,,,,,Bakery,Buns,Buns Regular,Bake Parlor,BAK-BUNS-BR-BP-01634,,Bake Parlor Buns Regular in Bakery > Buns. Simple product for Zephrant ERP import; one internal Default variant will be created.,Piece,Carton,12,3600,350,400,0,0,5,Active
Buns Regular,,,,,,,,,Bakery,Buns,Buns Regular,Local Bakery,BAK-BUNS-BR-LB-01635,,Buns Regular in Bakery > Buns. Simple product for Zephrant ERP import; one internal Default variant will be created.,Piece,Carton,12,3600,350,400,0,0,5,Active
Dawn Buns Premium,,,,,,,,,Bakery,Buns,Buns Premium,Dawn,BAK-BUNS-BP-DAWN-01636,,Dawn Buns Premium in Bakery > Buns. Simple product for Zephrant ERP import; one internal Default variant will be created.,Piece,Carton,12,3600,350,400,0,0,5,Active
Bake Parlor Buns Premium,,,,,,,,,Bakery,Buns,Buns Premium,Bake Parlor,BAK-BUNS-BP-BP-01637,,Bake Parlor Buns Premium in Bakery > Buns. Simple product for Zephrant ERP import; one internal Default variant will be created.,Piece,Carton,12,3600,350,400,0,0,5,Active
Buns Premium,,,,,,,,,Bakery,Buns,Buns Premium,Local Bakery,BAK-BUNS-BP-LB-01638,,Buns Premium in Bakery > Buns. Simple product for Zephrant ERP import; one internal Default variant will be created.,Piece,Carton,12,3600,350,400,0,0,5,Active
CupKake Cakes,,,,,,,,,Bakery,Cakes,Cakes,CupKake,BAK-CAKE-CAKE-CUPK-01639,,CupKake Cakes in Bakery > Cakes. Simple product for Zephrant ERP import; one internal Default variant will be created.,Piece,Box,24,1200,70,80,0,0,10,Active
Bake Parlor Cakes,,,,,,,,,Bakery,Cakes,Cakes,Bake Parlor,BAK-CAKE-CAKE-BP-01640,,Bake Parlor Cakes in Bakery > Cakes. Simple product for Zephrant ERP import; one internal Default variant will be created.,Piece,Box,24,1200,70,80,0,0,10,Active
Peek Freans Cakes,,,,,,,,,Bakery,Cakes,Cakes,Peek Freans,BAK-CAKE-CAKE-PF-01641,,Peek Freans Cakes in Bakery > Cakes. Simple product for Zephrant ERP import; one internal Default variant will be created.,Piece,Box,24,1200,70,80,0,0,10,Active
Cakes,,,,,,,,,Bakery,Cakes,Cakes,Store Brand,BAK-CAKE-CAKE-SB-01642,,Cakes in Bakery > Cakes. Simple product for Zephrant ERP import; one internal Default variant will be created.,Piece,Box,24,1200,70,80,0,0,10,Active
CupKake Cakes Regular,,,,,,,,,Bakery,Cakes,Cakes Regular,CupKake,BAK-CAKE-CR-CUPK-01643,,CupKake Cakes Regular in Bakery > Cakes. Simple product for Zephrant ERP import; one internal Default variant will be created.,Piece,Box,24,1200,70,80,0,0,10,Active
Bake Parlor Cakes Regular,,,,,,,,,Bakery,Cakes,Cakes Regular,Bake Parlor,BAK-CAKE-CR-BP-01644,,Bake Parlor Cakes Regular in Bakery > Cakes. Simple product for Zephrant ERP import; one internal Default variant will be created.,Piece,Box,24,1200,70,80,0,0,10,Active
Peek Freans Cakes Regular,,,,,,,,,Bakery,Cakes,Cakes Regular,Peek Freans,BAK-CAKE-CR-PF-01645,,Peek Freans Cakes Regular in Bakery > Cakes. Simple product for Zephrant ERP import; one internal Default variant will be created.,Piece,Box,24,1200,70,80,0,0,10,Active
Cakes Regular,,,,,,,,,Bakery,Cakes,Cakes Regular,Store Brand,BAK-CAKE-CR-SB-01646,,Cakes Regular in Bakery > Cakes. Simple product for Zephrant ERP import; one internal Default variant will be created.,Piece,Box,24,1200,70,80,0,0,10,Active
CupKake Cakes Premium,,,,,,,,,Bakery,Cakes,Cakes Premium,CupKake,BAK-CAKE-CP-CUPK-01647,,CupKake Cakes Premium in Bakery > Cakes. Simple product for Zephrant ERP import; one internal Default variant will be created.,Piece,Box,24,1200,70,80,0,0,10,Active
Bake Parlor Cakes Premium,,,,,,,,,Bakery,Cakes,Cakes Premium,Bake Parlor,BAK-CAKE-CP-BP-01648,,Bake Parlor Cakes Premium in Bakery > Cakes. Simple product for Zephrant ERP import; one internal Default variant will be created.,Piece,Box,24,1200,70,80,0,0,10,Active
Peek Freans Cakes Premium,,,,,,,,,Bakery,Cakes,Cakes Premium,Peek Freans,BAK-CAKE-CP-PF-01649,,Peek Freans Cakes Premium in Bakery > Cakes. Simple product for Zephrant ERP import; one internal Default variant will be created.,Piece,Box,24,1200,70,80,0,0,10,Active
Cakes Premium,,,,,,,,,Bakery,Cakes,Cakes Premium,Store Brand,BAK-CAKE-CP-SB-01650,,Cakes Premium in Bakery > Cakes. Simple product for Zephrant ERP import; one internal Default variant will be created.,Piece,Box,24,1200,70,80,0,0,10,Active
Cupcakes,,,,,,,,,Bakery,Cupcakes,Cupcakes,Store Brand,BAK-CUPC-CUPC-SB-01651,,Cupcakes in Bakery > Cupcakes. Simple product for Zephrant ERP import; one internal Default variant will be created.,Piece,Box,24,1200,70,80,0,0,10,Active
Cupcakes,,,,,,,,,Bakery,Cupcakes,Cupcakes,Local Brand,BAK-CUPC-CUPC-LB-01652,,Cupcakes in Bakery > Cupcakes. Simple product for Zephrant ERP import; one internal Default variant will be created.,Piece,Box,24,1200,70,80,0,0,10,Active
Cupcakes,,,,,,,,,Bakery,Cupcakes,Cupcakes,Imported Brand,BAK-CUPC-CUPC-IB-01653,,Cupcakes in Bakery > Cupcakes. Simple product for Zephrant ERP import; one internal Default variant will be created.,Piece,Box,24,1200,70,80,0,0,10,Active
Cupcakes Regular,,,,,,,,,Bakery,Cupcakes,Cupcakes Regular,Store Brand,BAK-CUPC-CR-SB-01654,,Cupcakes Regular in Bakery > Cupcakes. Simple product for Zephrant ERP import; one internal Default variant will be created.,Piece,Box,24,1200,70,80,0,0,10,Active
Cupcakes Regular,,,,,,,,,Bakery,Cupcakes,Cupcakes Regular,Local Brand,BAK-CUPC-CR-LB-01655,,Cupcakes Regular in Bakery > Cupcakes. Simple product for Zephrant ERP import; one internal Default variant will be created.,Piece,Box,24,1200,70,80,0,0,10,Active
Cupcakes Regular,,,,,,,,,Bakery,Cupcakes,Cupcakes Regular,Imported Brand,BAK-CUPC-CR-IB-01656,,Cupcakes Regular in Bakery > Cupcakes. Simple product for Zephrant ERP import; one internal Default variant will be created.,Piece,Box,24,1200,70,80,0,0,10,Active
Cupcakes Premium,,,,,,,,,Bakery,Cupcakes,Cupcakes Premium,Store Brand,BAK-CUPC-CP-SB-01657,,Cupcakes Premium in Bakery > Cupcakes. Simple product for Zephrant ERP import; one internal Default variant will be created.,Piece,Box,24,1200,70,80,0,0,10,Active
Cupcakes Premium,,,,,,,,,Bakery,Cupcakes,Cupcakes Premium,Local Brand,BAK-CUPC-CP-LB-01658,,Cupcakes Premium in Bakery > Cupcakes. Simple product for Zephrant ERP import; one internal Default variant will be created.,Piece,Box,24,1200,70,80,0,0,10,Active
Cupcakes Premium,,,,,,,,,Bakery,Cupcakes,Cupcakes Premium,Imported Brand,BAK-CUPC-CP-IB-01659,,Cupcakes Premium in Bakery > Cupcakes. Simple product for Zephrant ERP import; one internal Default variant will be created.,Piece,Box,24,1200,70,80,0,0,10,Active
Pastries,,,,,,,,,Bakery,Pastries,Pastries,Store Brand,BAK-PAST-PAST-SB-01660,,Pastries in Bakery > Pastries. Simple product for Zephrant ERP import; one internal Default variant will be created.,Piece,Carton,12,3600,350,400,0,0,5,Active
Pastries,,,,,,,,,Bakery,Pastries,Pastries,Local Brand,BAK-PAST-PAST-LB-01661,,Pastries in Bakery > Pastries. Simple product for Zephrant ERP import; one internal Default variant will be created.,Piece,Carton,12,3600,350,400,0,0,5,Active
Pastries,,,,,,,,,Bakery,Pastries,Pastries,Imported Brand,BAK-PAST-PAST-IB-01662,,Pastries in Bakery > Pastries. Simple product for Zephrant ERP import; one internal Default variant will be created.,Piece,Carton,12,3600,350,400,0,0,5,Active
Pastries Regular,,,,,,,,,Bakery,Pastries,Pastries Regular,Store Brand,BAK-PAST-PR-SB-01663,,Pastries Regular in Bakery > Pastries. Simple product for Zephrant ERP import; one internal Default variant will be created.,Piece,Carton,12,3600,350,400,0,0,5,Active
Pastries Regular,,,,,,,,,Bakery,Pastries,Pastries Regular,Local Brand,BAK-PAST-PR-LB-01664,,Pastries Regular in Bakery > Pastries. Simple product for Zephrant ERP import; one internal Default variant will be created.,Piece,Carton,12,3600,350,400,0,0,5,Active
Pastries Regular,,,,,,,,,Bakery,Pastries,Pastries Regular,Imported Brand,BAK-PAST-PR-IB-01665,,Pastries Regular in Bakery > Pastries. Simple product for Zephrant ERP import; one internal Default variant will be created.,Piece,Carton,12,3600,350,400,0,0,5,Active
Pastries Premium,,,,,,,,,Bakery,Pastries,Pastries Premium,Store Brand,BAK-PAST-PP-SB-01666,,Pastries Premium in Bakery > Pastries. Simple product for Zephrant ERP import; one internal Default variant will be created.,Piece,Carton,12,3600,350,400,0,0,5,Active
Pastries Premium,,,,,,,,,Bakery,Pastries,Pastries Premium,Local Brand,BAK-PAST-PP-LB-01667,,Pastries Premium in Bakery > Pastries. Simple product for Zephrant ERP import; one internal Default variant will be created.,Piece,Carton,12,3600,350,400,0,0,5,Active
Pastries Premium,,,,,,,,,Bakery,Pastries,Pastries Premium,Imported Brand,BAK-PAST-PP-IB-01668,,Pastries Premium in Bakery > Pastries. Simple product for Zephrant ERP import; one internal Default variant will be created.,Piece,Carton,12,3600,350,400,0,0,5,Active
Donuts,,,,,,,,,Bakery,Donuts,Donuts,Store Brand,BAK-DONU-DONU-SB-01669,,Donuts in Bakery > Donuts. Simple product for Zephrant ERP import; one internal Default variant will be created.,Piece,Carton,12,3600,350,400,0,0,5,Active
Donuts,,,,,,,,,Bakery,Donuts,Donuts,Local Brand,BAK-DONU-DONU-LB-01670,,Donuts in Bakery > Donuts. Simple product for Zephrant ERP import; one internal Default variant will be created.,Piece,Carton,12,3600,350,400,0,0,5,Active
Donuts,,,,,,,,,Bakery,Donuts,Donuts,Imported Brand,BAK-DONU-DONU-IB-01671,,Donuts in Bakery > Donuts. Simple product for Zephrant ERP import; one internal Default variant will be created.,Piece,Carton,12,3600,350,400,0,0,5,Active
Donuts Regular,,,,,,,,,Bakery,Donuts,Donuts Regular,Store Brand,BAK-DONU-DR-SB-01672,,Donuts Regular in Bakery > Donuts. Simple product for Zephrant ERP import; one internal Default variant will be created.,Piece,Carton,12,3600,350,400,0,0,5,Active
Donuts Regular,,,,,,,,,Bakery,Donuts,Donuts Regular,Local Brand,BAK-DONU-DR-LB-01673,,Donuts Regular in Bakery > Donuts. Simple product for Zephrant ERP import; one internal Default variant will be created.,Piece,Carton,12,3600,350,400,0,0,5,Active
Donuts Regular,,,,,,,,,Bakery,Donuts,Donuts Regular,Imported Brand,BAK-DONU-DR-IB-01674,,Donuts Regular in Bakery > Donuts. Simple product for Zephrant ERP import; one internal Default variant will be created.,Piece,Carton,12,3600,350,400,0,0,5,Active
Donuts Premium,,,,,,,,,Bakery,Donuts,Donuts Premium,Store Brand,BAK-DONU-DP-SB-01675,,Donuts Premium in Bakery > Donuts. Simple product for Zephrant ERP import; one internal Default variant will be created.,Piece,Carton,12,3600,350,400,0,0,5,Active
Donuts Premium,,,,,,,,,Bakery,Donuts,Donuts Premium,Local Brand,BAK-DONU-DP-LB-01676,,Donuts Premium in Bakery > Donuts. Simple product for Zephrant ERP import; one internal Default variant will be created.,Piece,Carton,12,3600,350,400,0,0,5,Active
Donuts Premium,,,,,,,,,Bakery,Donuts,Donuts Premium,Imported Brand,BAK-DONU-DP-IB-01677,,Donuts Premium in Bakery > Donuts. Simple product for Zephrant ERP import; one internal Default variant will be created.,Piece,Carton,12,3600,350,400,0,0,5,Active
Peek Freans Cookies,,,,,,,,,Bakery,Cookies,Cookies,Peek Freans,BAK-COOK-COOK-PF-01678,,Peek Freans Cookies in Bakery > Cookies. Simple product for Zephrant ERP import; one internal Default variant will be created.,Piece,Carton,12,3600,350,400,0,0,5,Active
LU Cookies,,,,,,,,,Bakery,Cookies,Cookies,LU,BAK-COOK-COOK-LU-01679,,LU Cookies in Bakery > Cookies. Simple product for Zephrant ERP import; one internal Default variant will be created.,Piece,Carton,12,3600,350,400,0,0,5,Active
Bisconni Cookies,,,,,,,,,Bakery,Cookies,Cookies,Bisconni,BAK-COOK-COOK-BISC-01680,,Bisconni Cookies in Bakery > Cookies. Simple product for Zephrant ERP import; one internal Default variant will be created.,Piece,Carton,12,3600,350,400,0,0,5,Active
EBM Cookies,,,,,,,,,Bakery,Cookies,Cookies,EBM,BAK-COOK-COOK-EBM-01681,,EBM Cookies in Bakery > Cookies. Simple product for Zephrant ERP import; one internal Default variant will be created.,Piece,Carton,12,3600,350,400,0,0,5,Active
Peek Freans Cookies Regular,,,,,,,,,Bakery,Cookies,Cookies Regular,Peek Freans,BAK-COOK-CR-PF-01682,,Peek Freans Cookies Regular in Bakery > Cookies. Simple product for Zephrant ERP import; one internal Default variant will be created.,Piece,Carton,12,3600,350,400,0,0,5,Active
LU Cookies Regular,,,,,,,,,Bakery,Cookies,Cookies Regular,LU,BAK-COOK-CR-LU-01683,,LU Cookies Regular in Bakery > Cookies. Simple product for Zephrant ERP import; one internal Default variant will be created.,Piece,Carton,12,3600,350,400,0,0,5,Active
Bisconni Cookies Regular,,,,,,,,,Bakery,Cookies,Cookies Regular,Bisconni,BAK-COOK-CR-BISC-01684,,Bisconni Cookies Regular in Bakery > Cookies. Simple product for Zephrant ERP import; one internal Default variant will be created.,Piece,Carton,12,3600,350,400,0,0,5,Active
EBM Cookies Regular,,,,,,,,,Bakery,Cookies,Cookies Regular,EBM,BAK-COOK-CR-EBM-01685,,EBM Cookies Regular in Bakery > Cookies. Simple product for Zephrant ERP import; one internal Default variant will be created.,Piece,Carton,12,3600,350,400,0,0,5,Active
Peek Freans Cookies Premium,,,,,,,,,Bakery,Cookies,Cookies Premium,Peek Freans,BAK-COOK-CP-PF-01686,,Peek Freans Cookies Premium in Bakery > Cookies. Simple product for Zephrant ERP import; one internal Default variant will be created.,Piece,Carton,12,3600,350,400,0,0,5,Active
LU Cookies Premium,,,,,,,,,Bakery,Cookies,Cookies Premium,LU,BAK-COOK-CP-LU-01687,,LU Cookies Premium in Bakery > Cookies. Simple product for Zephrant ERP import; one internal Default variant will be created.,Piece,Carton,12,3600,350,400,0,0,5,Active
Bisconni Cookies Premium,,,,,,,,,Bakery,Cookies,Cookies Premium,Bisconni,BAK-COOK-CP-BISC-01688,,Bisconni Cookies Premium in Bakery > Cookies. Simple product for Zephrant ERP import; one internal Default variant will be created.,Piece,Carton,12,3600,350,400,0,0,5,Active
EBM Cookies Premium,,,,,,,,,Bakery,Cookies,Cookies Premium,EBM,BAK-COOK-CP-EBM-01689,,EBM Cookies Premium in Bakery > Cookies. Simple product for Zephrant ERP import; one internal Default variant will be created.,Piece,Carton,12,3600,350,400,0,0,5,Active
Bake Parlor Rusks,,,,,,,,,Bakery,Rusks,Rusks,Bake Parlor,BAK-RUSK-RUSK-BP-01690,,Bake Parlor Rusks in Bakery > Rusks. Simple product for Zephrant ERP import; one internal Default variant will be created.,Piece,Box,24,1200,70,80,0,0,10,Active
Peek Freans Rusks,,,,,,,,,Bakery,Rusks,Rusks,Peek Freans,BAK-RUSK-RUSK-PF-01691,,Peek Freans Rusks in Bakery > Rusks. Simple product for Zephrant ERP import; one internal Default variant will be created.,Piece,Box,24,1200,70,80,0,0,10,Active
United King Rusks,,,,,,,,,Bakery,Rusks,Rusks,United King,BAK-RUSK-RUSK-UK-01692,,United King Rusks in Bakery > Rusks. Simple product for Zephrant ERP import; one internal Default variant will be created.,Piece,Box,24,1200,70,80,0,0,10,Active
Rusks,,,,,,,,,Bakery,Rusks,Rusks,Store Brand,BAK-RUSK-RUSK-SB-01693,,Rusks in Bakery > Rusks. Simple product for Zephrant ERP import; one internal Default variant will be created.,Piece,Box,24,1200,70,80,0,0,10,Active
Bake Parlor Rusks Regular,,,,,,,,,Bakery,Rusks,Rusks Regular,Bake Parlor,BAK-RUSK-RR-BP-01694,,Bake Parlor Rusks Regular in Bakery > Rusks. Simple product for Zephrant ERP import; one internal Default variant will be created.,Piece,Box,24,1200,70,80,0,0,10,Active
Peek Freans Rusks Regular,,,,,,,,,Bakery,Rusks,Rusks Regular,Peek Freans,BAK-RUSK-RR-PF-01695,,Peek Freans Rusks Regular in Bakery > Rusks. Simple product for Zephrant ERP import; one internal Default variant will be created.,Piece,Box,24,1200,70,80,0,0,10,Active
United King Rusks Regular,,,,,,,,,Bakery,Rusks,Rusks Regular,United King,BAK-RUSK-RR-UK-01696,,United King Rusks Regular in Bakery > Rusks. Simple product for Zephrant ERP import; one internal Default variant will be created.,Piece,Box,24,1200,70,80,0,0,10,Active
Rusks Regular,,,,,,,,,Bakery,Rusks,Rusks Regular,Store Brand,BAK-RUSK-RR-SB-01697,,Rusks Regular in Bakery > Rusks. Simple product for Zephrant ERP import; one internal Default variant will be created.,Piece,Box,24,1200,70,80,0,0,10,Active
Bake Parlor Rusks Premium,,,,,,,,,Bakery,Rusks,Rusks Premium,Bake Parlor,BAK-RUSK-RP-BP-01698,,Bake Parlor Rusks Premium in Bakery > Rusks. Simple product for Zephrant ERP import; one internal Default variant will be created.,Piece,Box,24,1200,70,80,0,0,10,Active
Peek Freans Rusks Premium,,,,,,,,,Bakery,Rusks,Rusks Premium,Peek Freans,BAK-RUSK-RP-PF-01699,,Peek Freans Rusks Premium in Bakery > Rusks. Simple product for Zephrant ERP import; one internal Default variant will be created.,Piece,Box,24,1200,70,80,0,0,10,Active
United King Rusks Premium,,,,,,,,,Bakery,Rusks,Rusks Premium,United King,BAK-RUSK-RP-UK-01700,,United King Rusks Premium in Bakery > Rusks. Simple product for Zephrant ERP import; one internal Default variant will be created.,Piece,Box,24,1200,70,80,0,0,10,Active
Rusks Premium,,,,,,,,,Bakery,Rusks,Rusks Premium,Store Brand,BAK-RUSK-RP-SB-01701,,Rusks Premium in Bakery > Rusks. Simple product for Zephrant ERP import; one internal Default variant will be created.,Piece,Box,24,1200,70,80,0,0,10,Active
Bakery Snacks,,,,,,,,,Bakery,Bakery Snacks,Bakery Snacks,Store Brand,BAK-BS-BS-SB-01702,,Bakery Snacks in Bakery > Bakery Snacks. Simple product for Zephrant ERP import; one internal Default variant will be created.,Piece,Box,24,1200,70,80,0,0,10,Active
Bakery Snacks,,,,,,,,,Bakery,Bakery Snacks,Bakery Snacks,Local Brand,BAK-BS-BS-LB-01703,,Bakery Snacks in Bakery > Bakery Snacks. Simple product for Zephrant ERP import; one internal Default variant will be created.,Piece,Box,24,1200,70,80,0,0,10,Active
Bakery Snacks,,,,,,,,,Bakery,Bakery Snacks,Bakery Snacks,Imported Brand,BAK-BS-BS-IB-01704,,Bakery Snacks in Bakery > Bakery Snacks. Simple product for Zephrant ERP import; one internal Default variant will be created.,Piece,Box,24,1200,70,80,0,0,10,Active
Bakery Snacks Regular,,,,,,,,,Bakery,Bakery Snacks,Bakery Snacks Regular,Store Brand,BAK-BS-BSR-SB-01705,,Bakery Snacks Regular in Bakery > Bakery Snacks. Simple product for Zephrant ERP import; one internal Default variant will be created.,Piece,Box,24,1200,70,80,0,0,10,Active
Bakery Snacks Regular,,,,,,,,,Bakery,Bakery Snacks,Bakery Snacks Regular,Local Brand,BAK-BS-BSR-LB-01706,,Bakery Snacks Regular in Bakery > Bakery Snacks. Simple product for Zephrant ERP import; one internal Default variant will be created.,Piece,Box,24,1200,70,80,0,0,10,Active
Bakery Snacks Regular,,,,,,,,,Bakery,Bakery Snacks,Bakery Snacks Regular,Imported Brand,BAK-BS-BSR-IB-01707,,Bakery Snacks Regular in Bakery > Bakery Snacks. Simple product for Zephrant ERP import; one internal Default variant will be created.,Piece,Box,24,1200,70,80,0,0,10,Active
Bakery Snacks Premium,,,,,,,,,Bakery,Bakery Snacks,Bakery Snacks Premium,Store Brand,BAK-BS-BSP-SB-01708,,Bakery Snacks Premium in Bakery > Bakery Snacks. Simple product for Zephrant ERP import; one internal Default variant will be created.,Piece,Box,24,1200,70,80,0,0,10,Active
Bakery Snacks Premium,,,,,,,,,Bakery,Bakery Snacks,Bakery Snacks Premium,Local Brand,BAK-BS-BSP-LB-01709,,Bakery Snacks Premium in Bakery > Bakery Snacks. Simple product for Zephrant ERP import; one internal Default variant will be created.,Piece,Box,24,1200,70,80,0,0,10,Active
Bakery Snacks Premium,,,,,,,,,Bakery,Bakery Snacks,Bakery Snacks Premium,Imported Brand,BAK-BS-BSP-IB-01710,,Bakery Snacks Premium in Bakery > Bakery Snacks. Simple product for Zephrant ERP import; one internal Default variant will be created.,Piece,Box,24,1200,70,80,0,0,10,Active
Bakery Desserts,,,,,,,,,Bakery,Bakery Desserts,Bakery Desserts,Store Brand,BAK-BD-BD-SB-01711,,Bakery Desserts in Bakery > Bakery Desserts. Simple product for Zephrant ERP import; one internal Default variant will be created.,Piece,Carton,12,3600,350,400,0,0,5,Active
Bakery Desserts,,,,,,,,,Bakery,Bakery Desserts,Bakery Desserts,Local Brand,BAK-BD-BD-LB-01712,,Bakery Desserts in Bakery > Bakery Desserts. Simple product for Zephrant ERP import; one internal Default variant will be created.,Piece,Carton,12,3600,350,400,0,0,5,Active
Bakery Desserts,,,,,,,,,Bakery,Bakery Desserts,Bakery Desserts,Imported Brand,BAK-BD-BD-IB-01713,,Bakery Desserts in Bakery > Bakery Desserts. Simple product for Zephrant ERP import; one internal Default variant will be created.,Piece,Carton,12,3600,350,400,0,0,5,Active
Bakery Desserts Regular,,,,,,,,,Bakery,Bakery Desserts,Bakery Desserts Regular,Store Brand,BAK-BD-BDR-SB-01714,,Bakery Desserts Regular in Bakery > Bakery Desserts. Simple product for Zephrant ERP import; one internal Default variant will be created.,Piece,Carton,12,3600,350,400,0,0,5,Active
Bakery Desserts Regular,,,,,,,,,Bakery,Bakery Desserts,Bakery Desserts Regular,Local Brand,BAK-BD-BDR-LB-01715,,Bakery Desserts Regular in Bakery > Bakery Desserts. Simple product for Zephrant ERP import; one internal Default variant will be created.,Piece,Carton,12,3600,350,400,0,0,5,Active
Bakery Desserts Regular,,,,,,,,,Bakery,Bakery Desserts,Bakery Desserts Regular,Imported Brand,BAK-BD-BDR-IB-01716,,Bakery Desserts Regular in Bakery > Bakery Desserts. Simple product for Zephrant ERP import; one internal Default variant will be created.,Piece,Carton,12,3600,350,400,0,0,5,Active
Bakery Desserts Premium,,,,,,,,,Bakery,Bakery Desserts,Bakery Desserts Premium,Store Brand,BAK-BD-BDP-SB-01717,,Bakery Desserts Premium in Bakery > Bakery Desserts. Simple product for Zephrant ERP import; one internal Default variant will be created.,Piece,Carton,12,3600,350,400,0,0,5,Active
Bakery Desserts Premium,,,,,,,,,Bakery,Bakery Desserts,Bakery Desserts Premium,Local Brand,BAK-BD-BDP-LB-01718,,Bakery Desserts Premium in Bakery > Bakery Desserts. Simple product for Zephrant ERP import; one internal Default variant will be created.,Piece,Carton,12,3600,350,400,0,0,5,Active
Bakery Desserts Premium,,,,,,,,,Bakery,Bakery Desserts,Bakery Desserts Premium,Imported Brand,BAK-BD-BDP-IB-01719,,Bakery Desserts Premium in Bakery > Bakery Desserts. Simple product for Zephrant ERP import; one internal Default variant will be created.,Piece,Carton,12,3600,350,400,0,0,5,Active
Specialty Bakery,,,,,,,,,Bakery,Specialty Bakery,Specialty Bakery,Store Brand,BAK-SB-SB-SB-01720,,Specialty Bakery in Bakery > Specialty Bakery. Simple product for Zephrant ERP import; one internal Default variant will be created.,Piece,Carton,12,3600,350,400,0,0,5,Active
Specialty Bakery,,,,,,,,,Bakery,Specialty Bakery,Specialty Bakery,Local Brand,BAK-SB-SB-LB-01721,,Specialty Bakery in Bakery > Specialty Bakery. Simple product for Zephrant ERP import; one internal Default variant will be created.,Piece,Carton,12,3600,350,400,0,0,5,Active
Specialty Bakery,,,,,,,,,Bakery,Specialty Bakery,Specialty Bakery,Imported Brand,BAK-SB-SB-IB-01722,,Specialty Bakery in Bakery > Specialty Bakery. Simple product for Zephrant ERP import; one internal Default variant will be created.,Piece,Carton,12,3600,350,400,0,0,5,Active
Specialty Bakery Regular,,,,,,,,,Bakery,Specialty Bakery,Specialty Bakery Regular,Store Brand,BAK-SB-SBR-SB-01723,,Specialty Bakery Regular in Bakery > Specialty Bakery. Simple product for Zephrant ERP import; one internal Default variant will be created.,Piece,Carton,12,3600,350,400,0,0,5,Active
Specialty Bakery Regular,,,,,,,,,Bakery,Specialty Bakery,Specialty Bakery Regular,Local Brand,BAK-SB-SBR-LB-01724,,Specialty Bakery Regular in Bakery > Specialty Bakery. Simple product for Zephrant ERP import; one internal Default variant will be created.,Piece,Carton,12,3600,350,400,0,0,5,Active
Specialty Bakery Regular,,,,,,,,,Bakery,Specialty Bakery,Specialty Bakery Regular,Imported Brand,BAK-SB-SBR-IB-01725,,Specialty Bakery Regular in Bakery > Specialty Bakery. Simple product for Zephrant ERP import; one internal Default variant will be created.,Piece,Carton,12,3600,350,400,0,0,5,Active
Specialty Bakery Premium,,,,,,,,,Bakery,Specialty Bakery,Specialty Bakery Premium,Store Brand,BAK-SB-SBP-SB-01726,,Specialty Bakery Premium in Bakery > Specialty Bakery. Simple product for Zephrant ERP import; one internal Default variant will be created.,Piece,Carton,12,3600,350,400,0,0,5,Active
Specialty Bakery Premium,,,,,,,,,Bakery,Specialty Bakery,Specialty Bakery Premium,Local Brand,BAK-SB-SBP-LB-01727,,Specialty Bakery Premium in Bakery > Specialty Bakery. Simple product for Zephrant ERP import; one internal Default variant will be created.,Piece,Carton,12,3600,350,400,0,0,5,Active
Specialty Bakery Premium,,,,,,,,,Bakery,Specialty Bakery,Specialty Bakery Premium,Imported Brand,BAK-SB-SBP-IB-01728,,Specialty Bakery Premium in Bakery > Specialty Bakery. Simple product for Zephrant ERP import; one internal Default variant will be created.,Piece,Carton,12,3600,350,400,0,0,5,Active
Lux Bath Soap,,,,,,,,,Personal Care,Bath Soap,Bath Soap,Lux,PC-BS-BS-LUX-01729,,Lux Bath Soap in Personal Care > Bath Soap. Simple product for Zephrant ERP import; one internal Default variant will be created.,Piece,Carton,12,6000,650,750,0,0,5,Active
Safeguard Bath Soap,,,,,,,,,Personal Care,Bath Soap,Bath Soap,Safeguard,PC-BS-BS-SAFE-01730,,Safeguard Bath Soap in Personal Care > Bath Soap. Simple product for Zephrant ERP import; one internal Default variant will be created.,Piece,Carton,12,6000,650,750,0,0,5,Active
Lifebuoy Bath Soap,,,,,,,,,Personal Care,Bath Soap,Bath Soap,Lifebuoy,PC-BS-BS-LIFE-01731,,Lifebuoy Bath Soap in Personal Care > Bath Soap. Simple product for Zephrant ERP import; one internal Default variant will be created.,Piece,Carton,12,6000,650,750,0,0,5,Active
Dove Bath Soap,,,,,,,,,Personal Care,Bath Soap,Bath Soap,Dove,PC-BS-BS-DOVE-01732,,Dove Bath Soap in Personal Care > Bath Soap. Simple product for Zephrant ERP import; one internal Default variant will be created.,Piece,Carton,12,6000,650,750,0,0,5,Active
Lux Bath Soap Regular,,,,,,,,,Personal Care,Bath Soap,Bath Soap Regular,Lux,PC-BS-BSR-LUX-01733,,Lux Bath Soap Regular in Personal Care > Bath Soap. Simple product for Zephrant ERP import; one internal Default variant will be created.,Piece,Carton,12,6000,650,750,0,0,5,Active
Safeguard Bath Soap Regular,,,,,,,,,Personal Care,Bath Soap,Bath Soap Regular,Safeguard,PC-BS-BSR-SAFE-01734,,Safeguard Bath Soap Regular in Personal Care > Bath Soap. Simple product for Zephrant ERP import; one internal Default variant will be created.,Piece,Carton,12,6000,650,750,0,0,5,Active
Lifebuoy Bath Soap Regular,,,,,,,,,Personal Care,Bath Soap,Bath Soap Regular,Lifebuoy,PC-BS-BSR-LIFE-01735,,Lifebuoy Bath Soap Regular in Personal Care > Bath Soap. Simple product for Zephrant ERP import; one internal Default variant will be created.,Piece,Carton,12,6000,650,750,0,0,5,Active
Dove Bath Soap Regular,,,,,,,,,Personal Care,Bath Soap,Bath Soap Regular,Dove,PC-BS-BSR-DOVE-01736,,Dove Bath Soap Regular in Personal Care > Bath Soap. Simple product for Zephrant ERP import; one internal Default variant will be created.,Piece,Carton,12,6000,650,750,0,0,5,Active
Lux Bath Soap Premium,,,,,,,,,Personal Care,Bath Soap,Bath Soap Premium,Lux,PC-BS-BSP-LUX-01737,,Lux Bath Soap Premium in Personal Care > Bath Soap. Simple product for Zephrant ERP import; one internal Default variant will be created.,Piece,Carton,12,6000,650,750,0,0,5,Active
Safeguard Bath Soap Premium,,,,,,,,,Personal Care,Bath Soap,Bath Soap Premium,Safeguard,PC-BS-BSP-SAFE-01738,,Safeguard Bath Soap Premium in Personal Care > Bath Soap. Simple product for Zephrant ERP import; one internal Default variant will be created.,Piece,Carton,12,6000,650,750,0,0,5,Active
Lifebuoy Bath Soap Premium,,,,,,,,,Personal Care,Bath Soap,Bath Soap Premium,Lifebuoy,PC-BS-BSP-LIFE-01739,,Lifebuoy Bath Soap Premium in Personal Care > Bath Soap. Simple product for Zephrant ERP import; one internal Default variant will be created.,Piece,Carton,12,6000,650,750,0,0,5,Active
Dove Bath Soap Premium,,,,,,,,,Personal Care,Bath Soap,Bath Soap Premium,Dove,PC-BS-BSP-DOVE-01740,,Dove Bath Soap Premium in Personal Care > Bath Soap. Simple product for Zephrant ERP import; one internal Default variant will be created.,Piece,Carton,12,6000,650,750,0,0,5,Active
Body Wash,,,,,,,,,Personal Care,Body Wash,Body Wash,Store Brand,PC-BW-BW-SB-01741,,Body Wash in Personal Care > Body Wash. Simple product for Zephrant ERP import; one internal Default variant will be created.,Piece,Carton,12,6000,650,750,0,0,5,Active
Body Wash,,,,,,,,,Personal Care,Body Wash,Body Wash,Local Brand,PC-BW-BW-LB-01742,,Body Wash in Personal Care > Body Wash. Simple product for Zephrant ERP import; one internal Default variant will be created.,Piece,Carton,12,6000,650,750,0,0,5,Active
Body Wash,,,,,,,,,Personal Care,Body Wash,Body Wash,Imported Brand,PC-BW-BW-IB-01743,,Body Wash in Personal Care > Body Wash. Simple product for Zephrant ERP import; one internal Default variant will be created.,Piece,Carton,12,6000,650,750,0,0,5,Active
Body Wash Regular,,,,,,,,,Personal Care,Body Wash,Body Wash Regular,Store Brand,PC-BW-BWR-SB-01744,,Body Wash Regular in Personal Care > Body Wash. Simple product for Zephrant ERP import; one internal Default variant will be created.,Piece,Carton,12,6000,650,750,0,0,5,Active
Body Wash Regular,,,,,,,,,Personal Care,Body Wash,Body Wash Regular,Local Brand,PC-BW-BWR-LB-01745,,Body Wash Regular in Personal Care > Body Wash. Simple product for Zephrant ERP import; one internal Default variant will be created.,Piece,Carton,12,6000,650,750,0,0,5,Active
Body Wash Regular,,,,,,,,,Personal Care,Body Wash,Body Wash Regular,Imported Brand,PC-BW-BWR-IB-01746,,Body Wash Regular in Personal Care > Body Wash. Simple product for Zephrant ERP import; one internal Default variant will be created.,Piece,Carton,12,6000,650,750,0,0,5,Active
Body Wash Premium,,,,,,,,,Personal Care,Body Wash,Body Wash Premium,Store Brand,PC-BW-BWP-SB-01747,,Body Wash Premium in Personal Care > Body Wash. Simple product for Zephrant ERP import; one internal Default variant will be created.,Piece,Carton,12,6000,650,750,0,0,5,Active
Body Wash Premium,,,,,,,,,Personal Care,Body Wash,Body Wash Premium,Local Brand,PC-BW-BWP-LB-01748,,Body Wash Premium in Personal Care > Body Wash. Simple product for Zephrant ERP import; one internal Default variant will be created.,Piece,Carton,12,6000,650,750,0,0,5,Active
Body Wash Premium,,,,,,,,,Personal Care,Body Wash,Body Wash Premium,Imported Brand,PC-BW-BWP-IB-01749,,Body Wash Premium in Personal Care > Body Wash. Simple product for Zephrant ERP import; one internal Default variant will be created.,Piece,Carton,12,6000,650,750,0,0,5,Active
Sunsilk Shampoo,,,,,,,,,Personal Care,Shampoo,Shampoo,Sunsilk,PC-SHAM-SHAM-SUNS-01750,,Sunsilk Shampoo in Personal Care > Shampoo. Simple product for Zephrant ERP import; one internal Default variant will be created.,Piece,Carton,12,6000,650,750,0,0,5,Active
Head & Shoulders Shampoo,,,,,,,,,Personal Care,Shampoo,Shampoo,Head & Shoulders,PC-SHAM-SHAM-HS-01751,,Head & Shoulders Shampoo in Personal Care > Shampoo. Simple product for Zephrant ERP import; one internal Default variant will be created.,Piece,Carton,12,6000,650,750,0,0,5,Active
Pantene Shampoo,,,,,,,,,Personal Care,Shampoo,Shampoo,Pantene,PC-SHAM-SHAM-PANT-01752,,Pantene Shampoo in Personal Care > Shampoo. Simple product for Zephrant ERP import; one internal Default variant will be created.,Piece,Carton,12,6000,650,750,0,0,5,Active
Clear Shampoo,,,,,,,,,Personal Care,Shampoo,Shampoo,Clear,PC-SHAM-SHAM-CLEA-01753,,Clear Shampoo in Personal Care > Shampoo. Simple product for Zephrant ERP import; one internal Default variant will be created.,Piece,Carton,12,6000,650,750,0,0,5,Active
Sunsilk Shampoo Regular,,,,,,,,,Personal Care,Shampoo,Shampoo Regular,Sunsilk,PC-SHAM-SR-SUNS-01754,,Sunsilk Shampoo Regular in Personal Care > Shampoo. Simple product for Zephrant ERP import; one internal Default variant will be created.,Piece,Carton,12,6000,650,750,0,0,5,Active
Head & Shoulders Shampoo Regular,,,,,,,,,Personal Care,Shampoo,Shampoo Regular,Head & Shoulders,PC-SHAM-SR-HS-01755,,Head & Shoulders Shampoo Regular in Personal Care > Shampoo. Simple product for Zephrant ERP import; one internal Default variant will be created.,Piece,Carton,12,6000,650,750,0,0,5,Active
Pantene Shampoo Regular,,,,,,,,,Personal Care,Shampoo,Shampoo Regular,Pantene,PC-SHAM-SR-PANT-01756,,Pantene Shampoo Regular in Personal Care > Shampoo. Simple product for Zephrant ERP import; one internal Default variant will be created.,Piece,Carton,12,6000,650,750,0,0,5,Active
Clear Shampoo Regular,,,,,,,,,Personal Care,Shampoo,Shampoo Regular,Clear,PC-SHAM-SR-CLEA-01757,,Clear Shampoo Regular in Personal Care > Shampoo. Simple product for Zephrant ERP import; one internal Default variant will be created.,Piece,Carton,12,6000,650,750,0,0,5,Active
Sunsilk Shampoo Premium,,,,,,,,,Personal Care,Shampoo,Shampoo Premium,Sunsilk,PC-SHAM-SP-SUNS-01758,,Sunsilk Shampoo Premium in Personal Care > Shampoo. Simple product for Zephrant ERP import; one internal Default variant will be created.,Piece,Carton,12,6000,650,750,0,0,5,Active
Head & Shoulders Shampoo Premium,,,,,,,,,Personal Care,Shampoo,Shampoo Premium,Head & Shoulders,PC-SHAM-SP-HS-01759,,Head & Shoulders Shampoo Premium in Personal Care > Shampoo. Simple product for Zephrant ERP import; one internal Default variant will be created.,Piece,Carton,12,6000,650,750,0,0,5,Active
Pantene Shampoo Premium,,,,,,,,,Personal Care,Shampoo,Shampoo Premium,Pantene,PC-SHAM-SP-PANT-01760,,Pantene Shampoo Premium in Personal Care > Shampoo. Simple product for Zephrant ERP import; one internal Default variant will be created.,Piece,Carton,12,6000,650,750,0,0,5,Active
Clear Shampoo Premium,,,,,,,,,Personal Care,Shampoo,Shampoo Premium,Clear,PC-SHAM-SP-CLEA-01761,,Clear Shampoo Premium in Personal Care > Shampoo. Simple product for Zephrant ERP import; one internal Default variant will be created.,Piece,Carton,12,6000,650,750,0,0,5,Active
Conditioner,,,,,,,,,Personal Care,Conditioner,Conditioner,Store Brand,PC-COND-COND-SB-01762,,Conditioner in Personal Care > Conditioner. Simple product for Zephrant ERP import; one internal Default variant will be created.,Piece,Carton,12,6000,650,750,0,0,5,Active
Conditioner,,,,,,,,,Personal Care,Conditioner,Conditioner,Local Brand,PC-COND-COND-LB-01763,,Conditioner in Personal Care > Conditioner. Simple product for Zephrant ERP import; one internal Default variant will be created.,Piece,Carton,12,6000,650,750,0,0,5,Active
Conditioner,,,,,,,,,Personal Care,Conditioner,Conditioner,Imported Brand,PC-COND-COND-IB-01764,,Conditioner in Personal Care > Conditioner. Simple product for Zephrant ERP import; one internal Default variant will be created.,Piece,Carton,12,6000,650,750,0,0,5,Active
Conditioner Regular,,,,,,,,,Personal Care,Conditioner,Conditioner Regular,Store Brand,PC-COND-CR-SB-01765,,Conditioner Regular in Personal Care > Conditioner. Simple product for Zephrant ERP import; one internal Default variant will be created.,Piece,Carton,12,6000,650,750,0,0,5,Active
Conditioner Regular,,,,,,,,,Personal Care,Conditioner,Conditioner Regular,Local Brand,PC-COND-CR-LB-01766,,Conditioner Regular in Personal Care > Conditioner. Simple product for Zephrant ERP import; one internal Default variant will be created.,Piece,Carton,12,6000,650,750,0,0,5,Active
Conditioner Regular,,,,,,,,,Personal Care,Conditioner,Conditioner Regular,Imported Brand,PC-COND-CR-IB-01767,,Conditioner Regular in Personal Care > Conditioner. Simple product for Zephrant ERP import; one internal Default variant will be created.,Piece,Carton,12,6000,650,750,0,0,5,Active
Conditioner Premium,,,,,,,,,Personal Care,Conditioner,Conditioner Premium,Store Brand,PC-COND-CP-SB-01768,,Conditioner Premium in Personal Care > Conditioner. Simple product for Zephrant ERP import; one internal Default variant will be created.,Piece,Carton,12,6000,650,750,0,0,5,Active
Conditioner Premium,,,,,,,,,Personal Care,Conditioner,Conditioner Premium,Local Brand,PC-COND-CP-LB-01769,,Conditioner Premium in Personal Care > Conditioner. Simple product for Zephrant ERP import; one internal Default variant will be created.,Piece,Carton,12,6000,650,750,0,0,5,Active
Conditioner Premium,,,,,,,,,Personal Care,Conditioner,Conditioner Premium,Imported Brand,PC-COND-CP-IB-01770,,Conditioner Premium in Personal Care > Conditioner. Simple product for Zephrant ERP import; one internal Default variant will be created.,Piece,Carton,12,6000,650,750,0,0,5,Active
Hair Oil,,,,,,,,,Personal Care,Hair Oil,Hair Oil,Store Brand,PC-HO-HO-SB-01771,,Hair Oil in Personal Care > Hair Oil. Simple product for Zephrant ERP import; one internal Default variant will be created.,Liter,Carton,12,12000,450,500,0,0,5,Active
Hair Oil,,,,,,,,,Personal Care,Hair Oil,Hair Oil,Local Brand,PC-HO-HO-LB-01772,,Hair Oil in Personal Care > Hair Oil. Simple product for Zephrant ERP import; one internal Default variant will be created.,Liter,Carton,12,12000,450,500,0,0,5,Active
Hair Oil,,,,,,,,,Personal Care,Hair Oil,Hair Oil,Imported Brand,PC-HO-HO-IB-01773,,Hair Oil in Personal Care > Hair Oil. Simple product for Zephrant ERP import; one internal Default variant will be created.,Liter,Carton,12,12000,450,500,0,0,5,Active
Hair Oil Regular,,,,,,,,,Personal Care,Hair Oil,Hair Oil Regular,Store Brand,PC-HO-HOR-SB-01774,,Hair Oil Regular in Personal Care > Hair Oil. Simple product for Zephrant ERP import; one internal Default variant will be created.,Liter,Carton,12,12000,450,500,0,0,5,Active
Hair Oil Regular,,,,,,,,,Personal Care,Hair Oil,Hair Oil Regular,Local Brand,PC-HO-HOR-LB-01775,,Hair Oil Regular in Personal Care > Hair Oil. Simple product for Zephrant ERP import; one internal Default variant will be created.,Liter,Carton,12,12000,450,500,0,0,5,Active
Hair Oil Regular,,,,,,,,,Personal Care,Hair Oil,Hair Oil Regular,Imported Brand,PC-HO-HOR-IB-01776,,Hair Oil Regular in Personal Care > Hair Oil. Simple product for Zephrant ERP import; one internal Default variant will be created.,Liter,Carton,12,12000,450,500,0,0,5,Active
Hair Oil Premium,,,,,,,,,Personal Care,Hair Oil,Hair Oil Premium,Store Brand,PC-HO-HOP-SB-01777,,Hair Oil Premium in Personal Care > Hair Oil. Simple product for Zephrant ERP import; one internal Default variant will be created.,Liter,Carton,12,12000,450,500,0,0,5,Active
Hair Oil Premium,,,,,,,,,Personal Care,Hair Oil,Hair Oil Premium,Local Brand,PC-HO-HOP-LB-01778,,Hair Oil Premium in Personal Care > Hair Oil. Simple product for Zephrant ERP import; one internal Default variant will be created.,Liter,Carton,12,12000,450,500,0,0,5,Active
Hair Oil Premium,,,,,,,,,Personal Care,Hair Oil,Hair Oil Premium,Imported Brand,PC-HO-HOP-IB-01779,,Hair Oil Premium in Personal Care > Hair Oil. Simple product for Zephrant ERP import; one internal Default variant will be created.,Liter,Carton,12,12000,450,500,0,0,5,Active
Hair Color,,,,,,,,,Personal Care,Hair Color,Hair Color,Store Brand,PC-HC-HC-SB-01780,,Hair Color in Personal Care > Hair Color. Simple product for Zephrant ERP import; one internal Default variant will be created.,Piece,Carton,12,6000,650,750,0,0,5,Active
Hair Color,,,,,,,,,Personal Care,Hair Color,Hair Color,Local Brand,PC-HC-HC-LB-01781,,Hair Color in Personal Care > Hair Color. Simple product for Zephrant ERP import; one internal Default variant will be created.,Piece,Carton,12,6000,650,750,0,0,5,Active
Hair Color,,,,,,,,,Personal Care,Hair Color,Hair Color,Imported Brand,PC-HC-HC-IB-01782,,Hair Color in Personal Care > Hair Color. Simple product for Zephrant ERP import; one internal Default variant will be created.,Piece,Carton,12,6000,650,750,0,0,5,Active
Hair Color Regular,,,,,,,,,Personal Care,Hair Color,Hair Color Regular,Store Brand,PC-HC-HCR-SB-01783,,Hair Color Regular in Personal Care > Hair Color. Simple product for Zephrant ERP import; one internal Default variant will be created.,Piece,Carton,12,6000,650,750,0,0,5,Active
Hair Color Regular,,,,,,,,,Personal Care,Hair Color,Hair Color Regular,Local Brand,PC-HC-HCR-LB-01784,,Hair Color Regular in Personal Care > Hair Color. Simple product for Zephrant ERP import; one internal Default variant will be created.,Piece,Carton,12,6000,650,750,0,0,5,Active
Hair Color Regular,,,,,,,,,Personal Care,Hair Color,Hair Color Regular,Imported Brand,PC-HC-HCR-IB-01785,,Hair Color Regular in Personal Care > Hair Color. Simple product for Zephrant ERP import; one internal Default variant will be created.,Piece,Carton,12,6000,650,750,0,0,5,Active
Hair Color Premium,,,,,,,,,Personal Care,Hair Color,Hair Color Premium,Store Brand,PC-HC-HCP-SB-01786,,Hair Color Premium in Personal Care > Hair Color. Simple product for Zephrant ERP import; one internal Default variant will be created.,Piece,Carton,12,6000,650,750,0,0,5,Active
Hair Color Premium,,,,,,,,,Personal Care,Hair Color,Hair Color Premium,Local Brand,PC-HC-HCP-LB-01787,,Hair Color Premium in Personal Care > Hair Color. Simple product for Zephrant ERP import; one internal Default variant will be created.,Piece,Carton,12,6000,650,750,0,0,5,Active
Hair Color Premium,,,,,,,,,Personal Care,Hair Color,Hair Color Premium,Imported Brand,PC-HC-HCP-IB-01788,,Hair Color Premium in Personal Care > Hair Color. Simple product for Zephrant ERP import; one internal Default variant will be created.,Piece,Carton,12,6000,650,750,0,0,5,Active
Hair Styling,,,,,,,,,Personal Care,Hair Styling,Hair Styling,Store Brand,PC-HS-HS-SB-01789,,Hair Styling in Personal Care > Hair Styling. Simple product for Zephrant ERP import; one internal Default variant will be created.,Piece,Carton,12,6000,650,750,0,0,5,Active
Hair Styling,,,,,,,,,Personal Care,Hair Styling,Hair Styling,Local Brand,PC-HS-HS-LB-01790,,Hair Styling in Personal Care > Hair Styling. Simple product for Zephrant ERP import; one internal Default variant will be created.,Piece,Carton,12,6000,650,750,0,0,5,Active
Hair Styling,,,,,,,,,Personal Care,Hair Styling,Hair Styling,Imported Brand,PC-HS-HS-IB-01791,,Hair Styling in Personal Care > Hair Styling. Simple product for Zephrant ERP import; one internal Default variant will be created.,Piece,Carton,12,6000,650,750,0,0,5,Active
Hair Styling Regular,,,,,,,,,Personal Care,Hair Styling,Hair Styling Regular,Store Brand,PC-HS-HSR-SB-01792,,Hair Styling Regular in Personal Care > Hair Styling. Simple product for Zephrant ERP import; one internal Default variant will be created.,Piece,Carton,12,6000,650,750,0,0,5,Active
Hair Styling Regular,,,,,,,,,Personal Care,Hair Styling,Hair Styling Regular,Local Brand,PC-HS-HSR-LB-01793,,Hair Styling Regular in Personal Care > Hair Styling. Simple product for Zephrant ERP import; one internal Default variant will be created.,Piece,Carton,12,6000,650,750,0,0,5,Active
Hair Styling Regular,,,,,,,,,Personal Care,Hair Styling,Hair Styling Regular,Imported Brand,PC-HS-HSR-IB-01794,,Hair Styling Regular in Personal Care > Hair Styling. Simple product for Zephrant ERP import; one internal Default variant will be created.,Piece,Carton,12,6000,650,750,0,0,5,Active
Hair Styling Premium,,,,,,,,,Personal Care,Hair Styling,Hair Styling Premium,Store Brand,PC-HS-HSP-SB-01795,,Hair Styling Premium in Personal Care > Hair Styling. Simple product for Zephrant ERP import; one internal Default variant will be created.,Piece,Carton,12,6000,650,750,0,0,5,Active
Hair Styling Premium,,,,,,,,,Personal Care,Hair Styling,Hair Styling Premium,Local Brand,PC-HS-HSP-LB-01796,,Hair Styling Premium in Personal Care > Hair Styling. Simple product for Zephrant ERP import; one internal Default variant will be created.,Piece,Carton,12,6000,650,750,0,0,5,Active
Hair Styling Premium,,,,,,,,,Personal Care,Hair Styling,Hair Styling Premium,Imported Brand,PC-HS-HSP-IB-01797,,Hair Styling Premium in Personal Care > Hair Styling. Simple product for Zephrant ERP import; one internal Default variant will be created.,Piece,Carton,12,6000,650,750,0,0,5,Active
Colgate Toothpaste,,,,,,,,,Personal Care,Toothpaste,Toothpaste,Colgate,PC-TOOT-TOOT-COLG-01798,,Colgate Toothpaste in Personal Care > Toothpaste. Simple product for Zephrant ERP import; one internal Default variant will be created.,Piece,Carton,12,6000,650,750,0,0,5,Active
Closeup Toothpaste,,,,,,,,,Personal Care,Toothpaste,Toothpaste,Closeup,PC-TOOT-TOOT-CLOS-01799,,Closeup Toothpaste in Personal Care > Toothpaste. Simple product for Zephrant ERP import; one internal Default variant will be created.,Piece,Carton,12,6000,650,750,0,0,5,Active
Sensodyne Toothpaste,,,,,,,,,Personal Care,Toothpaste,Toothpaste,Sensodyne,PC-TOOT-TOOT-SENS-01800,,Sensodyne Toothpaste in Personal Care > Toothpaste. Simple product for Zephrant ERP import; one internal Default variant will be created.,Piece,Carton,12,6000,650,750,0,0,5,Active
Pepsodent Toothpaste,,,,,,,,,Personal Care,Toothpaste,Toothpaste,Pepsodent,PC-TOOT-TOOT-PEPS-01801,,Pepsodent Toothpaste in Personal Care > Toothpaste. Simple product for Zephrant ERP import; one internal Default variant will be created.,Piece,Carton,12,6000,650,750,0,0,5,Active
Colgate Toothpaste Regular,,,,,,,,,Personal Care,Toothpaste,Toothpaste Regular,Colgate,PC-TOOT-TR-COLG-01802,,Colgate Toothpaste Regular in Personal Care > Toothpaste. Simple product for Zephrant ERP import; one internal Default variant will be created.,Piece,Carton,12,6000,650,750,0,0,5,Active
Closeup Toothpaste Regular,,,,,,,,,Personal Care,Toothpaste,Toothpaste Regular,Closeup,PC-TOOT-TR-CLOS-01803,,Closeup Toothpaste Regular in Personal Care > Toothpaste. Simple product for Zephrant ERP import; one internal Default variant will be created.,Piece,Carton,12,6000,650,750,0,0,5,Active
Sensodyne Toothpaste Regular,,,,,,,,,Personal Care,Toothpaste,Toothpaste Regular,Sensodyne,PC-TOOT-TR-SENS-01804,,Sensodyne Toothpaste Regular in Personal Care > Toothpaste. Simple product for Zephrant ERP import; one internal Default variant will be created.,Piece,Carton,12,6000,650,750,0,0,5,Active
Pepsodent Toothpaste Regular,,,,,,,,,Personal Care,Toothpaste,Toothpaste Regular,Pepsodent,PC-TOOT-TR-PEPS-01805,,Pepsodent Toothpaste Regular in Personal Care > Toothpaste. Simple product for Zephrant ERP import; one internal Default variant will be created.,Piece,Carton,12,6000,650,750,0,0,5,Active
Colgate Toothpaste Premium,,,,,,,,,Personal Care,Toothpaste,Toothpaste Premium,Colgate,PC-TOOT-TP-COLG-01806,,Colgate Toothpaste Premium in Personal Care > Toothpaste. Simple product for Zephrant ERP import; one internal Default variant will be created.,Piece,Carton,12,6000,650,750,0,0,5,Active
Closeup Toothpaste Premium,,,,,,,,,Personal Care,Toothpaste,Toothpaste Premium,Closeup,PC-TOOT-TP-CLOS-01807,,Closeup Toothpaste Premium in Personal Care > Toothpaste. Simple product for Zephrant ERP import; one internal Default variant will be created.,Piece,Carton,12,6000,650,750,0,0,5,Active
Sensodyne Toothpaste Premium,,,,,,,,,Personal Care,Toothpaste,Toothpaste Premium,Sensodyne,PC-TOOT-TP-SENS-01808,,Sensodyne Toothpaste Premium in Personal Care > Toothpaste. Simple product for Zephrant ERP import; one internal Default variant will be created.,Piece,Carton,12,6000,650,750,0,0,5,Active
Pepsodent Toothpaste Premium,,,,,,,,,Personal Care,Toothpaste,Toothpaste Premium,Pepsodent,PC-TOOT-TP-PEPS-01809,,Pepsodent Toothpaste Premium in Personal Care > Toothpaste. Simple product for Zephrant ERP import; one internal Default variant will be created.,Piece,Carton,12,6000,650,750,0,0,5,Active
Toothbrush,,,,,,,,,Personal Care,Toothbrush,Toothbrush,Store Brand,PC-TOOT-TOOT-SB-01810,,Toothbrush in Personal Care > Toothbrush. Simple product for Zephrant ERP import; one internal Default variant will be created.,Piece,Carton,12,6000,650,750,0,0,5,Active
Toothbrush,,,,,,,,,Personal Care,Toothbrush,Toothbrush,Local Brand,PC-TOOT-TOOT-LB-01811,,Toothbrush in Personal Care > Toothbrush. Simple product for Zephrant ERP import; one internal Default variant will be created.,Piece,Carton,12,6000,650,750,0,0,5,Active
Toothbrush,,,,,,,,,Personal Care,Toothbrush,Toothbrush,Imported Brand,PC-TOOT-TOOT-IB-01812,,Toothbrush in Personal Care > Toothbrush. Simple product for Zephrant ERP import; one internal Default variant will be created.,Piece,Carton,12,6000,650,750,0,0,5,Active
Toothbrush Regular,,,,,,,,,Personal Care,Toothbrush,Toothbrush Regular,Store Brand,PC-TOOT-TR-SB-01813,,Toothbrush Regular in Personal Care > Toothbrush. Simple product for Zephrant ERP import; one internal Default variant will be created.,Piece,Carton,12,6000,650,750,0,0,5,Active
Toothbrush Regular,,,,,,,,,Personal Care,Toothbrush,Toothbrush Regular,Local Brand,PC-TOOT-TR-LB-01814,,Toothbrush Regular in Personal Care > Toothbrush. Simple product for Zephrant ERP import; one internal Default variant will be created.,Piece,Carton,12,6000,650,750,0,0,5,Active
Toothbrush Regular,,,,,,,,,Personal Care,Toothbrush,Toothbrush Regular,Imported Brand,PC-TOOT-TR-IB-01815,,Toothbrush Regular in Personal Care > Toothbrush. Simple product for Zephrant ERP import; one internal Default variant will be created.,Piece,Carton,12,6000,650,750,0,0,5,Active
Toothbrush Premium,,,,,,,,,Personal Care,Toothbrush,Toothbrush Premium,Store Brand,PC-TOOT-TP-SB-01816,,Toothbrush Premium in Personal Care > Toothbrush. Simple product for Zephrant ERP import; one internal Default variant will be created.,Piece,Carton,12,6000,650,750,0,0,5,Active
Toothbrush Premium,,,,,,,,,Personal Care,Toothbrush,Toothbrush Premium,Local Brand,PC-TOOT-TP-LB-01817,,Toothbrush Premium in Personal Care > Toothbrush. Simple product for Zephrant ERP import; one internal Default variant will be created.,Piece,Carton,12,6000,650,750,0,0,5,Active
Toothbrush Premium,,,,,,,,,Personal Care,Toothbrush,Toothbrush Premium,Imported Brand,PC-TOOT-TP-IB-01818,,Toothbrush Premium in Personal Care > Toothbrush. Simple product for Zephrant ERP import; one internal Default variant will be created.,Piece,Carton,12,6000,650,750,0,0,5,Active
Mouthwash,,,,,,,,,Personal Care,Mouthwash,Mouthwash,Store Brand,PC-MOUT-MOUT-SB-01819,,Mouthwash in Personal Care > Mouthwash. Simple product for Zephrant ERP import; one internal Default variant will be created.,Piece,Carton,12,6000,650,750,0,0,5,Active
Mouthwash,,,,,,,,,Personal Care,Mouthwash,Mouthwash,Local Brand,PC-MOUT-MOUT-LB-01820,,Mouthwash in Personal Care > Mouthwash. Simple product for Zephrant ERP import; one internal Default variant will be created.,Piece,Carton,12,6000,650,750,0,0,5,Active
Mouthwash,,,,,,,,,Personal Care,Mouthwash,Mouthwash,Imported Brand,PC-MOUT-MOUT-IB-01821,,Mouthwash in Personal Care > Mouthwash. Simple product for Zephrant ERP import; one internal Default variant will be created.,Piece,Carton,12,6000,650,750,0,0,5,Active
Mouthwash Regular,,,,,,,,,Personal Care,Mouthwash,Mouthwash Regular,Store Brand,PC-MOUT-MR-SB-01822,,Mouthwash Regular in Personal Care > Mouthwash. Simple product for Zephrant ERP import; one internal Default variant will be created.,Piece,Carton,12,6000,650,750,0,0,5,Active
Mouthwash Regular,,,,,,,,,Personal Care,Mouthwash,Mouthwash Regular,Local Brand,PC-MOUT-MR-LB-01823,,Mouthwash Regular in Personal Care > Mouthwash. Simple product for Zephrant ERP import; one internal Default variant will be created.,Piece,Carton,12,6000,650,750,0,0,5,Active
Mouthwash Regular,,,,,,,,,Personal Care,Mouthwash,Mouthwash Regular,Imported Brand,PC-MOUT-MR-IB-01824,,Mouthwash Regular in Personal Care > Mouthwash. Simple product for Zephrant ERP import; one internal Default variant will be created.,Piece,Carton,12,6000,650,750,0,0,5,Active
Mouthwash Premium,,,,,,,,,Personal Care,Mouthwash,Mouthwash Premium,Store Brand,PC-MOUT-MP-SB-01825,,Mouthwash Premium in Personal Care > Mouthwash. Simple product for Zephrant ERP import; one internal Default variant will be created.,Piece,Carton,12,6000,650,750,0,0,5,Active
Mouthwash Premium,,,,,,,,,Personal Care,Mouthwash,Mouthwash Premium,Local Brand,PC-MOUT-MP-LB-01826,,Mouthwash Premium in Personal Care > Mouthwash. Simple product for Zephrant ERP import; one internal Default variant will be created.,Piece,Carton,12,6000,650,750,0,0,5,Active
Mouthwash Premium,,,,,,,,,Personal Care,Mouthwash,Mouthwash Premium,Imported Brand,PC-MOUT-MP-IB-01827,,Mouthwash Premium in Personal Care > Mouthwash. Simple product for Zephrant ERP import; one internal Default variant will be created.,Piece,Carton,12,6000,650,750,0,0,5,Active
Face Wash,,,,,,,,,Personal Care,Face Wash,Face Wash,Store Brand,PC-FW-FW-SB-01828,,Face Wash in Personal Care > Face Wash. Simple product for Zephrant ERP import; one internal Default variant will be created.,Piece,Carton,12,6000,650,750,0,0,5,Active
Face Wash,,,,,,,,,Personal Care,Face Wash,Face Wash,Local Brand,PC-FW-FW-LB-01829,,Face Wash in Personal Care > Face Wash. Simple product for Zephrant ERP import; one internal Default variant will be created.,Piece,Carton,12,6000,650,750,0,0,5,Active
Face Wash,,,,,,,,,Personal Care,Face Wash,Face Wash,Imported Brand,PC-FW-FW-IB-01830,,Face Wash in Personal Care > Face Wash. Simple product for Zephrant ERP import; one internal Default variant will be created.,Piece,Carton,12,6000,650,750,0,0,5,Active
Face Wash Regular,,,,,,,,,Personal Care,Face Wash,Face Wash Regular,Store Brand,PC-FW-FWR-SB-01831,,Face Wash Regular in Personal Care > Face Wash. Simple product for Zephrant ERP import; one internal Default variant will be created.,Piece,Carton,12,6000,650,750,0,0,5,Active
Face Wash Regular,,,,,,,,,Personal Care,Face Wash,Face Wash Regular,Local Brand,PC-FW-FWR-LB-01832,,Face Wash Regular in Personal Care > Face Wash. Simple product for Zephrant ERP import; one internal Default variant will be created.,Piece,Carton,12,6000,650,750,0,0,5,Active
Face Wash Regular,,,,,,,,,Personal Care,Face Wash,Face Wash Regular,Imported Brand,PC-FW-FWR-IB-01833,,Face Wash Regular in Personal Care > Face Wash. Simple product for Zephrant ERP import; one internal Default variant will be created.,Piece,Carton,12,6000,650,750,0,0,5,Active
Face Wash Premium,,,,,,,,,Personal Care,Face Wash,Face Wash Premium,Store Brand,PC-FW-FWP-SB-01834,,Face Wash Premium in Personal Care > Face Wash. Simple product for Zephrant ERP import; one internal Default variant will be created.,Piece,Carton,12,6000,650,750,0,0,5,Active
Face Wash Premium,,,,,,,,,Personal Care,Face Wash,Face Wash Premium,Local Brand,PC-FW-FWP-LB-01835,,Face Wash Premium in Personal Care > Face Wash. Simple product for Zephrant ERP import; one internal Default variant will be created.,Piece,Carton,12,6000,650,750,0,0,5,Active
Face Wash Premium,,,,,,,,,Personal Care,Face Wash,Face Wash Premium,Imported Brand,PC-FW-FWP-IB-01836,,Face Wash Premium in Personal Care > Face Wash. Simple product for Zephrant ERP import; one internal Default variant will be created.,Piece,Carton,12,6000,650,750,0,0,5,Active
Skin Care,,,,,,,,,Personal Care,Skin Care,Skin Care,Store Brand,PC-SC-SC-SB-01837,,Skin Care in Personal Care > Skin Care. Simple product for Zephrant ERP import; one internal Default variant will be created.,Piece,Carton,12,6000,650,750,0,0,5,Active
Skin Care,,,,,,,,,Personal Care,Skin Care,Skin Care,Local Brand,PC-SC-SC-LB-01838,,Skin Care in Personal Care > Skin Care. Simple product for Zephrant ERP import; one internal Default variant will be created.,Piece,Carton,12,6000,650,750,0,0,5,Active
Skin Care,,,,,,,,,Personal Care,Skin Care,Skin Care,Imported Brand,PC-SC-SC-IB-01839,,Skin Care in Personal Care > Skin Care. Simple product for Zephrant ERP import; one internal Default variant will be created.,Piece,Carton,12,6000,650,750,0,0,5,Active
Skin Care Regular,,,,,,,,,Personal Care,Skin Care,Skin Care Regular,Store Brand,PC-SC-SCR-SB-01840,,Skin Care Regular in Personal Care > Skin Care. Simple product for Zephrant ERP import; one internal Default variant will be created.,Piece,Carton,12,6000,650,750,0,0,5,Active
Skin Care Regular,,,,,,,,,Personal Care,Skin Care,Skin Care Regular,Local Brand,PC-SC-SCR-LB-01841,,Skin Care Regular in Personal Care > Skin Care. Simple product for Zephrant ERP import; one internal Default variant will be created.,Piece,Carton,12,6000,650,750,0,0,5,Active
Skin Care Regular,,,,,,,,,Personal Care,Skin Care,Skin Care Regular,Imported Brand,PC-SC-SCR-IB-01842,,Skin Care Regular in Personal Care > Skin Care. Simple product for Zephrant ERP import; one internal Default variant will be created.,Piece,Carton,12,6000,650,750,0,0,5,Active
Skin Care Premium,,,,,,,,,Personal Care,Skin Care,Skin Care Premium,Store Brand,PC-SC-SCP-SB-01843,,Skin Care Premium in Personal Care > Skin Care. Simple product for Zephrant ERP import; one internal Default variant will be created.,Piece,Carton,12,6000,650,750,0,0,5,Active
Skin Care Premium,,,,,,,,,Personal Care,Skin Care,Skin Care Premium,Local Brand,PC-SC-SCP-LB-01844,,Skin Care Premium in Personal Care > Skin Care. Simple product for Zephrant ERP import; one internal Default variant will be created.,Piece,Carton,12,6000,650,750,0,0,5,Active
Skin Care Premium,,,,,,,,,Personal Care,Skin Care,Skin Care Premium,Imported Brand,PC-SC-SCP-IB-01845,,Skin Care Premium in Personal Care > Skin Care. Simple product for Zephrant ERP import; one internal Default variant will be created.,Piece,Carton,12,6000,650,750,0,0,5,Active
Lotion,,,,,,,,,Personal Care,Lotion,Lotion,Store Brand,PC-LOTI-LOTI-SB-01846,,Lotion in Personal Care > Lotion. Simple product for Zephrant ERP import; one internal Default variant will be created.,Piece,Carton,12,6000,650,750,0,0,5,Active
Lotion,,,,,,,,,Personal Care,Lotion,Lotion,Local Brand,PC-LOTI-LOTI-LB-01847,,Lotion in Personal Care > Lotion. Simple product for Zephrant ERP import; one internal Default variant will be created.,Piece,Carton,12,6000,650,750,0,0,5,Active
Lotion,,,,,,,,,Personal Care,Lotion,Lotion,Imported Brand,PC-LOTI-LOTI-IB-01848,,Lotion in Personal Care > Lotion. Simple product for Zephrant ERP import; one internal Default variant will be created.,Piece,Carton,12,6000,650,750,0,0,5,Active
Lotion Regular,,,,,,,,,Personal Care,Lotion,Lotion Regular,Store Brand,PC-LOTI-LR-SB-01849,,Lotion Regular in Personal Care > Lotion. Simple product for Zephrant ERP import; one internal Default variant will be created.,Piece,Carton,12,6000,650,750,0,0,5,Active
Lotion Regular,,,,,,,,,Personal Care,Lotion,Lotion Regular,Local Brand,PC-LOTI-LR-LB-01850,,Lotion Regular in Personal Care > Lotion. Simple product for Zephrant ERP import; one internal Default variant will be created.,Piece,Carton,12,6000,650,750,0,0,5,Active
Lotion Regular,,,,,,,,,Personal Care,Lotion,Lotion Regular,Imported Brand,PC-LOTI-LR-IB-01851,,Lotion Regular in Personal Care > Lotion. Simple product for Zephrant ERP import; one internal Default variant will be created.,Piece,Carton,12,6000,650,750,0,0,5,Active
Lotion Premium,,,,,,,,,Personal Care,Lotion,Lotion Premium,Store Brand,PC-LOTI-LP-SB-01852,,Lotion Premium in Personal Care > Lotion. Simple product for Zephrant ERP import; one internal Default variant will be created.,Piece,Carton,12,6000,650,750,0,0,5,Active
Lotion Premium,,,,,,,,,Personal Care,Lotion,Lotion Premium,Local Brand,PC-LOTI-LP-LB-01853,,Lotion Premium in Personal Care > Lotion. Simple product for Zephrant ERP import; one internal Default variant will be created.,Piece,Carton,12,6000,650,750,0,0,5,Active
Lotion Premium,,,,,,,,,Personal Care,Lotion,Lotion Premium,Imported Brand,PC-LOTI-LP-IB-01854,,Lotion Premium in Personal Care > Lotion. Simple product for Zephrant ERP import; one internal Default variant will be created.,Piece,Carton,12,6000,650,750,0,0,5,Active
Shaving,,,,,,,,,Personal Care,Shaving,Shaving,Store Brand,PC-SHAV-SHAV-SB-01855,,Shaving in Personal Care > Shaving. Simple product for Zephrant ERP import; one internal Default variant will be created.,Piece,Carton,12,6000,650,750,0,0,5,Active
Shaving,,,,,,,,,Personal Care,Shaving,Shaving,Local Brand,PC-SHAV-SHAV-LB-01856,,Shaving in Personal Care > Shaving. Simple product for Zephrant ERP import; one internal Default variant will be created.,Piece,Carton,12,6000,650,750,0,0,5,Active
Shaving,,,,,,,,,Personal Care,Shaving,Shaving,Imported Brand,PC-SHAV-SHAV-IB-01857,,Shaving in Personal Care > Shaving. Simple product for Zephrant ERP import; one internal Default variant will be created.,Piece,Carton,12,6000,650,750,0,0,5,Active
Shaving Regular,,,,,,,,,Personal Care,Shaving,Shaving Regular,Store Brand,PC-SHAV-SR-SB-01858,,Shaving Regular in Personal Care > Shaving. Simple product for Zephrant ERP import; one internal Default variant will be created.,Piece,Carton,12,6000,650,750,0,0,5,Active
Shaving Regular,,,,,,,,,Personal Care,Shaving,Shaving Regular,Local Brand,PC-SHAV-SR-LB-01859,,Shaving Regular in Personal Care > Shaving. Simple product for Zephrant ERP import; one internal Default variant will be created.,Piece,Carton,12,6000,650,750,0,0,5,Active
Shaving Regular,,,,,,,,,Personal Care,Shaving,Shaving Regular,Imported Brand,PC-SHAV-SR-IB-01860,,Shaving Regular in Personal Care > Shaving. Simple product for Zephrant ERP import; one internal Default variant will be created.,Piece,Carton,12,6000,650,750,0,0,5,Active
Shaving Premium,,,,,,,,,Personal Care,Shaving,Shaving Premium,Store Brand,PC-SHAV-SP-SB-01861,,Shaving Premium in Personal Care > Shaving. Simple product for Zephrant ERP import; one internal Default variant will be created.,Piece,Carton,12,6000,650,750,0,0,5,Active
Shaving Premium,,,,,,,,,Personal Care,Shaving,Shaving Premium,Local Brand,PC-SHAV-SP-LB-01862,,Shaving Premium in Personal Care > Shaving. Simple product for Zephrant ERP import; one internal Default variant will be created.,Piece,Carton,12,6000,650,750,0,0,5,Active
Shaving Premium,,,,,,,,,Personal Care,Shaving,Shaving Premium,Imported Brand,PC-SHAV-SP-IB-01863,,Shaving Premium in Personal Care > Shaving. Simple product for Zephrant ERP import; one internal Default variant will be created.,Piece,Carton,12,6000,650,750,0,0,5,Active
Axe Deodorants,,,,,,,,,Personal Care,Deodorants,Deodorants,Axe,PC-DEOD-DEOD-AXE-01864,,Axe Deodorants in Personal Care > Deodorants. Simple product for Zephrant ERP import; one internal Default variant will be created.,Piece,Carton,12,6000,650,750,0,0,5,Active
Rexona Deodorants,,,,,,,,,Personal Care,Deodorants,Deodorants,Rexona,PC-DEOD-DEOD-REXO-01865,,Rexona Deodorants in Personal Care > Deodorants. Simple product for Zephrant ERP import; one internal Default variant will be created.,Piece,Carton,12,6000,650,750,0,0,5,Active
Nivea Deodorants,,,,,,,,,Personal Care,Deodorants,Deodorants,Nivea,PC-DEOD-DEOD-NIVE-01866,,Nivea Deodorants in Personal Care > Deodorants. Simple product for Zephrant ERP import; one internal Default variant will be created.,Piece,Carton,12,6000,650,750,0,0,5,Active
Dove Deodorants,,,,,,,,,Personal Care,Deodorants,Deodorants,Dove,PC-DEOD-DEOD-DOVE-01867,,Dove Deodorants in Personal Care > Deodorants. Simple product for Zephrant ERP import; one internal Default variant will be created.,Piece,Carton,12,6000,650,750,0,0,5,Active
Axe Deodorants Regular,,,,,,,,,Personal Care,Deodorants,Deodorants Regular,Axe,PC-DEOD-DR-AXE-01868,,Axe Deodorants Regular in Personal Care > Deodorants. Simple product for Zephrant ERP import; one internal Default variant will be created.,Piece,Carton,12,6000,650,750,0,0,5,Active
Rexona Deodorants Regular,,,,,,,,,Personal Care,Deodorants,Deodorants Regular,Rexona,PC-DEOD-DR-REXO-01869,,Rexona Deodorants Regular in Personal Care > Deodorants. Simple product for Zephrant ERP import; one internal Default variant will be created.,Piece,Carton,12,6000,650,750,0,0,5,Active
Nivea Deodorants Regular,,,,,,,,,Personal Care,Deodorants,Deodorants Regular,Nivea,PC-DEOD-DR-NIVE-01870,,Nivea Deodorants Regular in Personal Care > Deodorants. Simple product for Zephrant ERP import; one internal Default variant will be created.,Piece,Carton,12,6000,650,750,0,0,5,Active
Dove Deodorants Regular,,,,,,,,,Personal Care,Deodorants,Deodorants Regular,Dove,PC-DEOD-DR-DOVE-01871,,Dove Deodorants Regular in Personal Care > Deodorants. Simple product for Zephrant ERP import; one internal Default variant will be created.,Piece,Carton,12,6000,650,750,0,0,5,Active
Axe Deodorants Premium,,,,,,,,,Personal Care,Deodorants,Deodorants Premium,Axe,PC-DEOD-DP-AXE-01872,,Axe Deodorants Premium in Personal Care > Deodorants. Simple product for Zephrant ERP import; one internal Default variant will be created.,Piece,Carton,12,6000,650,750,0,0,5,Active
Rexona Deodorants Premium,,,,,,,,,Personal Care,Deodorants,Deodorants Premium,Rexona,PC-DEOD-DP-REXO-01873,,Rexona Deodorants Premium in Personal Care > Deodorants. Simple product for Zephrant ERP import; one internal Default variant will be created.,Piece,Carton,12,6000,650,750,0,0,5,Active
Nivea Deodorants Premium,,,,,,,,,Personal Care,Deodorants,Deodorants Premium,Nivea,PC-DEOD-DP-NIVE-01874,,Nivea Deodorants Premium in Personal Care > Deodorants. Simple product for Zephrant ERP import; one internal Default variant will be created.,Piece,Carton,12,6000,650,750,0,0,5,Active
Dove Deodorants Premium,,,,,,,,,Personal Care,Deodorants,Deodorants Premium,Dove,PC-DEOD-DP-DOVE-01875,,Dove Deodorants Premium in Personal Care > Deodorants. Simple product for Zephrant ERP import; one internal Default variant will be created.,Piece,Carton,12,6000,650,750,0,0,5,Active
Perfumes,,,,,,,,,Personal Care,Perfumes,Perfumes,Store Brand,PC-PERF-PERF-SB-01876,,Perfumes in Personal Care > Perfumes. Simple product for Zephrant ERP import; one internal Default variant will be created.,Piece,Carton,12,6000,650,750,0,0,5,Active
Perfumes,,,,,,,,,Personal Care,Perfumes,Perfumes,Local Brand,PC-PERF-PERF-LB-01877,,Perfumes in Personal Care > Perfumes. Simple product for Zephrant ERP import; one internal Default variant will be created.,Piece,Carton,12,6000,650,750,0,0,5,Active
Perfumes,,,,,,,,,Personal Care,Perfumes,Perfumes,Imported Brand,PC-PERF-PERF-IB-01878,,Perfumes in Personal Care > Perfumes. Simple product for Zephrant ERP import; one internal Default variant will be created.,Piece,Carton,12,6000,650,750,0,0,5,Active
Perfumes Regular,,,,,,,,,Personal Care,Perfumes,Perfumes Regular,Store Brand,PC-PERF-PR-SB-01879,,Perfumes Regular in Personal Care > Perfumes. Simple product for Zephrant ERP import; one internal Default variant will be created.,Piece,Carton,12,6000,650,750,0,0,5,Active
Perfumes Regular,,,,,,,,,Personal Care,Perfumes,Perfumes Regular,Local Brand,PC-PERF-PR-LB-01880,,Perfumes Regular in Personal Care > Perfumes. Simple product for Zephrant ERP import; one internal Default variant will be created.,Piece,Carton,12,6000,650,750,0,0,5,Active
Perfumes Regular,,,,,,,,,Personal Care,Perfumes,Perfumes Regular,Imported Brand,PC-PERF-PR-IB-01881,,Perfumes Regular in Personal Care > Perfumes. Simple product for Zephrant ERP import; one internal Default variant will be created.,Piece,Carton,12,6000,650,750,0,0,5,Active
Perfumes Premium,,,,,,,,,Personal Care,Perfumes,Perfumes Premium,Store Brand,PC-PERF-PP-SB-01882,,Perfumes Premium in Personal Care > Perfumes. Simple product for Zephrant ERP import; one internal Default variant will be created.,Piece,Carton,12,6000,650,750,0,0,5,Active
Perfumes Premium,,,,,,,,,Personal Care,Perfumes,Perfumes Premium,Local Brand,PC-PERF-PP-LB-01883,,Perfumes Premium in Personal Care > Perfumes. Simple product for Zephrant ERP import; one internal Default variant will be created.,Piece,Carton,12,6000,650,750,0,0,5,Active
Perfumes Premium,,,,,,,,,Personal Care,Perfumes,Perfumes Premium,Imported Brand,PC-PERF-PP-IB-01884,,Perfumes Premium in Personal Care > Perfumes. Simple product for Zephrant ERP import; one internal Default variant will be created.,Piece,Carton,12,6000,650,750,0,0,5,Active
Feminine Care,,,,,,,,,Personal Care,Feminine Care,Feminine Care,Store Brand,PC-FC-FC-SB-01885,,Feminine Care in Personal Care > Feminine Care. Simple product for Zephrant ERP import; one internal Default variant will be created.,Piece,Carton,12,6000,650,750,0,0,5,Active
Feminine Care,,,,,,,,,Personal Care,Feminine Care,Feminine Care,Local Brand,PC-FC-FC-LB-01886,,Feminine Care in Personal Care > Feminine Care. Simple product for Zephrant ERP import; one internal Default variant will be created.,Piece,Carton,12,6000,650,750,0,0,5,Active
Feminine Care,,,,,,,,,Personal Care,Feminine Care,Feminine Care,Imported Brand,PC-FC-FC-IB-01887,,Feminine Care in Personal Care > Feminine Care. Simple product for Zephrant ERP import; one internal Default variant will be created.,Piece,Carton,12,6000,650,750,0,0,5,Active
Feminine Care Regular,,,,,,,,,Personal Care,Feminine Care,Feminine Care Regular,Store Brand,PC-FC-FCR-SB-01888,,Feminine Care Regular in Personal Care > Feminine Care. Simple product for Zephrant ERP import; one internal Default variant will be created.,Piece,Carton,12,6000,650,750,0,0,5,Active
Feminine Care Regular,,,,,,,,,Personal Care,Feminine Care,Feminine Care Regular,Local Brand,PC-FC-FCR-LB-01889,,Feminine Care Regular in Personal Care > Feminine Care. Simple product for Zephrant ERP import; one internal Default variant will be created.,Piece,Carton,12,6000,650,750,0,0,5,Active
Feminine Care Regular,,,,,,,,,Personal Care,Feminine Care,Feminine Care Regular,Imported Brand,PC-FC-FCR-IB-01890,,Feminine Care Regular in Personal Care > Feminine Care. Simple product for Zephrant ERP import; one internal Default variant will be created.,Piece,Carton,12,6000,650,750,0,0,5,Active
Feminine Care Premium,,,,,,,,,Personal Care,Feminine Care,Feminine Care Premium,Store Brand,PC-FC-FCP-SB-01891,,Feminine Care Premium in Personal Care > Feminine Care. Simple product for Zephrant ERP import; one internal Default variant will be created.,Piece,Carton,12,6000,650,750,0,0,5,Active
Feminine Care Premium,,,,,,,,,Personal Care,Feminine Care,Feminine Care Premium,Local Brand,PC-FC-FCP-LB-01892,,Feminine Care Premium in Personal Care > Feminine Care. Simple product for Zephrant ERP import; one internal Default variant will be created.,Piece,Carton,12,6000,650,750,0,0,5,Active
Feminine Care Premium,,,,,,,,,Personal Care,Feminine Care,Feminine Care Premium,Imported Brand,PC-FC-FCP-IB-01893,,Feminine Care Premium in Personal Care > Feminine Care. Simple product for Zephrant ERP import; one internal Default variant will be created.,Piece,Carton,12,6000,650,750,0,0,5,Active
Men's Grooming,,,,,,,,,Personal Care,Men's Grooming,Men's Grooming,Store Brand,PC-MSG-MSG-SB-01894,,Men's Grooming in Personal Care > Men's Grooming. Simple product for Zephrant ERP import; one internal Default variant will be created.,Piece,Carton,12,6000,650,750,0,0,5,Active
Men's Grooming,,,,,,,,,Personal Care,Men's Grooming,Men's Grooming,Local Brand,PC-MSG-MSG-LB-01895,,Men's Grooming in Personal Care > Men's Grooming. Simple product for Zephrant ERP import; one internal Default variant will be created.,Piece,Carton,12,6000,650,750,0,0,5,Active
Men's Grooming,,,,,,,,,Personal Care,Men's Grooming,Men's Grooming,Imported Brand,PC-MSG-MSG-IB-01896,,Men's Grooming in Personal Care > Men's Grooming. Simple product for Zephrant ERP import; one internal Default variant will be created.,Piece,Carton,12,6000,650,750,0,0,5,Active
Men's Grooming Regular,,,,,,,,,Personal Care,Men's Grooming,Men's Grooming Regular,Store Brand,PC-MSG-MSGR-SB-01897,,Men's Grooming Regular in Personal Care > Men's Grooming. Simple product for Zephrant ERP import; one internal Default variant will be created.,Piece,Carton,12,6000,650,750,0,0,5,Active
Men's Grooming Regular,,,,,,,,,Personal Care,Men's Grooming,Men's Grooming Regular,Local Brand,PC-MSG-MSGR-LB-01898,,Men's Grooming Regular in Personal Care > Men's Grooming. Simple product for Zephrant ERP import; one internal Default variant will be created.,Piece,Carton,12,6000,650,750,0,0,5,Active
Men's Grooming Regular,,,,,,,,,Personal Care,Men's Grooming,Men's Grooming Regular,Imported Brand,PC-MSG-MSGR-IB-01899,,Men's Grooming Regular in Personal Care > Men's Grooming. Simple product for Zephrant ERP import; one internal Default variant will be created.,Piece,Carton,12,6000,650,750,0,0,5,Active
Men's Grooming Premium,,,,,,,,,Personal Care,Men's Grooming,Men's Grooming Premium,Store Brand,PC-MSG-MSGP-SB-01900,,Men's Grooming Premium in Personal Care > Men's Grooming. Simple product for Zephrant ERP import; one internal Default variant will be created.,Piece,Carton,12,6000,650,750,0,0,5,Active
Men's Grooming Premium,,,,,,,,,Personal Care,Men's Grooming,Men's Grooming Premium,Local Brand,PC-MSG-MSGP-LB-01901,,Men's Grooming Premium in Personal Care > Men's Grooming. Simple product for Zephrant ERP import; one internal Default variant will be created.,Piece,Carton,12,6000,650,750,0,0,5,Active
Men's Grooming Premium,,,,,,,,,Personal Care,Men's Grooming,Men's Grooming Premium,Imported Brand,PC-MSG-MSGP-IB-01902,,Men's Grooming Premium in Personal Care > Men's Grooming. Simple product for Zephrant ERP import; one internal Default variant will be created.,Piece,Carton,12,6000,650,750,0,0,5,Active
Health & Hygiene,,,,,,,,,Personal Care,Health & Hygiene,Health & Hygiene,Store Brand,PC-HH-HH-SB-01903,,Health & Hygiene in Personal Care > Health & Hygiene. Simple product for Zephrant ERP import; one internal Default variant will be created.,Piece,Carton,12,6000,650,750,0,0,5,Active
Health & Hygiene,,,,,,,,,Personal Care,Health & Hygiene,Health & Hygiene,Local Brand,PC-HH-HH-LB-01904,,Health & Hygiene in Personal Care > Health & Hygiene. Simple product for Zephrant ERP import; one internal Default variant will be created.,Piece,Carton,12,6000,650,750,0,0,5,Active
Health & Hygiene,,,,,,,,,Personal Care,Health & Hygiene,Health & Hygiene,Imported Brand,PC-HH-HH-IB-01905,,Health & Hygiene in Personal Care > Health & Hygiene. Simple product for Zephrant ERP import; one internal Default variant will be created.,Piece,Carton,12,6000,650,750,0,0,5,Active
Health & Hygiene Regular,,,,,,,,,Personal Care,Health & Hygiene,Health & Hygiene Regular,Store Brand,PC-HH-HHR-SB-01906,,Health & Hygiene Regular in Personal Care > Health & Hygiene. Simple product for Zephrant ERP import; one internal Default variant will be created.,Piece,Carton,12,6000,650,750,0,0,5,Active
Health & Hygiene Regular,,,,,,,,,Personal Care,Health & Hygiene,Health & Hygiene Regular,Local Brand,PC-HH-HHR-LB-01907,,Health & Hygiene Regular in Personal Care > Health & Hygiene. Simple product for Zephrant ERP import; one internal Default variant will be created.,Piece,Carton,12,6000,650,750,0,0,5,Active
Health & Hygiene Regular,,,,,,,,,Personal Care,Health & Hygiene,Health & Hygiene Regular,Imported Brand,PC-HH-HHR-IB-01908,,Health & Hygiene Regular in Personal Care > Health & Hygiene. Simple product for Zephrant ERP import; one internal Default variant will be created.,Piece,Carton,12,6000,650,750,0,0,5,Active
Health & Hygiene Premium,,,,,,,,,Personal Care,Health & Hygiene,Health & Hygiene Premium,Store Brand,PC-HH-HHP-SB-01909,,Health & Hygiene Premium in Personal Care > Health & Hygiene. Simple product for Zephrant ERP import; one internal Default variant will be created.,Piece,Carton,12,6000,650,750,0,0,5,Active
Health & Hygiene Premium,,,,,,,,,Personal Care,Health & Hygiene,Health & Hygiene Premium,Local Brand,PC-HH-HHP-LB-01910,,Health & Hygiene Premium in Personal Care > Health & Hygiene. Simple product for Zephrant ERP import; one internal Default variant will be created.,Piece,Carton,12,6000,650,750,0,0,5,Active
Health & Hygiene Premium,,,,,,,,,Personal Care,Health & Hygiene,Health & Hygiene Premium,Imported Brand,PC-HH-HHP-IB-01911,,Health & Hygiene Premium in Personal Care > Health & Hygiene. Simple product for Zephrant ERP import; one internal Default variant will be created.,Piece,Carton,12,6000,650,750,0,0,5,Active
Pampers Diapers,,,,,,,,,Baby Care,Diapers,Diapers,Pampers,BC-DIAP-DIAP-PAMP-01912,,Pampers Diapers in Baby Care > Diapers. Simple product for Zephrant ERP import; one internal Default variant will be created.,Piece,Carton,12,6000,650,750,0,0,5,Active
Canbebe Diapers,,,,,,,,,Baby Care,Diapers,Diapers,Canbebe,BC-DIAP-DIAP-CANB-01913,,Canbebe Diapers in Baby Care > Diapers. Simple product for Zephrant ERP import; one internal Default variant will be created.,Piece,Carton,12,6000,650,750,0,0,5,Active
Molfix Diapers,,,,,,,,,Baby Care,Diapers,Diapers,Molfix,BC-DIAP-DIAP-MOLF-01914,,Molfix Diapers in Baby Care > Diapers. Simple product for Zephrant ERP import; one internal Default variant will be created.,Piece,Carton,12,6000,650,750,0,0,5,Active
Bona Papa Diapers,,,,,,,,,Baby Care,Diapers,Diapers,Bona Papa,BC-DIAP-DIAP-BP-01915,,Bona Papa Diapers in Baby Care > Diapers. Simple product for Zephrant ERP import; one internal Default variant will be created.,Piece,Carton,12,6000,650,750,0,0,5,Active
Pampers Diapers Regular,,,,,,,,,Baby Care,Diapers,Diapers Regular,Pampers,BC-DIAP-DR-PAMP-01916,,Pampers Diapers Regular in Baby Care > Diapers. Simple product for Zephrant ERP import; one internal Default variant will be created.,Piece,Carton,12,6000,650,750,0,0,5,Active
Canbebe Diapers Regular,,,,,,,,,Baby Care,Diapers,Diapers Regular,Canbebe,BC-DIAP-DR-CANB-01917,,Canbebe Diapers Regular in Baby Care > Diapers. Simple product for Zephrant ERP import; one internal Default variant will be created.,Piece,Carton,12,6000,650,750,0,0,5,Active
Molfix Diapers Regular,,,,,,,,,Baby Care,Diapers,Diapers Regular,Molfix,BC-DIAP-DR-MOLF-01918,,Molfix Diapers Regular in Baby Care > Diapers. Simple product for Zephrant ERP import; one internal Default variant will be created.,Piece,Carton,12,6000,650,750,0,0,5,Active
Bona Papa Diapers Regular,,,,,,,,,Baby Care,Diapers,Diapers Regular,Bona Papa,BC-DIAP-DR-BP-01919,,Bona Papa Diapers Regular in Baby Care > Diapers. Simple product for Zephrant ERP import; one internal Default variant will be created.,Piece,Carton,12,6000,650,750,0,0,5,Active
Pampers Diapers Premium,,,,,,,,,Baby Care,Diapers,Diapers Premium,Pampers,BC-DIAP-DP-PAMP-01920,,Pampers Diapers Premium in Baby Care > Diapers. Simple product for Zephrant ERP import; one internal Default variant will be created.,Piece,Carton,12,6000,650,750,0,0,5,Active
Canbebe Diapers Premium,,,,,,,,,Baby Care,Diapers,Diapers Premium,Canbebe,BC-DIAP-DP-CANB-01921,,Canbebe Diapers Premium in Baby Care > Diapers. Simple product for Zephrant ERP import; one internal Default variant will be created.,Piece,Carton,12,6000,650,750,0,0,5,Active
Molfix Diapers Premium,,,,,,,,,Baby Care,Diapers,Diapers Premium,Molfix,BC-DIAP-DP-MOLF-01922,,Molfix Diapers Premium in Baby Care > Diapers. Simple product for Zephrant ERP import; one internal Default variant will be created.,Piece,Carton,12,6000,650,750,0,0,5,Active
Bona Papa Diapers Premium,,,,,,,,,Baby Care,Diapers,Diapers Premium,Bona Papa,BC-DIAP-DP-BP-01923,,Bona Papa Diapers Premium in Baby Care > Diapers. Simple product for Zephrant ERP import; one internal Default variant will be created.,Piece,Carton,12,6000,650,750,0,0,5,Active
Pampers Baby Wipes,,,,,,,,,Baby Care,Baby Wipes,Baby Wipes,Pampers,BC-BW-BW-PAMP-01924,,Pampers Baby Wipes in Baby Care > Baby Wipes. Simple product for Zephrant ERP import; one internal Default variant will be created.,Piece,Carton,12,6000,650,750,0,0,5,Active
Johnson's Baby Wipes,,,,,,,,,Baby Care,Baby Wipes,Baby Wipes,Johnson's,BC-BW-BW-JS-01925,,Johnson's Baby Wipes in Baby Care > Baby Wipes. Simple product for Zephrant ERP import; one internal Default variant will be created.,Piece,Carton,12,6000,650,750,0,0,5,Active
Shield Baby Wipes,,,,,,,,,Baby Care,Baby Wipes,Baby Wipes,Shield,BC-BW-BW-SHIE-01926,,Shield Baby Wipes in Baby Care > Baby Wipes. Simple product for Zephrant ERP import; one internal Default variant will be created.,Piece,Carton,12,6000,650,750,0,0,5,Active
Canbebe Baby Wipes,,,,,,,,,Baby Care,Baby Wipes,Baby Wipes,Canbebe,BC-BW-BW-CANB-01927,,Canbebe Baby Wipes in Baby Care > Baby Wipes. Simple product for Zephrant ERP import; one internal Default variant will be created.,Piece,Carton,12,6000,650,750,0,0,5,Active
Pampers Baby Wipes Regular,,,,,,,,,Baby Care,Baby Wipes,Baby Wipes Regular,Pampers,BC-BW-BWR-PAMP-01928,,Pampers Baby Wipes Regular in Baby Care > Baby Wipes. Simple product for Zephrant ERP import; one internal Default variant will be created.,Piece,Carton,12,6000,650,750,0,0,5,Active
Johnson's Baby Wipes Regular,,,,,,,,,Baby Care,Baby Wipes,Baby Wipes Regular,Johnson's,BC-BW-BWR-JS-01929,,Johnson's Baby Wipes Regular in Baby Care > Baby Wipes. Simple product for Zephrant ERP import; one internal Default variant will be created.,Piece,Carton,12,6000,650,750,0,0,5,Active
Shield Baby Wipes Regular,,,,,,,,,Baby Care,Baby Wipes,Baby Wipes Regular,Shield,BC-BW-BWR-SHIE-01930,,Shield Baby Wipes Regular in Baby Care > Baby Wipes. Simple product for Zephrant ERP import; one internal Default variant will be created.,Piece,Carton,12,6000,650,750,0,0,5,Active
Canbebe Baby Wipes Regular,,,,,,,,,Baby Care,Baby Wipes,Baby Wipes Regular,Canbebe,BC-BW-BWR-CANB-01931,,Canbebe Baby Wipes Regular in Baby Care > Baby Wipes. Simple product for Zephrant ERP import; one internal Default variant will be created.,Piece,Carton,12,6000,650,750,0,0,5,Active
Pampers Baby Wipes Premium,,,,,,,,,Baby Care,Baby Wipes,Baby Wipes Premium,Pampers,BC-BW-BWP-PAMP-01932,,Pampers Baby Wipes Premium in Baby Care > Baby Wipes. Simple product for Zephrant ERP import; one internal Default variant will be created.,Piece,Carton,12,6000,650,750,0,0,5,Active
Johnson's Baby Wipes Premium,,,,,,,,,Baby Care,Baby Wipes,Baby Wipes Premium,Johnson's,BC-BW-BWP-JS-01933,,Johnson's Baby Wipes Premium in Baby Care > Baby Wipes. Simple product for Zephrant ERP import; one internal Default variant will be created.,Piece,Carton,12,6000,650,750,0,0,5,Active
Shield Baby Wipes Premium,,,,,,,,,Baby Care,Baby Wipes,Baby Wipes Premium,Shield,BC-BW-BWP-SHIE-01934,,Shield Baby Wipes Premium in Baby Care > Baby Wipes. Simple product for Zephrant ERP import; one internal Default variant will be created.,Piece,Carton,12,6000,650,750,0,0,5,Active
Canbebe Baby Wipes Premium,,,,,,,,,Baby Care,Baby Wipes,Baby Wipes Premium,Canbebe,BC-BW-BWP-CANB-01935,,Canbebe Baby Wipes Premium in Baby Care > Baby Wipes. Simple product for Zephrant ERP import; one internal Default variant will be created.,Piece,Carton,12,6000,650,750,0,0,5,Active
Baby Feeding,,,,,,,,,Baby Care,Baby Feeding,Baby Feeding,Store Brand,BC-BF-BF-SB-01936,,Baby Feeding in Baby Care > Baby Feeding. Simple product for Zephrant ERP import; one internal Default variant will be created.,Piece,Carton,12,6000,650,750,0,0,5,Active
Baby Feeding,,,,,,,,,Baby Care,Baby Feeding,Baby Feeding,Local Brand,BC-BF-BF-LB-01937,,Baby Feeding in Baby Care > Baby Feeding. Simple product for Zephrant ERP import; one internal Default variant will be created.,Piece,Carton,12,6000,650,750,0,0,5,Active
Baby Feeding,,,,,,,,,Baby Care,Baby Feeding,Baby Feeding,Imported Brand,BC-BF-BF-IB-01938,,Baby Feeding in Baby Care > Baby Feeding. Simple product for Zephrant ERP import; one internal Default variant will be created.,Piece,Carton,12,6000,650,750,0,0,5,Active
Baby Feeding Regular,,,,,,,,,Baby Care,Baby Feeding,Baby Feeding Regular,Store Brand,BC-BF-BFR-SB-01939,,Baby Feeding Regular in Baby Care > Baby Feeding. Simple product for Zephrant ERP import; one internal Default variant will be created.,Piece,Carton,12,6000,650,750,0,0,5,Active
Baby Feeding Regular,,,,,,,,,Baby Care,Baby Feeding,Baby Feeding Regular,Local Brand,BC-BF-BFR-LB-01940,,Baby Feeding Regular in Baby Care > Baby Feeding. Simple product for Zephrant ERP import; one internal Default variant will be created.,Piece,Carton,12,6000,650,750,0,0,5,Active
Baby Feeding Regular,,,,,,,,,Baby Care,Baby Feeding,Baby Feeding Regular,Imported Brand,BC-BF-BFR-IB-01941,,Baby Feeding Regular in Baby Care > Baby Feeding. Simple product for Zephrant ERP import; one internal Default variant will be created.,Piece,Carton,12,6000,650,750,0,0,5,Active
Baby Feeding Premium,,,,,,,,,Baby Care,Baby Feeding,Baby Feeding Premium,Store Brand,BC-BF-BFP-SB-01942,,Baby Feeding Premium in Baby Care > Baby Feeding. Simple product for Zephrant ERP import; one internal Default variant will be created.,Piece,Carton,12,6000,650,750,0,0,5,Active
Baby Feeding Premium,,,,,,,,,Baby Care,Baby Feeding,Baby Feeding Premium,Local Brand,BC-BF-BFP-LB-01943,,Baby Feeding Premium in Baby Care > Baby Feeding. Simple product for Zephrant ERP import; one internal Default variant will be created.,Piece,Carton,12,6000,650,750,0,0,5,Active
Baby Feeding Premium,,,,,,,,,Baby Care,Baby Feeding,Baby Feeding Premium,Imported Brand,BC-BF-BFP-IB-01944,,Baby Feeding Premium in Baby Care > Baby Feeding. Simple product for Zephrant ERP import; one internal Default variant will be created.,Piece,Carton,12,6000,650,750,0,0,5,Active
Baby Bottles,,,,,,,,,Baby Care,Baby Bottles,Baby Bottles,Store Brand,BC-BB-BB-SB-01945,,Baby Bottles in Baby Care > Baby Bottles. Simple product for Zephrant ERP import; one internal Default variant will be created.,Piece,Carton,12,6000,650,750,0,0,5,Active
Baby Bottles,,,,,,,,,Baby Care,Baby Bottles,Baby Bottles,Local Brand,BC-BB-BB-LB-01946,,Baby Bottles in Baby Care > Baby Bottles. Simple product for Zephrant ERP import; one internal Default variant will be created.,Piece,Carton,12,6000,650,750,0,0,5,Active
Baby Bottles,,,,,,,,,Baby Care,Baby Bottles,Baby Bottles,Imported Brand,BC-BB-BB-IB-01947,,Baby Bottles in Baby Care > Baby Bottles. Simple product for Zephrant ERP import; one internal Default variant will be created.,Piece,Carton,12,6000,650,750,0,0,5,Active
Baby Bottles Regular,,,,,,,,,Baby Care,Baby Bottles,Baby Bottles Regular,Store Brand,BC-BB-BBR-SB-01948,,Baby Bottles Regular in Baby Care > Baby Bottles. Simple product for Zephrant ERP import; one internal Default variant will be created.,Piece,Carton,12,6000,650,750,0,0,5,Active
Baby Bottles Regular,,,,,,,,,Baby Care,Baby Bottles,Baby Bottles Regular,Local Brand,BC-BB-BBR-LB-01949,,Baby Bottles Regular in Baby Care > Baby Bottles. Simple product for Zephrant ERP import; one internal Default variant will be created.,Piece,Carton,12,6000,650,750,0,0,5,Active
Baby Bottles Regular,,,,,,,,,Baby Care,Baby Bottles,Baby Bottles Regular,Imported Brand,BC-BB-BBR-IB-01950,,Baby Bottles Regular in Baby Care > Baby Bottles. Simple product for Zephrant ERP import; one internal Default variant will be created.,Piece,Carton,12,6000,650,750,0,0,5,Active
Baby Bottles Premium,,,,,,,,,Baby Care,Baby Bottles,Baby Bottles Premium,Store Brand,BC-BB-BBP-SB-01951,,Baby Bottles Premium in Baby Care > Baby Bottles. Simple product for Zephrant ERP import; one internal Default variant will be created.,Piece,Carton,12,6000,650,750,0,0,5,Active
Baby Bottles Premium,,,,,,,,,Baby Care,Baby Bottles,Baby Bottles Premium,Local Brand,BC-BB-BBP-LB-01952,,Baby Bottles Premium in Baby Care > Baby Bottles. Simple product for Zephrant ERP import; one internal Default variant will be created.,Piece,Carton,12,6000,650,750,0,0,5,Active
Baby Bottles Premium,,,,,,,,,Baby Care,Baby Bottles,Baby Bottles Premium,Imported Brand,BC-BB-BBP-IB-01953,,Baby Bottles Premium in Baby Care > Baby Bottles. Simple product for Zephrant ERP import; one internal Default variant will be created.,Piece,Carton,12,6000,650,750,0,0,5,Active
Baby Food,,,,,,,,,Baby Care,Baby Food,Baby Food,Store Brand,BC-BF-BF-SB-01954,,Baby Food in Baby Care > Baby Food. Simple product for Zephrant ERP import; one internal Default variant will be created.,Piece,Carton,12,6000,650,750,0,0,5,Active
Baby Food,,,,,,,,,Baby Care,Baby Food,Baby Food,Local Brand,BC-BF-BF-LB-01955,,Baby Food in Baby Care > Baby Food. Simple product for Zephrant ERP import; one internal Default variant will be created.,Piece,Carton,12,6000,650,750,0,0,5,Active
Baby Food,,,,,,,,,Baby Care,Baby Food,Baby Food,Imported Brand,BC-BF-BF-IB-01956,,Baby Food in Baby Care > Baby Food. Simple product for Zephrant ERP import; one internal Default variant will be created.,Piece,Carton,12,6000,650,750,0,0,5,Active
Baby Food Regular,,,,,,,,,Baby Care,Baby Food,Baby Food Regular,Store Brand,BC-BF-BFR-SB-01957,,Baby Food Regular in Baby Care > Baby Food. Simple product for Zephrant ERP import; one internal Default variant will be created.,Piece,Carton,12,6000,650,750,0,0,5,Active
Baby Food Regular,,,,,,,,,Baby Care,Baby Food,Baby Food Regular,Local Brand,BC-BF-BFR-LB-01958,,Baby Food Regular in Baby Care > Baby Food. Simple product for Zephrant ERP import; one internal Default variant will be created.,Piece,Carton,12,6000,650,750,0,0,5,Active
Baby Food Regular,,,,,,,,,Baby Care,Baby Food,Baby Food Regular,Imported Brand,BC-BF-BFR-IB-01959,,Baby Food Regular in Baby Care > Baby Food. Simple product for Zephrant ERP import; one internal Default variant will be created.,Piece,Carton,12,6000,650,750,0,0,5,Active
Baby Food Premium,,,,,,,,,Baby Care,Baby Food,Baby Food Premium,Store Brand,BC-BF-BFP-SB-01960,,Baby Food Premium in Baby Care > Baby Food. Simple product for Zephrant ERP import; one internal Default variant will be created.,Piece,Carton,12,6000,650,750,0,0,5,Active
Baby Food Premium,,,,,,,,,Baby Care,Baby Food,Baby Food Premium,Local Brand,BC-BF-BFP-LB-01961,,Baby Food Premium in Baby Care > Baby Food. Simple product for Zephrant ERP import; one internal Default variant will be created.,Piece,Carton,12,6000,650,750,0,0,5,Active
Baby Food Premium,,,,,,,,,Baby Care,Baby Food,Baby Food Premium,Imported Brand,BC-BF-BFP-IB-01962,,Baby Food Premium in Baby Care > Baby Food. Simple product for Zephrant ERP import; one internal Default variant will be created.,Piece,Carton,12,6000,650,750,0,0,5,Active
Nestle Formula Milk,,,,,,,,,Baby Care,Formula Milk,Formula Milk,Nestle,BC-FM-FM-NEST-01963,,Nestle Formula Milk in Baby Care > Formula Milk. Simple product for Zephrant ERP import; one internal Default variant will be created.,Piece,Carton,24,2400,120,140,0,0,10,Active
Morinaga Formula Milk,,,,,,,,,Baby Care,Formula Milk,Formula Milk,Morinaga,BC-FM-FM-MORI-01964,,Morinaga Formula Milk in Baby Care > Formula Milk. Simple product for Zephrant ERP import; one internal Default variant will be created.,Piece,Carton,24,2400,120,140,0,0,10,Active
Aptamil Formula Milk,,,,,,,,,Baby Care,Formula Milk,Formula Milk,Aptamil,BC-FM-FM-APTA-01965,,Aptamil Formula Milk in Baby Care > Formula Milk. Simple product for Zephrant ERP import; one internal Default variant will be created.,Piece,Carton,24,2400,120,140,0,0,10,Active
Meiji Formula Milk,,,,,,,,,Baby Care,Formula Milk,Formula Milk,Meiji,BC-FM-FM-MEIJ-01966,,Meiji Formula Milk in Baby Care > Formula Milk. Simple product for Zephrant ERP import; one internal Default variant will be created.,Piece,Carton,24,2400,120,140,0,0,10,Active
Nestle Formula Milk Regular,,,,,,,,,Baby Care,Formula Milk,Formula Milk Regular,Nestle,BC-FM-FMR-NEST-01967,,Nestle Formula Milk Regular in Baby Care > Formula Milk. Simple product for Zephrant ERP import; one internal Default variant will be created.,Piece,Carton,24,2400,120,140,0,0,10,Active
Morinaga Formula Milk Regular,,,,,,,,,Baby Care,Formula Milk,Formula Milk Regular,Morinaga,BC-FM-FMR-MORI-01968,,Morinaga Formula Milk Regular in Baby Care > Formula Milk. Simple product for Zephrant ERP import; one internal Default variant will be created.,Piece,Carton,24,2400,120,140,0,0,10,Active
Aptamil Formula Milk Regular,,,,,,,,,Baby Care,Formula Milk,Formula Milk Regular,Aptamil,BC-FM-FMR-APTA-01969,,Aptamil Formula Milk Regular in Baby Care > Formula Milk. Simple product for Zephrant ERP import; one internal Default variant will be created.,Piece,Carton,24,2400,120,140,0,0,10,Active
Meiji Formula Milk Regular,,,,,,,,,Baby Care,Formula Milk,Formula Milk Regular,Meiji,BC-FM-FMR-MEIJ-01970,,Meiji Formula Milk Regular in Baby Care > Formula Milk. Simple product for Zephrant ERP import; one internal Default variant will be created.,Piece,Carton,24,2400,120,140,0,0,10,Active
Nestle Formula Milk Premium,,,,,,,,,Baby Care,Formula Milk,Formula Milk Premium,Nestle,BC-FM-FMP-NEST-01971,,Nestle Formula Milk Premium in Baby Care > Formula Milk. Simple product for Zephrant ERP import; one internal Default variant will be created.,Piece,Carton,24,2400,120,140,0,0,10,Active
Morinaga Formula Milk Premium,,,,,,,,,Baby Care,Formula Milk,Formula Milk Premium,Morinaga,BC-FM-FMP-MORI-01972,,Morinaga Formula Milk Premium in Baby Care > Formula Milk. Simple product for Zephrant ERP import; one internal Default variant will be created.,Piece,Carton,24,2400,120,140,0,0,10,Active
Aptamil Formula Milk Premium,,,,,,,,,Baby Care,Formula Milk,Formula Milk Premium,Aptamil,BC-FM-FMP-APTA-01973,,Aptamil Formula Milk Premium in Baby Care > Formula Milk. Simple product for Zephrant ERP import; one internal Default variant will be created.,Piece,Carton,24,2400,120,140,0,0,10,Active
Meiji Formula Milk Premium,,,,,,,,,Baby Care,Formula Milk,Formula Milk Premium,Meiji,BC-FM-FMP-MEIJ-01974,,Meiji Formula Milk Premium in Baby Care > Formula Milk. Simple product for Zephrant ERP import; one internal Default variant will be created.,Piece,Carton,24,2400,120,140,0,0,10,Active
Baby Shampoo,,,,,,,,,Baby Care,Baby Shampoo,Baby Shampoo,Store Brand,BC-BS-BS-SB-01975,,Baby Shampoo in Baby Care > Baby Shampoo. Simple product for Zephrant ERP import; one internal Default variant will be created.,Piece,Carton,12,6000,650,750,0,0,5,Active
Baby Shampoo,,,,,,,,,Baby Care,Baby Shampoo,Baby Shampoo,Local Brand,BC-BS-BS-LB-01976,,Baby Shampoo in Baby Care > Baby Shampoo. Simple product for Zephrant ERP import; one internal Default variant will be created.,Piece,Carton,12,6000,650,750,0,0,5,Active
Baby Shampoo,,,,,,,,,Baby Care,Baby Shampoo,Baby Shampoo,Imported Brand,BC-BS-BS-IB-01977,,Baby Shampoo in Baby Care > Baby Shampoo. Simple product for Zephrant ERP import; one internal Default variant will be created.,Piece,Carton,12,6000,650,750,0,0,5,Active
Baby Shampoo Regular,,,,,,,,,Baby Care,Baby Shampoo,Baby Shampoo Regular,Store Brand,BC-BS-BSR-SB-01978,,Baby Shampoo Regular in Baby Care > Baby Shampoo. Simple product for Zephrant ERP import; one internal Default variant will be created.,Piece,Carton,12,6000,650,750,0,0,5,Active
Baby Shampoo Regular,,,,,,,,,Baby Care,Baby Shampoo,Baby Shampoo Regular,Local Brand,BC-BS-BSR-LB-01979,,Baby Shampoo Regular in Baby Care > Baby Shampoo. Simple product for Zephrant ERP import; one internal Default variant will be created.,Piece,Carton,12,6000,650,750,0,0,5,Active
Baby Shampoo Regular,,,,,,,,,Baby Care,Baby Shampoo,Baby Shampoo Regular,Imported Brand,BC-BS-BSR-IB-01980,,Baby Shampoo Regular in Baby Care > Baby Shampoo. Simple product for Zephrant ERP import; one internal Default variant will be created.,Piece,Carton,12,6000,650,750,0,0,5,Active
Baby Shampoo Premium,,,,,,,,,Baby Care,Baby Shampoo,Baby Shampoo Premium,Store Brand,BC-BS-BSP-SB-01981,,Baby Shampoo Premium in Baby Care > Baby Shampoo. Simple product for Zephrant ERP import; one internal Default variant will be created.,Piece,Carton,12,6000,650,750,0,0,5,Active
Baby Shampoo Premium,,,,,,,,,Baby Care,Baby Shampoo,Baby Shampoo Premium,Local Brand,BC-BS-BSP-LB-01982,,Baby Shampoo Premium in Baby Care > Baby Shampoo. Simple product for Zephrant ERP import; one internal Default variant will be created.,Piece,Carton,12,6000,650,750,0,0,5,Active
Baby Shampoo Premium,,,,,,,,,Baby Care,Baby Shampoo,Baby Shampoo Premium,Imported Brand,BC-BS-BSP-IB-01983,,Baby Shampoo Premium in Baby Care > Baby Shampoo. Simple product for Zephrant ERP import; one internal Default variant will be created.,Piece,Carton,12,6000,650,750,0,0,5,Active
Baby Soap,,,,,,,,,Baby Care,Baby Soap,Baby Soap,Store Brand,BC-BS-BS-SB-01984,,Baby Soap in Baby Care > Baby Soap. Simple product for Zephrant ERP import; one internal Default variant will be created.,Piece,Carton,12,6000,650,750,0,0,5,Active
Baby Soap,,,,,,,,,Baby Care,Baby Soap,Baby Soap,Local Brand,BC-BS-BS-LB-01985,,Baby Soap in Baby Care > Baby Soap. Simple product for Zephrant ERP import; one internal Default variant will be created.,Piece,Carton,12,6000,650,750,0,0,5,Active
Baby Soap,,,,,,,,,Baby Care,Baby Soap,Baby Soap,Imported Brand,BC-BS-BS-IB-01986,,Baby Soap in Baby Care > Baby Soap. Simple product for Zephrant ERP import; one internal Default variant will be created.,Piece,Carton,12,6000,650,750,0,0,5,Active
Baby Soap Regular,,,,,,,,,Baby Care,Baby Soap,Baby Soap Regular,Store Brand,BC-BS-BSR-SB-01987,,Baby Soap Regular in Baby Care > Baby Soap. Simple product for Zephrant ERP import; one internal Default variant will be created.,Piece,Carton,12,6000,650,750,0,0,5,Active
Baby Soap Regular,,,,,,,,,Baby Care,Baby Soap,Baby Soap Regular,Local Brand,BC-BS-BSR-LB-01988,,Baby Soap Regular in Baby Care > Baby Soap. Simple product for Zephrant ERP import; one internal Default variant will be created.,Piece,Carton,12,6000,650,750,0,0,5,Active
Baby Soap Regular,,,,,,,,,Baby Care,Baby Soap,Baby Soap Regular,Imported Brand,BC-BS-BSR-IB-01989,,Baby Soap Regular in Baby Care > Baby Soap. Simple product for Zephrant ERP import; one internal Default variant will be created.,Piece,Carton,12,6000,650,750,0,0,5,Active
Baby Soap Premium,,,,,,,,,Baby Care,Baby Soap,Baby Soap Premium,Store Brand,BC-BS-BSP-SB-01990,,Baby Soap Premium in Baby Care > Baby Soap. Simple product for Zephrant ERP import; one internal Default variant will be created.,Piece,Carton,12,6000,650,750,0,0,5,Active
Baby Soap Premium,,,,,,,,,Baby Care,Baby Soap,Baby Soap Premium,Local Brand,BC-BS-BSP-LB-01991,,Baby Soap Premium in Baby Care > Baby Soap. Simple product for Zephrant ERP import; one internal Default variant will be created.,Piece,Carton,12,6000,650,750,0,0,5,Active
Baby Soap Premium,,,,,,,,,Baby Care,Baby Soap,Baby Soap Premium,Imported Brand,BC-BS-BSP-IB-01992,,Baby Soap Premium in Baby Care > Baby Soap. Simple product for Zephrant ERP import; one internal Default variant will be created.,Piece,Carton,12,6000,650,750,0,0,5,Active
Baby Lotion,,,,,,,,,Baby Care,Baby Lotion,Baby Lotion,Store Brand,BC-BL-BL-SB-01993,,Baby Lotion in Baby Care > Baby Lotion. Simple product for Zephrant ERP import; one internal Default variant will be created.,Piece,Carton,12,6000,650,750,0,0,5,Active
Baby Lotion,,,,,,,,,Baby Care,Baby Lotion,Baby Lotion,Local Brand,BC-BL-BL-LB-01994,,Baby Lotion in Baby Care > Baby Lotion. Simple product for Zephrant ERP import; one internal Default variant will be created.,Piece,Carton,12,6000,650,750,0,0,5,Active
Baby Lotion,,,,,,,,,Baby Care,Baby Lotion,Baby Lotion,Imported Brand,BC-BL-BL-IB-01995,,Baby Lotion in Baby Care > Baby Lotion. Simple product for Zephrant ERP import; one internal Default variant will be created.,Piece,Carton,12,6000,650,750,0,0,5,Active
Baby Lotion Regular,,,,,,,,,Baby Care,Baby Lotion,Baby Lotion Regular,Store Brand,BC-BL-BLR-SB-01996,,Baby Lotion Regular in Baby Care > Baby Lotion. Simple product for Zephrant ERP import; one internal Default variant will be created.,Piece,Carton,12,6000,650,750,0,0,5,Active
Baby Lotion Regular,,,,,,,,,Baby Care,Baby Lotion,Baby Lotion Regular,Local Brand,BC-BL-BLR-LB-01997,,Baby Lotion Regular in Baby Care > Baby Lotion. Simple product for Zephrant ERP import; one internal Default variant will be created.,Piece,Carton,12,6000,650,750,0,0,5,Active
Baby Lotion Regular,,,,,,,,,Baby Care,Baby Lotion,Baby Lotion Regular,Imported Brand,BC-BL-BLR-IB-01998,,Baby Lotion Regular in Baby Care > Baby Lotion. Simple product for Zephrant ERP import; one internal Default variant will be created.,Piece,Carton,12,6000,650,750,0,0,5,Active
Baby Lotion Premium,,,,,,,,,Baby Care,Baby Lotion,Baby Lotion Premium,Store Brand,BC-BL-BLP-SB-01999,,Baby Lotion Premium in Baby Care > Baby Lotion. Simple product for Zephrant ERP import; one internal Default variant will be created.,Piece,Carton,12,6000,650,750,0,0,5,Active
Baby Lotion Premium,,,,,,,,,Baby Care,Baby Lotion,Baby Lotion Premium,Local Brand,BC-BL-BLP-LB-02000,,Baby Lotion Premium in Baby Care > Baby Lotion. Simple product for Zephrant ERP import; one internal Default variant will be created.,Piece,Carton,12,6000,650,750,0,0,5,Active
Baby Lotion Premium,,,,,,,,,Baby Care,Baby Lotion,Baby Lotion Premium,Imported Brand,BC-BL-BLP-IB-02001,,Baby Lotion Premium in Baby Care > Baby Lotion. Simple product for Zephrant ERP import; one internal Default variant will be created.,Piece,Carton,12,6000,650,750,0,0,5,Active
Baby Powder,,,,,,,,,Baby Care,Baby Powder,Baby Powder,Store Brand,BC-BP-BP-SB-02002,,Baby Powder in Baby Care > Baby Powder. Simple product for Zephrant ERP import; one internal Default variant will be created.,Piece,Carton,12,6000,650,750,0,0,5,Active
Baby Powder,,,,,,,,,Baby Care,Baby Powder,Baby Powder,Local Brand,BC-BP-BP-LB-02003,,Baby Powder in Baby Care > Baby Powder. Simple product for Zephrant ERP import; one internal Default variant will be created.,Piece,Carton,12,6000,650,750,0,0,5,Active
Baby Powder,,,,,,,,,Baby Care,Baby Powder,Baby Powder,Imported Brand,BC-BP-BP-IB-02004,,Baby Powder in Baby Care > Baby Powder. Simple product for Zephrant ERP import; one internal Default variant will be created.,Piece,Carton,12,6000,650,750,0,0,5,Active
Baby Powder Regular,,,,,,,,,Baby Care,Baby Powder,Baby Powder Regular,Store Brand,BC-BP-BPR-SB-02005,,Baby Powder Regular in Baby Care > Baby Powder. Simple product for Zephrant ERP import; one internal Default variant will be created.,Piece,Carton,12,6000,650,750,0,0,5,Active
Baby Powder Regular,,,,,,,,,Baby Care,Baby Powder,Baby Powder Regular,Local Brand,BC-BP-BPR-LB-02006,,Baby Powder Regular in Baby Care > Baby Powder. Simple product for Zephrant ERP import; one internal Default variant will be created.,Piece,Carton,12,6000,650,750,0,0,5,Active
Baby Powder Regular,,,,,,,,,Baby Care,Baby Powder,Baby Powder Regular,Imported Brand,BC-BP-BPR-IB-02007,,Baby Powder Regular in Baby Care > Baby Powder. Simple product for Zephrant ERP import; one internal Default variant will be created.,Piece,Carton,12,6000,650,750,0,0,5,Active
Baby Powder Premium,,,,,,,,,Baby Care,Baby Powder,Baby Powder Premium,Store Brand,BC-BP-BPP-SB-02008,,Baby Powder Premium in Baby Care > Baby Powder. Simple product for Zephrant ERP import; one internal Default variant will be created.,Piece,Carton,12,6000,650,750,0,0,5,Active
Baby Powder Premium,,,,,,,,,Baby Care,Baby Powder,Baby Powder Premium,Local Brand,BC-BP-BPP-LB-02009,,Baby Powder Premium in Baby Care > Baby Powder. Simple product for Zephrant ERP import; one internal Default variant will be created.,Piece,Carton,12,6000,650,750,0,0,5,Active
Baby Powder Premium,,,,,,,,,Baby Care,Baby Powder,Baby Powder Premium,Imported Brand,BC-BP-BPP-IB-02010,,Baby Powder Premium in Baby Care > Baby Powder. Simple product for Zephrant ERP import; one internal Default variant will be created.,Piece,Carton,12,6000,650,750,0,0,5,Active
Baby Accessories,,,,,,,,,Baby Care,Baby Accessories,Baby Accessories,Store Brand,BC-BA-BA-SB-02011,,Baby Accessories in Baby Care > Baby Accessories. Simple product for Zephrant ERP import; one internal Default variant will be created.,Piece,Carton,12,6000,650,750,0,0,5,Active
Baby Accessories,,,,,,,,,Baby Care,Baby Accessories,Baby Accessories,Local Brand,BC-BA-BA-LB-02012,,Baby Accessories in Baby Care > Baby Accessories. Simple product for Zephrant ERP import; one internal Default variant will be created.,Piece,Carton,12,6000,650,750,0,0,5,Active
Baby Accessories,,,,,,,,,Baby Care,Baby Accessories,Baby Accessories,Imported Brand,BC-BA-BA-IB-02013,,Baby Accessories in Baby Care > Baby Accessories. Simple product for Zephrant ERP import; one internal Default variant will be created.,Piece,Carton,12,6000,650,750,0,0,5,Active
Baby Accessories Regular,,,,,,,,,Baby Care,Baby Accessories,Baby Accessories Regular,Store Brand,BC-BA-BAR-SB-02014,,Baby Accessories Regular in Baby Care > Baby Accessories. Simple product for Zephrant ERP import; one internal Default variant will be created.,Piece,Carton,12,6000,650,750,0,0,5,Active
Baby Accessories Regular,,,,,,,,,Baby Care,Baby Accessories,Baby Accessories Regular,Local Brand,BC-BA-BAR-LB-02015,,Baby Accessories Regular in Baby Care > Baby Accessories. Simple product for Zephrant ERP import; one internal Default variant will be created.,Piece,Carton,12,6000,650,750,0,0,5,Active
Baby Accessories Regular,,,,,,,,,Baby Care,Baby Accessories,Baby Accessories Regular,Imported Brand,BC-BA-BAR-IB-02016,,Baby Accessories Regular in Baby Care > Baby Accessories. Simple product for Zephrant ERP import; one internal Default variant will be created.,Piece,Carton,12,6000,650,750,0,0,5,Active
Baby Accessories Premium,,,,,,,,,Baby Care,Baby Accessories,Baby Accessories Premium,Store Brand,BC-BA-BAP-SB-02017,,Baby Accessories Premium in Baby Care > Baby Accessories. Simple product for Zephrant ERP import; one internal Default variant will be created.,Piece,Carton,12,6000,650,750,0,0,5,Active
Baby Accessories Premium,,,,,,,,,Baby Care,Baby Accessories,Baby Accessories Premium,Local Brand,BC-BA-BAP-LB-02018,,Baby Accessories Premium in Baby Care > Baby Accessories. Simple product for Zephrant ERP import; one internal Default variant will be created.,Piece,Carton,12,6000,650,750,0,0,5,Active
Baby Accessories Premium,,,,,,,,,Baby Care,Baby Accessories,Baby Accessories Premium,Imported Brand,BC-BA-BAP-IB-02019,,Baby Accessories Premium in Baby Care > Baby Accessories. Simple product for Zephrant ERP import; one internal Default variant will be created.,Piece,Carton,12,6000,650,750,0,0,5,Active
Baby Health,,,,,,,,,Baby Care,Baby Health,Baby Health,Store Brand,BC-BH-BH-SB-02020,,Baby Health in Baby Care > Baby Health. Simple product for Zephrant ERP import; one internal Default variant will be created.,Piece,Carton,12,6000,650,750,0,0,5,Active
Baby Health,,,,,,,,,Baby Care,Baby Health,Baby Health,Local Brand,BC-BH-BH-LB-02021,,Baby Health in Baby Care > Baby Health. Simple product for Zephrant ERP import; one internal Default variant will be created.,Piece,Carton,12,6000,650,750,0,0,5,Active
Baby Health,,,,,,,,,Baby Care,Baby Health,Baby Health,Imported Brand,BC-BH-BH-IB-02022,,Baby Health in Baby Care > Baby Health. Simple product for Zephrant ERP import; one internal Default variant will be created.,Piece,Carton,12,6000,650,750,0,0,5,Active
Baby Health Regular,,,,,,,,,Baby Care,Baby Health,Baby Health Regular,Store Brand,BC-BH-BHR-SB-02023,,Baby Health Regular in Baby Care > Baby Health. Simple product for Zephrant ERP import; one internal Default variant will be created.,Piece,Carton,12,6000,650,750,0,0,5,Active
Baby Health Regular,,,,,,,,,Baby Care,Baby Health,Baby Health Regular,Local Brand,BC-BH-BHR-LB-02024,,Baby Health Regular in Baby Care > Baby Health. Simple product for Zephrant ERP import; one internal Default variant will be created.,Piece,Carton,12,6000,650,750,0,0,5,Active
Baby Health Regular,,,,,,,,,Baby Care,Baby Health,Baby Health Regular,Imported Brand,BC-BH-BHR-IB-02025,,Baby Health Regular in Baby Care > Baby Health. Simple product for Zephrant ERP import; one internal Default variant will be created.,Piece,Carton,12,6000,650,750,0,0,5,Active
Baby Health Premium,,,,,,,,,Baby Care,Baby Health,Baby Health Premium,Store Brand,BC-BH-BHP-SB-02026,,Baby Health Premium in Baby Care > Baby Health. Simple product for Zephrant ERP import; one internal Default variant will be created.,Piece,Carton,12,6000,650,750,0,0,5,Active
Baby Health Premium,,,,,,,,,Baby Care,Baby Health,Baby Health Premium,Local Brand,BC-BH-BHP-LB-02027,,Baby Health Premium in Baby Care > Baby Health. Simple product for Zephrant ERP import; one internal Default variant will be created.,Piece,Carton,12,6000,650,750,0,0,5,Active
Baby Health Premium,,,,,,,,,Baby Care,Baby Health,Baby Health Premium,Imported Brand,BC-BH-BHP-IB-02028,,Baby Health Premium in Baby Care > Baby Health. Simple product for Zephrant ERP import; one internal Default variant will be created.,Piece,Carton,12,6000,650,750,0,0,5,Active
Surf Excel Laundry Detergent,,,,,,,,,Home Care,Laundry Detergent,Laundry Detergent,Surf Excel,HC-LD-LD-SE-02029,,Surf Excel Laundry Detergent in Home Care > Laundry Detergent. Simple product for Zephrant ERP import; one internal Default variant will be created.,Piece,Carton,12,6000,650,750,0,0,5,Active
Ariel Laundry Detergent,,,,,,,,,Home Care,Laundry Detergent,Laundry Detergent,Ariel,HC-LD-LD-ARIE-02030,,Ariel Laundry Detergent in Home Care > Laundry Detergent. Simple product for Zephrant ERP import; one internal Default variant will be created.,Piece,Carton,12,6000,650,750,0,0,5,Active
Brite Laundry Detergent,,,,,,,,,Home Care,Laundry Detergent,Laundry Detergent,Brite,HC-LD-LD-BRIT-02031,,Brite Laundry Detergent in Home Care > Laundry Detergent. Simple product for Zephrant ERP import; one internal Default variant will be created.,Piece,Carton,12,6000,650,750,0,0,5,Active
Bonus Laundry Detergent,,,,,,,,,Home Care,Laundry Detergent,Laundry Detergent,Bonus,HC-LD-LD-BONU-02032,,Bonus Laundry Detergent in Home Care > Laundry Detergent. Simple product for Zephrant ERP import; one internal Default variant will be created.,Piece,Carton,12,6000,650,750,0,0,5,Active
Surf Excel Laundry Detergent Regular,,,,,,,,,Home Care,Laundry Detergent,Laundry Detergent Regular,Surf Excel,HC-LD-LDR-SE-02033,,Surf Excel Laundry Detergent Regular in Home Care > Laundry Detergent. Simple product for Zephrant ERP import; one internal Default variant will be created.,Piece,Carton,12,6000,650,750,0,0,5,Active
Ariel Laundry Detergent Regular,,,,,,,,,Home Care,Laundry Detergent,Laundry Detergent Regular,Ariel,HC-LD-LDR-ARIE-02034,,Ariel Laundry Detergent Regular in Home Care > Laundry Detergent. Simple product for Zephrant ERP import; one internal Default variant will be created.,Piece,Carton,12,6000,650,750,0,0,5,Active
Brite Laundry Detergent Regular,,,,,,,,,Home Care,Laundry Detergent,Laundry Detergent Regular,Brite,HC-LD-LDR-BRIT-02035,,Brite Laundry Detergent Regular in Home Care > Laundry Detergent. Simple product for Zephrant ERP import; one internal Default variant will be created.,Piece,Carton,12,6000,650,750,0,0,5,Active
Bonus Laundry Detergent Regular,,,,,,,,,Home Care,Laundry Detergent,Laundry Detergent Regular,Bonus,HC-LD-LDR-BONU-02036,,Bonus Laundry Detergent Regular in Home Care > Laundry Detergent. Simple product for Zephrant ERP import; one internal Default variant will be created.,Piece,Carton,12,6000,650,750,0,0,5,Active
Surf Excel Laundry Detergent Premium,,,,,,,,,Home Care,Laundry Detergent,Laundry Detergent Premium,Surf Excel,HC-LD-LDP-SE-02037,,Surf Excel Laundry Detergent Premium in Home Care > Laundry Detergent. Simple product for Zephrant ERP import; one internal Default variant will be created.,Piece,Carton,12,6000,650,750,0,0,5,Active
Ariel Laundry Detergent Premium,,,,,,,,,Home Care,Laundry Detergent,Laundry Detergent Premium,Ariel,HC-LD-LDP-ARIE-02038,,Ariel Laundry Detergent Premium in Home Care > Laundry Detergent. Simple product for Zephrant ERP import; one internal Default variant will be created.,Piece,Carton,12,6000,650,750,0,0,5,Active
Brite Laundry Detergent Premium,,,,,,,,,Home Care,Laundry Detergent,Laundry Detergent Premium,Brite,HC-LD-LDP-BRIT-02039,,Brite Laundry Detergent Premium in Home Care > Laundry Detergent. Simple product for Zephrant ERP import; one internal Default variant will be created.,Piece,Carton,12,6000,650,750,0,0,5,Active
Bonus Laundry Detergent Premium,,,,,,,,,Home Care,Laundry Detergent,Laundry Detergent Premium,Bonus,HC-LD-LDP-BONU-02040,,Bonus Laundry Detergent Premium in Home Care > Laundry Detergent. Simple product for Zephrant ERP import; one internal Default variant will be created.,Piece,Carton,12,6000,650,750,0,0,5,Active
Laundry Soap,,,,,,,,,Home Care,Laundry Soap,Laundry Soap,Store Brand,HC-LS-LS-SB-02041,,Laundry Soap in Home Care > Laundry Soap. Simple product for Zephrant ERP import; one internal Default variant will be created.,Piece,Carton,12,6000,650,750,0,0,5,Active
Laundry Soap,,,,,,,,,Home Care,Laundry Soap,Laundry Soap,Local Brand,HC-LS-LS-LB-02042,,Laundry Soap in Home Care > Laundry Soap. Simple product for Zephrant ERP import; one internal Default variant will be created.,Piece,Carton,12,6000,650,750,0,0,5,Active
Laundry Soap,,,,,,,,,Home Care,Laundry Soap,Laundry Soap,Imported Brand,HC-LS-LS-IB-02043,,Laundry Soap in Home Care > Laundry Soap. Simple product for Zephrant ERP import; one internal Default variant will be created.,Piece,Carton,12,6000,650,750,0,0,5,Active
Laundry Soap Regular,,,,,,,,,Home Care,Laundry Soap,Laundry Soap Regular,Store Brand,HC-LS-LSR-SB-02044,,Laundry Soap Regular in Home Care > Laundry Soap. Simple product for Zephrant ERP import; one internal Default variant will be created.,Piece,Carton,12,6000,650,750,0,0,5,Active
Laundry Soap Regular,,,,,,,,,Home Care,Laundry Soap,Laundry Soap Regular,Local Brand,HC-LS-LSR-LB-02045,,Laundry Soap Regular in Home Care > Laundry Soap. Simple product for Zephrant ERP import; one internal Default variant will be created.,Piece,Carton,12,6000,650,750,0,0,5,Active
Laundry Soap Regular,,,,,,,,,Home Care,Laundry Soap,Laundry Soap Regular,Imported Brand,HC-LS-LSR-IB-02046,,Laundry Soap Regular in Home Care > Laundry Soap. Simple product for Zephrant ERP import; one internal Default variant will be created.,Piece,Carton,12,6000,650,750,0,0,5,Active
Laundry Soap Premium,,,,,,,,,Home Care,Laundry Soap,Laundry Soap Premium,Store Brand,HC-LS-LSP-SB-02047,,Laundry Soap Premium in Home Care > Laundry Soap. Simple product for Zephrant ERP import; one internal Default variant will be created.,Piece,Carton,12,6000,650,750,0,0,5,Active
Laundry Soap Premium,,,,,,,,,Home Care,Laundry Soap,Laundry Soap Premium,Local Brand,HC-LS-LSP-LB-02048,,Laundry Soap Premium in Home Care > Laundry Soap. Simple product for Zephrant ERP import; one internal Default variant will be created.,Piece,Carton,12,6000,650,750,0,0,5,Active
Laundry Soap Premium,,,,,,,,,Home Care,Laundry Soap,Laundry Soap Premium,Imported Brand,HC-LS-LSP-IB-02049,,Laundry Soap Premium in Home Care > Laundry Soap. Simple product for Zephrant ERP import; one internal Default variant will be created.,Piece,Carton,12,6000,650,750,0,0,5,Active
Fabric Softener,,,,,,,,,Home Care,Fabric Softener,Fabric Softener,Store Brand,HC-FS-FS-SB-02050,,Fabric Softener in Home Care > Fabric Softener. Simple product for Zephrant ERP import; one internal Default variant will be created.,Piece,Carton,24,2400,120,140,0,0,10,Active
Fabric Softener,,,,,,,,,Home Care,Fabric Softener,Fabric Softener,Local Brand,HC-FS-FS-LB-02051,,Fabric Softener in Home Care > Fabric Softener. Simple product for Zephrant ERP import; one internal Default variant will be created.,Piece,Carton,24,2400,120,140,0,0,10,Active
Fabric Softener,,,,,,,,,Home Care,Fabric Softener,Fabric Softener,Imported Brand,HC-FS-FS-IB-02052,,Fabric Softener in Home Care > Fabric Softener. Simple product for Zephrant ERP import; one internal Default variant will be created.,Piece,Carton,24,2400,120,140,0,0,10,Active
Fabric Softener Regular,,,,,,,,,Home Care,Fabric Softener,Fabric Softener Regular,Store Brand,HC-FS-FSR-SB-02053,,Fabric Softener Regular in Home Care > Fabric Softener. Simple product for Zephrant ERP import; one internal Default variant will be created.,Piece,Carton,24,2400,120,140,0,0,10,Active
Fabric Softener Regular,,,,,,,,,Home Care,Fabric Softener,Fabric Softener Regular,Local Brand,HC-FS-FSR-LB-02054,,Fabric Softener Regular in Home Care > Fabric Softener. Simple product for Zephrant ERP import; one internal Default variant will be created.,Piece,Carton,24,2400,120,140,0,0,10,Active
Fabric Softener Regular,,,,,,,,,Home Care,Fabric Softener,Fabric Softener Regular,Imported Brand,HC-FS-FSR-IB-02055,,Fabric Softener Regular in Home Care > Fabric Softener. Simple product for Zephrant ERP import; one internal Default variant will be created.,Piece,Carton,24,2400,120,140,0,0,10,Active
Fabric Softener Premium,,,,,,,,,Home Care,Fabric Softener,Fabric Softener Premium,Store Brand,HC-FS-FSP-SB-02056,,Fabric Softener Premium in Home Care > Fabric Softener. Simple product for Zephrant ERP import; one internal Default variant will be created.,Piece,Carton,24,2400,120,140,0,0,10,Active
Fabric Softener Premium,,,,,,,,,Home Care,Fabric Softener,Fabric Softener Premium,Local Brand,HC-FS-FSP-LB-02057,,Fabric Softener Premium in Home Care > Fabric Softener. Simple product for Zephrant ERP import; one internal Default variant will be created.,Piece,Carton,24,2400,120,140,0,0,10,Active
Fabric Softener Premium,,,,,,,,,Home Care,Fabric Softener,Fabric Softener Premium,Imported Brand,HC-FS-FSP-IB-02058,,Fabric Softener Premium in Home Care > Fabric Softener. Simple product for Zephrant ERP import; one internal Default variant will be created.,Piece,Carton,24,2400,120,140,0,0,10,Active
Lemon Max Dishwashing,,,,,,,,,Home Care,Dishwashing,Dishwashing,Lemon Max,HC-DISH-DISH-LM-02059,,Lemon Max Dishwashing in Home Care > Dishwashing. Simple product for Zephrant ERP import; one internal Default variant will be created.,Piece,Carton,12,6000,650,750,0,0,5,Active
Vim Dishwashing,,,,,,,,,Home Care,Dishwashing,Dishwashing,Vim,HC-DISH-DISH-VIM-02060,,Vim Dishwashing in Home Care > Dishwashing. Simple product for Zephrant ERP import; one internal Default variant will be created.,Piece,Carton,12,6000,650,750,0,0,5,Active
Max Dishwashing,,,,,,,,,Home Care,Dishwashing,Dishwashing,Max,HC-DISH-DISH-MAX-02061,,Max Dishwashing in Home Care > Dishwashing. Simple product for Zephrant ERP import; one internal Default variant will be created.,Piece,Carton,12,6000,650,750,0,0,5,Active
Sunlight Dishwashing,,,,,,,,,Home Care,Dishwashing,Dishwashing,Sunlight,HC-DISH-DISH-SUNL-02062,,Sunlight Dishwashing in Home Care > Dishwashing. Simple product for Zephrant ERP import; one internal Default variant will be created.,Piece,Carton,12,6000,650,750,0,0,5,Active
Lemon Max Dishwashing Regular,,,,,,,,,Home Care,Dishwashing,Dishwashing Regular,Lemon Max,HC-DISH-DR-LM-02063,,Lemon Max Dishwashing Regular in Home Care > Dishwashing. Simple product for Zephrant ERP import; one internal Default variant will be created.,Piece,Carton,12,6000,650,750,0,0,5,Active
Vim Dishwashing Regular,,,,,,,,,Home Care,Dishwashing,Dishwashing Regular,Vim,HC-DISH-DR-VIM-02064,,Vim Dishwashing Regular in Home Care > Dishwashing. Simple product for Zephrant ERP import; one internal Default variant will be created.,Piece,Carton,12,6000,650,750,0,0,5,Active
Max Dishwashing Regular,,,,,,,,,Home Care,Dishwashing,Dishwashing Regular,Max,HC-DISH-DR-MAX-02065,,Max Dishwashing Regular in Home Care > Dishwashing. Simple product for Zephrant ERP import; one internal Default variant will be created.,Piece,Carton,12,6000,650,750,0,0,5,Active
Sunlight Dishwashing Regular,,,,,,,,,Home Care,Dishwashing,Dishwashing Regular,Sunlight,HC-DISH-DR-SUNL-02066,,Sunlight Dishwashing Regular in Home Care > Dishwashing. Simple product for Zephrant ERP import; one internal Default variant will be created.,Piece,Carton,12,6000,650,750,0,0,5,Active
Lemon Max Dishwashing Premium,,,,,,,,,Home Care,Dishwashing,Dishwashing Premium,Lemon Max,HC-DISH-DP-LM-02067,,Lemon Max Dishwashing Premium in Home Care > Dishwashing. Simple product for Zephrant ERP import; one internal Default variant will be created.,Piece,Carton,12,6000,650,750,0,0,5,Active
Vim Dishwashing Premium,,,,,,,,,Home Care,Dishwashing,Dishwashing Premium,Vim,HC-DISH-DP-VIM-02068,,Vim Dishwashing Premium in Home Care > Dishwashing. Simple product for Zephrant ERP import; one internal Default variant will be created.,Piece,Carton,12,6000,650,750,0,0,5,Active
Max Dishwashing Premium,,,,,,,,,Home Care,Dishwashing,Dishwashing Premium,Max,HC-DISH-DP-MAX-02069,,Max Dishwashing Premium in Home Care > Dishwashing. Simple product for Zephrant ERP import; one internal Default variant will be created.,Piece,Carton,12,6000,650,750,0,0,5,Active
Sunlight Dishwashing Premium,,,,,,,,,Home Care,Dishwashing,Dishwashing Premium,Sunlight,HC-DISH-DP-SUNL-02070,,Sunlight Dishwashing Premium in Home Care > Dishwashing. Simple product for Zephrant ERP import; one internal Default variant will be created.,Piece,Carton,12,6000,650,750,0,0,5,Active
Floor Cleaner,,,,,,,,,Home Care,Floor Cleaner,Floor Cleaner,Store Brand,HC-FC-FC-SB-02071,,Floor Cleaner in Home Care > Floor Cleaner. Simple product for Zephrant ERP import; one internal Default variant will be created.,Piece,Carton,12,6000,650,750,0,0,5,Active
Floor Cleaner,,,,,,,,,Home Care,Floor Cleaner,Floor Cleaner,Local Brand,HC-FC-FC-LB-02072,,Floor Cleaner in Home Care > Floor Cleaner. Simple product for Zephrant ERP import; one internal Default variant will be created.,Piece,Carton,12,6000,650,750,0,0,5,Active
Floor Cleaner,,,,,,,,,Home Care,Floor Cleaner,Floor Cleaner,Imported Brand,HC-FC-FC-IB-02073,,Floor Cleaner in Home Care > Floor Cleaner. Simple product for Zephrant ERP import; one internal Default variant will be created.,Piece,Carton,12,6000,650,750,0,0,5,Active
Floor Cleaner Regular,,,,,,,,,Home Care,Floor Cleaner,Floor Cleaner Regular,Store Brand,HC-FC-FCR-SB-02074,,Floor Cleaner Regular in Home Care > Floor Cleaner. Simple product for Zephrant ERP import; one internal Default variant will be created.,Piece,Carton,12,6000,650,750,0,0,5,Active
Floor Cleaner Regular,,,,,,,,,Home Care,Floor Cleaner,Floor Cleaner Regular,Local Brand,HC-FC-FCR-LB-02075,,Floor Cleaner Regular in Home Care > Floor Cleaner. Simple product for Zephrant ERP import; one internal Default variant will be created.,Piece,Carton,12,6000,650,750,0,0,5,Active
Floor Cleaner Regular,,,,,,,,,Home Care,Floor Cleaner,Floor Cleaner Regular,Imported Brand,HC-FC-FCR-IB-02076,,Floor Cleaner Regular in Home Care > Floor Cleaner. Simple product for Zephrant ERP import; one internal Default variant will be created.,Piece,Carton,12,6000,650,750,0,0,5,Active
Floor Cleaner Premium,,,,,,,,,Home Care,Floor Cleaner,Floor Cleaner Premium,Store Brand,HC-FC-FCP-SB-02077,,Floor Cleaner Premium in Home Care > Floor Cleaner. Simple product for Zephrant ERP import; one internal Default variant will be created.,Piece,Carton,12,6000,650,750,0,0,5,Active
Floor Cleaner Premium,,,,,,,,,Home Care,Floor Cleaner,Floor Cleaner Premium,Local Brand,HC-FC-FCP-LB-02078,,Floor Cleaner Premium in Home Care > Floor Cleaner. Simple product for Zephrant ERP import; one internal Default variant will be created.,Piece,Carton,12,6000,650,750,0,0,5,Active
Floor Cleaner Premium,,,,,,,,,Home Care,Floor Cleaner,Floor Cleaner Premium,Imported Brand,HC-FC-FCP-IB-02079,,Floor Cleaner Premium in Home Care > Floor Cleaner. Simple product for Zephrant ERP import; one internal Default variant will be created.,Piece,Carton,12,6000,650,750,0,0,5,Active
Harpic Toilet Cleaner,,,,,,,,,Home Care,Toilet Cleaner,Toilet Cleaner,Harpic,HC-TC-TC-HARP-02080,,Harpic Toilet Cleaner in Home Care > Toilet Cleaner. Simple product for Zephrant ERP import; one internal Default variant will be created.,Liter,Carton,12,12000,450,500,0,0,5,Active
Domex Toilet Cleaner,,,,,,,,,Home Care,Toilet Cleaner,Toilet Cleaner,Domex,HC-TC-TC-DOME-02081,,Domex Toilet Cleaner in Home Care > Toilet Cleaner. Simple product for Zephrant ERP import; one internal Default variant will be created.,Liter,Carton,12,12000,450,500,0,0,5,Active
Dettol Toilet Cleaner,,,,,,,,,Home Care,Toilet Cleaner,Toilet Cleaner,Dettol,HC-TC-TC-DETT-02082,,Dettol Toilet Cleaner in Home Care > Toilet Cleaner. Simple product for Zephrant ERP import; one internal Default variant will be created.,Liter,Carton,12,12000,450,500,0,0,5,Active
Toilet Cleaner,,,,,,,,,Home Care,Toilet Cleaner,Toilet Cleaner,Store Brand,HC-TC-TC-SB-02083,,Toilet Cleaner in Home Care > Toilet Cleaner. Simple product for Zephrant ERP import; one internal Default variant will be created.,Liter,Carton,12,12000,450,500,0,0,5,Active
Harpic Toilet Cleaner Regular,,,,,,,,,Home Care,Toilet Cleaner,Toilet Cleaner Regular,Harpic,HC-TC-TCR-HARP-02084,,Harpic Toilet Cleaner Regular in Home Care > Toilet Cleaner. Simple product for Zephrant ERP import; one internal Default variant will be created.,Liter,Carton,12,12000,450,500,0,0,5,Active
Domex Toilet Cleaner Regular,,,,,,,,,Home Care,Toilet Cleaner,Toilet Cleaner Regular,Domex,HC-TC-TCR-DOME-02085,,Domex Toilet Cleaner Regular in Home Care > Toilet Cleaner. Simple product for Zephrant ERP import; one internal Default variant will be created.,Liter,Carton,12,12000,450,500,0,0,5,Active
Dettol Toilet Cleaner Regular,,,,,,,,,Home Care,Toilet Cleaner,Toilet Cleaner Regular,Dettol,HC-TC-TCR-DETT-02086,,Dettol Toilet Cleaner Regular in Home Care > Toilet Cleaner. Simple product for Zephrant ERP import; one internal Default variant will be created.,Liter,Carton,12,12000,450,500,0,0,5,Active
Toilet Cleaner Regular,,,,,,,,,Home Care,Toilet Cleaner,Toilet Cleaner Regular,Store Brand,HC-TC-TCR-SB-02087,,Toilet Cleaner Regular in Home Care > Toilet Cleaner. Simple product for Zephrant ERP import; one internal Default variant will be created.,Liter,Carton,12,12000,450,500,0,0,5,Active
Harpic Toilet Cleaner Premium,,,,,,,,,Home Care,Toilet Cleaner,Toilet Cleaner Premium,Harpic,HC-TC-TCP-HARP-02088,,Harpic Toilet Cleaner Premium in Home Care > Toilet Cleaner. Simple product for Zephrant ERP import; one internal Default variant will be created.,Liter,Carton,12,12000,450,500,0,0,5,Active
Domex Toilet Cleaner Premium,,,,,,,,,Home Care,Toilet Cleaner,Toilet Cleaner Premium,Domex,HC-TC-TCP-DOME-02089,,Domex Toilet Cleaner Premium in Home Care > Toilet Cleaner. Simple product for Zephrant ERP import; one internal Default variant will be created.,Liter,Carton,12,12000,450,500,0,0,5,Active
Dettol Toilet Cleaner Premium,,,,,,,,,Home Care,Toilet Cleaner,Toilet Cleaner Premium,Dettol,HC-TC-TCP-DETT-02090,,Dettol Toilet Cleaner Premium in Home Care > Toilet Cleaner. Simple product for Zephrant ERP import; one internal Default variant will be created.,Liter,Carton,12,12000,450,500,0,0,5,Active
Toilet Cleaner Premium,,,,,,,,,Home Care,Toilet Cleaner,Toilet Cleaner Premium,Store Brand,HC-TC-TCP-SB-02091,,Toilet Cleaner Premium in Home Care > Toilet Cleaner. Simple product for Zephrant ERP import; one internal Default variant will be created.,Liter,Carton,12,12000,450,500,0,0,5,Active
Glass Cleaner,,,,,,,,,Home Care,Glass Cleaner,Glass Cleaner,Store Brand,HC-GC-GC-SB-02092,,Glass Cleaner in Home Care > Glass Cleaner. Simple product for Zephrant ERP import; one internal Default variant will be created.,Piece,Carton,12,6000,650,750,0,0,5,Active
Glass Cleaner,,,,,,,,,Home Care,Glass Cleaner,Glass Cleaner,Local Brand,HC-GC-GC-LB-02093,,Glass Cleaner in Home Care > Glass Cleaner. Simple product for Zephrant ERP import; one internal Default variant will be created.,Piece,Carton,12,6000,650,750,0,0,5,Active
Glass Cleaner,,,,,,,,,Home Care,Glass Cleaner,Glass Cleaner,Imported Brand,HC-GC-GC-IB-02094,,Glass Cleaner in Home Care > Glass Cleaner. Simple product for Zephrant ERP import; one internal Default variant will be created.,Piece,Carton,12,6000,650,750,0,0,5,Active
Glass Cleaner Regular,,,,,,,,,Home Care,Glass Cleaner,Glass Cleaner Regular,Store Brand,HC-GC-GCR-SB-02095,,Glass Cleaner Regular in Home Care > Glass Cleaner. Simple product for Zephrant ERP import; one internal Default variant will be created.,Piece,Carton,12,6000,650,750,0,0,5,Active
Glass Cleaner Regular,,,,,,,,,Home Care,Glass Cleaner,Glass Cleaner Regular,Local Brand,HC-GC-GCR-LB-02096,,Glass Cleaner Regular in Home Care > Glass Cleaner. Simple product for Zephrant ERP import; one internal Default variant will be created.,Piece,Carton,12,6000,650,750,0,0,5,Active
Glass Cleaner Regular,,,,,,,,,Home Care,Glass Cleaner,Glass Cleaner Regular,Imported Brand,HC-GC-GCR-IB-02097,,Glass Cleaner Regular in Home Care > Glass Cleaner. Simple product for Zephrant ERP import; one internal Default variant will be created.,Piece,Carton,12,6000,650,750,0,0,5,Active
Glass Cleaner Premium,,,,,,,,,Home Care,Glass Cleaner,Glass Cleaner Premium,Store Brand,HC-GC-GCP-SB-02098,,Glass Cleaner Premium in Home Care > Glass Cleaner. Simple product for Zephrant ERP import; one internal Default variant will be created.,Piece,Carton,12,6000,650,750,0,0,5,Active
Glass Cleaner Premium,,,,,,,,,Home Care,Glass Cleaner,Glass Cleaner Premium,Local Brand,HC-GC-GCP-LB-02099,,Glass Cleaner Premium in Home Care > Glass Cleaner. Simple product for Zephrant ERP import; one internal Default variant will be created.,Piece,Carton,12,6000,650,750,0,0,5,Active
Glass Cleaner Premium,,,,,,,,,Home Care,Glass Cleaner,Glass Cleaner Premium,Imported Brand,HC-GC-GCP-IB-02100,,Glass Cleaner Premium in Home Care > Glass Cleaner. Simple product for Zephrant ERP import; one internal Default variant will be created.,Piece,Carton,12,6000,650,750,0,0,5,Active
Kitchen Cleaner,,,,,,,,,Home Care,Kitchen Cleaner,Kitchen Cleaner,Store Brand,HC-KC-KC-SB-02101,,Kitchen Cleaner in Home Care > Kitchen Cleaner. Simple product for Zephrant ERP import; one internal Default variant will be created.,Piece,Carton,12,6000,650,750,0,0,5,Active
Kitchen Cleaner,,,,,,,,,Home Care,Kitchen Cleaner,Kitchen Cleaner,Local Brand,HC-KC-KC-LB-02102,,Kitchen Cleaner in Home Care > Kitchen Cleaner. Simple product for Zephrant ERP import; one internal Default variant will be created.,Piece,Carton,12,6000,650,750,0,0,5,Active
Kitchen Cleaner,,,,,,,,,Home Care,Kitchen Cleaner,Kitchen Cleaner,Imported Brand,HC-KC-KC-IB-02103,,Kitchen Cleaner in Home Care > Kitchen Cleaner. Simple product for Zephrant ERP import; one internal Default variant will be created.,Piece,Carton,12,6000,650,750,0,0,5,Active
Kitchen Cleaner Regular,,,,,,,,,Home Care,Kitchen Cleaner,Kitchen Cleaner Regular,Store Brand,HC-KC-KCR-SB-02104,,Kitchen Cleaner Regular in Home Care > Kitchen Cleaner. Simple product for Zephrant ERP import; one internal Default variant will be created.,Piece,Carton,12,6000,650,750,0,0,5,Active
Kitchen Cleaner Regular,,,,,,,,,Home Care,Kitchen Cleaner,Kitchen Cleaner Regular,Local Brand,HC-KC-KCR-LB-02105,,Kitchen Cleaner Regular in Home Care > Kitchen Cleaner. Simple product for Zephrant ERP import; one internal Default variant will be created.,Piece,Carton,12,6000,650,750,0,0,5,Active
Kitchen Cleaner Regular,,,,,,,,,Home Care,Kitchen Cleaner,Kitchen Cleaner Regular,Imported Brand,HC-KC-KCR-IB-02106,,Kitchen Cleaner Regular in Home Care > Kitchen Cleaner. Simple product for Zephrant ERP import; one internal Default variant will be created.,Piece,Carton,12,6000,650,750,0,0,5,Active
Kitchen Cleaner Premium,,,,,,,,,Home Care,Kitchen Cleaner,Kitchen Cleaner Premium,Store Brand,HC-KC-KCP-SB-02107,,Kitchen Cleaner Premium in Home Care > Kitchen Cleaner. Simple product for Zephrant ERP import; one internal Default variant will be created.,Piece,Carton,12,6000,650,750,0,0,5,Active
Kitchen Cleaner Premium,,,,,,,,,Home Care,Kitchen Cleaner,Kitchen Cleaner Premium,Local Brand,HC-KC-KCP-LB-02108,,Kitchen Cleaner Premium in Home Care > Kitchen Cleaner. Simple product for Zephrant ERP import; one internal Default variant will be created.,Piece,Carton,12,6000,650,750,0,0,5,Active
Kitchen Cleaner Premium,,,,,,,,,Home Care,Kitchen Cleaner,Kitchen Cleaner Premium,Imported Brand,HC-KC-KCP-IB-02109,,Kitchen Cleaner Premium in Home Care > Kitchen Cleaner. Simple product for Zephrant ERP import; one internal Default variant will be created.,Piece,Carton,12,6000,650,750,0,0,5,Active
Disinfectants,,,,,,,,,Home Care,Disinfectants,Disinfectants,Store Brand,HC-DISI-DISI-SB-02110,,Disinfectants in Home Care > Disinfectants. Simple product for Zephrant ERP import; one internal Default variant will be created.,Piece,Carton,12,6000,650,750,0,0,5,Active
Disinfectants,,,,,,,,,Home Care,Disinfectants,Disinfectants,Local Brand,HC-DISI-DISI-LB-02111,,Disinfectants in Home Care > Disinfectants. Simple product for Zephrant ERP import; one internal Default variant will be created.,Piece,Carton,12,6000,650,750,0,0,5,Active
Disinfectants,,,,,,,,,Home Care,Disinfectants,Disinfectants,Imported Brand,HC-DISI-DISI-IB-02112,,Disinfectants in Home Care > Disinfectants. Simple product for Zephrant ERP import; one internal Default variant will be created.,Piece,Carton,12,6000,650,750,0,0,5,Active
Disinfectants Regular,,,,,,,,,Home Care,Disinfectants,Disinfectants Regular,Store Brand,HC-DISI-DR-SB-02113,,Disinfectants Regular in Home Care > Disinfectants. Simple product for Zephrant ERP import; one internal Default variant will be created.,Piece,Carton,12,6000,650,750,0,0,5,Active
Disinfectants Regular,,,,,,,,,Home Care,Disinfectants,Disinfectants Regular,Local Brand,HC-DISI-DR-LB-02114,,Disinfectants Regular in Home Care > Disinfectants. Simple product for Zephrant ERP import; one internal Default variant will be created.,Piece,Carton,12,6000,650,750,0,0,5,Active
Disinfectants Regular,,,,,,,,,Home Care,Disinfectants,Disinfectants Regular,Imported Brand,HC-DISI-DR-IB-02115,,Disinfectants Regular in Home Care > Disinfectants. Simple product for Zephrant ERP import; one internal Default variant will be created.,Piece,Carton,12,6000,650,750,0,0,5,Active
Disinfectants Premium,,,,,,,,,Home Care,Disinfectants,Disinfectants Premium,Store Brand,HC-DISI-DP-SB-02116,,Disinfectants Premium in Home Care > Disinfectants. Simple product for Zephrant ERP import; one internal Default variant will be created.,Piece,Carton,12,6000,650,750,0,0,5,Active
Disinfectants Premium,,,,,,,,,Home Care,Disinfectants,Disinfectants Premium,Local Brand,HC-DISI-DP-LB-02117,,Disinfectants Premium in Home Care > Disinfectants. Simple product for Zephrant ERP import; one internal Default variant will be created.,Piece,Carton,12,6000,650,750,0,0,5,Active
Disinfectants Premium,,,,,,,,,Home Care,Disinfectants,Disinfectants Premium,Imported Brand,HC-DISI-DP-IB-02118,,Disinfectants Premium in Home Care > Disinfectants. Simple product for Zephrant ERP import; one internal Default variant will be created.,Piece,Carton,12,6000,650,750,0,0,5,Active
Air Wick Air Fresheners,,,,,,,,,Home Care,Air Fresheners,Air Fresheners,Air Wick,HC-AF-AF-AW-02119,,Air Wick Air Fresheners in Home Care > Air Fresheners. Simple product for Zephrant ERP import; one internal Default variant will be created.,Piece,Carton,12,6000,650,750,0,0,5,Active
Glade Air Fresheners,,,,,,,,,Home Care,Air Fresheners,Air Fresheners,Glade,HC-AF-AF-GLAD-02120,,Glade Air Fresheners in Home Care > Air Fresheners. Simple product for Zephrant ERP import; one internal Default variant will be created.,Piece,Carton,12,6000,650,750,0,0,5,Active
Sandal Air Fresheners,,,,,,,,,Home Care,Air Fresheners,Air Fresheners,Sandal,HC-AF-AF-SAND-02121,,Sandal Air Fresheners in Home Care > Air Fresheners. Simple product for Zephrant ERP import; one internal Default variant will be created.,Piece,Carton,12,6000,650,750,0,0,5,Active
Air Fresheners,,,,,,,,,Home Care,Air Fresheners,Air Fresheners,Store Brand,HC-AF-AF-SB-02122,,Air Fresheners in Home Care > Air Fresheners. Simple product for Zephrant ERP import; one internal Default variant will be created.,Piece,Carton,12,6000,650,750,0,0,5,Active
Air Wick Air Fresheners Regular,,,,,,,,,Home Care,Air Fresheners,Air Fresheners Regular,Air Wick,HC-AF-AFR-AW-02123,,Air Wick Air Fresheners Regular in Home Care > Air Fresheners. Simple product for Zephrant ERP import; one internal Default variant will be created.,Piece,Carton,12,6000,650,750,0,0,5,Active
Glade Air Fresheners Regular,,,,,,,,,Home Care,Air Fresheners,Air Fresheners Regular,Glade,HC-AF-AFR-GLAD-02124,,Glade Air Fresheners Regular in Home Care > Air Fresheners. Simple product for Zephrant ERP import; one internal Default variant will be created.,Piece,Carton,12,6000,650,750,0,0,5,Active
Sandal Air Fresheners Regular,,,,,,,,,Home Care,Air Fresheners,Air Fresheners Regular,Sandal,HC-AF-AFR-SAND-02125,,Sandal Air Fresheners Regular in Home Care > Air Fresheners. Simple product for Zephrant ERP import; one internal Default variant will be created.,Piece,Carton,12,6000,650,750,0,0,5,Active
Air Fresheners Regular,,,,,,,,,Home Care,Air Fresheners,Air Fresheners Regular,Store Brand,HC-AF-AFR-SB-02126,,Air Fresheners Regular in Home Care > Air Fresheners. Simple product for Zephrant ERP import; one internal Default variant will be created.,Piece,Carton,12,6000,650,750,0,0,5,Active
Air Wick Air Fresheners Premium,,,,,,,,,Home Care,Air Fresheners,Air Fresheners Premium,Air Wick,HC-AF-AFP-AW-02127,,Air Wick Air Fresheners Premium in Home Care > Air Fresheners. Simple product for Zephrant ERP import; one internal Default variant will be created.,Piece,Carton,12,6000,650,750,0,0,5,Active
Glade Air Fresheners Premium,,,,,,,,,Home Care,Air Fresheners,Air Fresheners Premium,Glade,HC-AF-AFP-GLAD-02128,,Glade Air Fresheners Premium in Home Care > Air Fresheners. Simple product for Zephrant ERP import; one internal Default variant will be created.,Piece,Carton,12,6000,650,750,0,0,5,Active
Sandal Air Fresheners Premium,,,,,,,,,Home Care,Air Fresheners,Air Fresheners Premium,Sandal,HC-AF-AFP-SAND-02129,,Sandal Air Fresheners Premium in Home Care > Air Fresheners. Simple product for Zephrant ERP import; one internal Default variant will be created.,Piece,Carton,12,6000,650,750,0,0,5,Active
Air Fresheners Premium,,,,,,,,,Home Care,Air Fresheners,Air Fresheners Premium,Store Brand,HC-AF-AFP-SB-02130,,Air Fresheners Premium in Home Care > Air Fresheners. Simple product for Zephrant ERP import; one internal Default variant will be created.,Piece,Carton,12,6000,650,750,0,0,5,Active
Insect Control,,,,,,,,,Home Care,Insect Control,Insect Control,Store Brand,HC-IC-IC-SB-02131,,Insect Control in Home Care > Insect Control. Simple product for Zephrant ERP import; one internal Default variant will be created.,Piece,Carton,12,6000,650,750,0,0,5,Active
Insect Control,,,,,,,,,Home Care,Insect Control,Insect Control,Local Brand,HC-IC-IC-LB-02132,,Insect Control in Home Care > Insect Control. Simple product for Zephrant ERP import; one internal Default variant will be created.,Piece,Carton,12,6000,650,750,0,0,5,Active
Insect Control,,,,,,,,,Home Care,Insect Control,Insect Control,Imported Brand,HC-IC-IC-IB-02133,,Insect Control in Home Care > Insect Control. Simple product for Zephrant ERP import; one internal Default variant will be created.,Piece,Carton,12,6000,650,750,0,0,5,Active
Insect Control Regular,,,,,,,,,Home Care,Insect Control,Insect Control Regular,Store Brand,HC-IC-ICR-SB-02134,,Insect Control Regular in Home Care > Insect Control. Simple product for Zephrant ERP import; one internal Default variant will be created.,Piece,Carton,12,6000,650,750,0,0,5,Active
Insect Control Regular,,,,,,,,,Home Care,Insect Control,Insect Control Regular,Local Brand,HC-IC-ICR-LB-02135,,Insect Control Regular in Home Care > Insect Control. Simple product for Zephrant ERP import; one internal Default variant will be created.,Piece,Carton,12,6000,650,750,0,0,5,Active
Insect Control Regular,,,,,,,,,Home Care,Insect Control,Insect Control Regular,Imported Brand,HC-IC-ICR-IB-02136,,Insect Control Regular in Home Care > Insect Control. Simple product for Zephrant ERP import; one internal Default variant will be created.,Piece,Carton,12,6000,650,750,0,0,5,Active
Insect Control Premium,,,,,,,,,Home Care,Insect Control,Insect Control Premium,Store Brand,HC-IC-ICP-SB-02137,,Insect Control Premium in Home Care > Insect Control. Simple product for Zephrant ERP import; one internal Default variant will be created.,Piece,Carton,12,6000,650,750,0,0,5,Active
Insect Control Premium,,,,,,,,,Home Care,Insect Control,Insect Control Premium,Local Brand,HC-IC-ICP-LB-02138,,Insect Control Premium in Home Care > Insect Control. Simple product for Zephrant ERP import; one internal Default variant will be created.,Piece,Carton,12,6000,650,750,0,0,5,Active
Insect Control Premium,,,,,,,,,Home Care,Insect Control,Insect Control Premium,Imported Brand,HC-IC-ICP-IB-02139,,Insect Control Premium in Home Care > Insect Control. Simple product for Zephrant ERP import; one internal Default variant will be created.,Piece,Carton,12,6000,650,750,0,0,5,Active
Cleaning Chemicals,,,,,,,,,Home Care,Cleaning Chemicals,Cleaning Chemicals,Store Brand,HC-CC-CC-SB-02140,,Cleaning Chemicals in Home Care > Cleaning Chemicals. Simple product for Zephrant ERP import; one internal Default variant will be created.,Piece,Carton,12,6000,650,750,0,0,5,Active
Cleaning Chemicals,,,,,,,,,Home Care,Cleaning Chemicals,Cleaning Chemicals,Local Brand,HC-CC-CC-LB-02141,,Cleaning Chemicals in Home Care > Cleaning Chemicals. Simple product for Zephrant ERP import; one internal Default variant will be created.,Piece,Carton,12,6000,650,750,0,0,5,Active
Cleaning Chemicals,,,,,,,,,Home Care,Cleaning Chemicals,Cleaning Chemicals,Imported Brand,HC-CC-CC-IB-02142,,Cleaning Chemicals in Home Care > Cleaning Chemicals. Simple product for Zephrant ERP import; one internal Default variant will be created.,Piece,Carton,12,6000,650,750,0,0,5,Active
Cleaning Chemicals Regular,,,,,,,,,Home Care,Cleaning Chemicals,Cleaning Chemicals Regular,Store Brand,HC-CC-CCR-SB-02143,,Cleaning Chemicals Regular in Home Care > Cleaning Chemicals. Simple product for Zephrant ERP import; one internal Default variant will be created.,Piece,Carton,12,6000,650,750,0,0,5,Active
Cleaning Chemicals Regular,,,,,,,,,Home Care,Cleaning Chemicals,Cleaning Chemicals Regular,Local Brand,HC-CC-CCR-LB-02144,,Cleaning Chemicals Regular in Home Care > Cleaning Chemicals. Simple product for Zephrant ERP import; one internal Default variant will be created.,Piece,Carton,12,6000,650,750,0,0,5,Active
Cleaning Chemicals Regular,,,,,,,,,Home Care,Cleaning Chemicals,Cleaning Chemicals Regular,Imported Brand,HC-CC-CCR-IB-02145,,Cleaning Chemicals Regular in Home Care > Cleaning Chemicals. Simple product for Zephrant ERP import; one internal Default variant will be created.,Piece,Carton,12,6000,650,750,0,0,5,Active
Cleaning Chemicals Premium,,,,,,,,,Home Care,Cleaning Chemicals,Cleaning Chemicals Premium,Store Brand,HC-CC-CCP-SB-02146,,Cleaning Chemicals Premium in Home Care > Cleaning Chemicals. Simple product for Zephrant ERP import; one internal Default variant will be created.,Piece,Carton,12,6000,650,750,0,0,5,Active
Cleaning Chemicals Premium,,,,,,,,,Home Care,Cleaning Chemicals,Cleaning Chemicals Premium,Local Brand,HC-CC-CCP-LB-02147,,Cleaning Chemicals Premium in Home Care > Cleaning Chemicals. Simple product for Zephrant ERP import; one internal Default variant will be created.,Piece,Carton,12,6000,650,750,0,0,5,Active
Cleaning Chemicals Premium,,,,,,,,,Home Care,Cleaning Chemicals,Cleaning Chemicals Premium,Imported Brand,HC-CC-CCP-IB-02148,,Cleaning Chemicals Premium in Home Care > Cleaning Chemicals. Simple product for Zephrant ERP import; one internal Default variant will be created.,Piece,Carton,12,6000,650,750,0,0,5,Active
Rose Petal Tissue Paper,,,,,,,,,Household,Tissue Paper,Tissue Paper,Rose Petal,HOU-TP-TP-RP-02149,,Rose Petal Tissue Paper in Household > Tissue Paper. Simple product for Zephrant ERP import; one internal Default variant will be created.,Piece,Carton,12,6000,650,750,0,0,5,Active
Fine Tissue Paper,,,,,,,,,Household,Tissue Paper,Tissue Paper,Fine,HOU-TP-TP-FINE-02150,,Fine Tissue Paper in Household > Tissue Paper. Simple product for Zephrant ERP import; one internal Default variant will be created.,Piece,Carton,12,6000,650,750,0,0,5,Active
Premier Tissue Paper,,,,,,,,,Household,Tissue Paper,Tissue Paper,Premier,HOU-TP-TP-PREM-02151,,Premier Tissue Paper in Household > Tissue Paper. Simple product for Zephrant ERP import; one internal Default variant will be created.,Piece,Carton,12,6000,650,750,0,0,5,Active
Softex Tissue Paper,,,,,,,,,Household,Tissue Paper,Tissue Paper,Softex,HOU-TP-TP-SOFT-02152,,Softex Tissue Paper in Household > Tissue Paper. Simple product for Zephrant ERP import; one internal Default variant will be created.,Piece,Carton,12,6000,650,750,0,0,5,Active
Rose Petal Tissue Paper Regular,,,,,,,,,Household,Tissue Paper,Tissue Paper Regular,Rose Petal,HOU-TP-TPR-RP-02153,,Rose Petal Tissue Paper Regular in Household > Tissue Paper. Simple product for Zephrant ERP import; one internal Default variant will be created.,Piece,Carton,12,6000,650,750,0,0,5,Active
Fine Tissue Paper Regular,,,,,,,,,Household,Tissue Paper,Tissue Paper Regular,Fine,HOU-TP-TPR-FINE-02154,,Fine Tissue Paper Regular in Household > Tissue Paper. Simple product for Zephrant ERP import; one internal Default variant will be created.,Piece,Carton,12,6000,650,750,0,0,5,Active
Premier Tissue Paper Regular,,,,,,,,,Household,Tissue Paper,Tissue Paper Regular,Premier,HOU-TP-TPR-PREM-02155,,Premier Tissue Paper Regular in Household > Tissue Paper. Simple product for Zephrant ERP import; one internal Default variant will be created.,Piece,Carton,12,6000,650,750,0,0,5,Active
Softex Tissue Paper Regular,,,,,,,,,Household,Tissue Paper,Tissue Paper Regular,Softex,HOU-TP-TPR-SOFT-02156,,Softex Tissue Paper Regular in Household > Tissue Paper. Simple product for Zephrant ERP import; one internal Default variant will be created.,Piece,Carton,12,6000,650,750,0,0,5,Active
Rose Petal Tissue Paper Premium,,,,,,,,,Household,Tissue Paper,Tissue Paper Premium,Rose Petal,HOU-TP-TPP-RP-02157,,Rose Petal Tissue Paper Premium in Household > Tissue Paper. Simple product for Zephrant ERP import; one internal Default variant will be created.,Piece,Carton,12,6000,650,750,0,0,5,Active
Fine Tissue Paper Premium,,,,,,,,,Household,Tissue Paper,Tissue Paper Premium,Fine,HOU-TP-TPP-FINE-02158,,Fine Tissue Paper Premium in Household > Tissue Paper. Simple product for Zephrant ERP import; one internal Default variant will be created.,Piece,Carton,12,6000,650,750,0,0,5,Active
Premier Tissue Paper Premium,,,,,,,,,Household,Tissue Paper,Tissue Paper Premium,Premier,HOU-TP-TPP-PREM-02159,,Premier Tissue Paper Premium in Household > Tissue Paper. Simple product for Zephrant ERP import; one internal Default variant will be created.,Piece,Carton,12,6000,650,750,0,0,5,Active
Softex Tissue Paper Premium,,,,,,,,,Household,Tissue Paper,Tissue Paper Premium,Softex,HOU-TP-TPP-SOFT-02160,,Softex Tissue Paper Premium in Household > Tissue Paper. Simple product for Zephrant ERP import; one internal Default variant will be created.,Piece,Carton,12,6000,650,750,0,0,5,Active
Toilet Rolls,,,,,,,,,Household,Toilet Rolls,Toilet Rolls,Store Brand,HOU-TR-TR-SB-02161,,Toilet Rolls in Household > Toilet Rolls. Simple product for Zephrant ERP import; one internal Default variant will be created.,Liter,Carton,12,12000,450,500,0,0,5,Active
Toilet Rolls,,,,,,,,,Household,Toilet Rolls,Toilet Rolls,Local Brand,HOU-TR-TR-LB-02162,,Toilet Rolls in Household > Toilet Rolls. Simple product for Zephrant ERP import; one internal Default variant will be created.,Liter,Carton,12,12000,450,500,0,0,5,Active
Toilet Rolls,,,,,,,,,Household,Toilet Rolls,Toilet Rolls,Imported Brand,HOU-TR-TR-IB-02163,,Toilet Rolls in Household > Toilet Rolls. Simple product for Zephrant ERP import; one internal Default variant will be created.,Liter,Carton,12,12000,450,500,0,0,5,Active
Toilet Rolls Regular,,,,,,,,,Household,Toilet Rolls,Toilet Rolls Regular,Store Brand,HOU-TR-TRR-SB-02164,,Toilet Rolls Regular in Household > Toilet Rolls. Simple product for Zephrant ERP import; one internal Default variant will be created.,Liter,Carton,12,12000,450,500,0,0,5,Active
Toilet Rolls Regular,,,,,,,,,Household,Toilet Rolls,Toilet Rolls Regular,Local Brand,HOU-TR-TRR-LB-02165,,Toilet Rolls Regular in Household > Toilet Rolls. Simple product for Zephrant ERP import; one internal Default variant will be created.,Liter,Carton,12,12000,450,500,0,0,5,Active
Toilet Rolls Regular,,,,,,,,,Household,Toilet Rolls,Toilet Rolls Regular,Imported Brand,HOU-TR-TRR-IB-02166,,Toilet Rolls Regular in Household > Toilet Rolls. Simple product for Zephrant ERP import; one internal Default variant will be created.,Liter,Carton,12,12000,450,500,0,0,5,Active
Toilet Rolls Premium,,,,,,,,,Household,Toilet Rolls,Toilet Rolls Premium,Store Brand,HOU-TR-TRP-SB-02167,,Toilet Rolls Premium in Household > Toilet Rolls. Simple product for Zephrant ERP import; one internal Default variant will be created.,Liter,Carton,12,12000,450,500,0,0,5,Active
Toilet Rolls Premium,,,,,,,,,Household,Toilet Rolls,Toilet Rolls Premium,Local Brand,HOU-TR-TRP-LB-02168,,Toilet Rolls Premium in Household > Toilet Rolls. Simple product for Zephrant ERP import; one internal Default variant will be created.,Liter,Carton,12,12000,450,500,0,0,5,Active
Toilet Rolls Premium,,,,,,,,,Household,Toilet Rolls,Toilet Rolls Premium,Imported Brand,HOU-TR-TRP-IB-02169,,Toilet Rolls Premium in Household > Toilet Rolls. Simple product for Zephrant ERP import; one internal Default variant will be created.,Liter,Carton,12,12000,450,500,0,0,5,Active
Kitchen Rolls,,,,,,,,,Household,Kitchen Rolls,Kitchen Rolls,Store Brand,HOU-KR-KR-SB-02170,,Kitchen Rolls in Household > Kitchen Rolls. Simple product for Zephrant ERP import; one internal Default variant will be created.,Piece,Carton,12,6000,650,750,0,0,5,Active
Kitchen Rolls,,,,,,,,,Household,Kitchen Rolls,Kitchen Rolls,Local Brand,HOU-KR-KR-LB-02171,,Kitchen Rolls in Household > Kitchen Rolls. Simple product for Zephrant ERP import; one internal Default variant will be created.,Piece,Carton,12,6000,650,750,0,0,5,Active
Kitchen Rolls,,,,,,,,,Household,Kitchen Rolls,Kitchen Rolls,Imported Brand,HOU-KR-KR-IB-02172,,Kitchen Rolls in Household > Kitchen Rolls. Simple product for Zephrant ERP import; one internal Default variant will be created.,Piece,Carton,12,6000,650,750,0,0,5,Active
Kitchen Rolls Regular,,,,,,,,,Household,Kitchen Rolls,Kitchen Rolls Regular,Store Brand,HOU-KR-KRR-SB-02173,,Kitchen Rolls Regular in Household > Kitchen Rolls. Simple product for Zephrant ERP import; one internal Default variant will be created.,Piece,Carton,12,6000,650,750,0,0,5,Active
Kitchen Rolls Regular,,,,,,,,,Household,Kitchen Rolls,Kitchen Rolls Regular,Local Brand,HOU-KR-KRR-LB-02174,,Kitchen Rolls Regular in Household > Kitchen Rolls. Simple product for Zephrant ERP import; one internal Default variant will be created.,Piece,Carton,12,6000,650,750,0,0,5,Active
Kitchen Rolls Regular,,,,,,,,,Household,Kitchen Rolls,Kitchen Rolls Regular,Imported Brand,HOU-KR-KRR-IB-02175,,Kitchen Rolls Regular in Household > Kitchen Rolls. Simple product for Zephrant ERP import; one internal Default variant will be created.,Piece,Carton,12,6000,650,750,0,0,5,Active
Kitchen Rolls Premium,,,,,,,,,Household,Kitchen Rolls,Kitchen Rolls Premium,Store Brand,HOU-KR-KRP-SB-02176,,Kitchen Rolls Premium in Household > Kitchen Rolls. Simple product for Zephrant ERP import; one internal Default variant will be created.,Piece,Carton,12,6000,650,750,0,0,5,Active
Kitchen Rolls Premium,,,,,,,,,Household,Kitchen Rolls,Kitchen Rolls Premium,Local Brand,HOU-KR-KRP-LB-02177,,Kitchen Rolls Premium in Household > Kitchen Rolls. Simple product for Zephrant ERP import; one internal Default variant will be created.,Piece,Carton,12,6000,650,750,0,0,5,Active
Kitchen Rolls Premium,,,,,,,,,Household,Kitchen Rolls,Kitchen Rolls Premium,Imported Brand,HOU-KR-KRP-IB-02178,,Kitchen Rolls Premium in Household > Kitchen Rolls. Simple product for Zephrant ERP import; one internal Default variant will be created.,Piece,Carton,12,6000,650,750,0,0,5,Active
Garbage Bags,,,,,,,,,Household,Garbage Bags,Garbage Bags,Store Brand,HOU-GB-GB-SB-02179,,Garbage Bags in Household > Garbage Bags. Simple product for Zephrant ERP import; one internal Default variant will be created.,Piece,Carton,12,6000,650,750,0,0,5,Active
Garbage Bags,,,,,,,,,Household,Garbage Bags,Garbage Bags,Local Brand,HOU-GB-GB-LB-02180,,Garbage Bags in Household > Garbage Bags. Simple product for Zephrant ERP import; one internal Default variant will be created.,Piece,Carton,12,6000,650,750,0,0,5,Active
Garbage Bags,,,,,,,,,Household,Garbage Bags,Garbage Bags,Imported Brand,HOU-GB-GB-IB-02181,,Garbage Bags in Household > Garbage Bags. Simple product for Zephrant ERP import; one internal Default variant will be created.,Piece,Carton,12,6000,650,750,0,0,5,Active
Garbage Bags Regular,,,,,,,,,Household,Garbage Bags,Garbage Bags Regular,Store Brand,HOU-GB-GBR-SB-02182,,Garbage Bags Regular in Household > Garbage Bags. Simple product for Zephrant ERP import; one internal Default variant will be created.,Piece,Carton,12,6000,650,750,0,0,5,Active
Garbage Bags Regular,,,,,,,,,Household,Garbage Bags,Garbage Bags Regular,Local Brand,HOU-GB-GBR-LB-02183,,Garbage Bags Regular in Household > Garbage Bags. Simple product for Zephrant ERP import; one internal Default variant will be created.,Piece,Carton,12,6000,650,750,0,0,5,Active
Garbage Bags Regular,,,,,,,,,Household,Garbage Bags,Garbage Bags Regular,Imported Brand,HOU-GB-GBR-IB-02184,,Garbage Bags Regular in Household > Garbage Bags. Simple product for Zephrant ERP import; one internal Default variant will be created.,Piece,Carton,12,6000,650,750,0,0,5,Active
Garbage Bags Premium,,,,,,,,,Household,Garbage Bags,Garbage Bags Premium,Store Brand,HOU-GB-GBP-SB-02185,,Garbage Bags Premium in Household > Garbage Bags. Simple product for Zephrant ERP import; one internal Default variant will be created.,Piece,Carton,12,6000,650,750,0,0,5,Active
Garbage Bags Premium,,,,,,,,,Household,Garbage Bags,Garbage Bags Premium,Local Brand,HOU-GB-GBP-LB-02186,,Garbage Bags Premium in Household > Garbage Bags. Simple product for Zephrant ERP import; one internal Default variant will be created.,Piece,Carton,12,6000,650,750,0,0,5,Active
Garbage Bags Premium,,,,,,,,,Household,Garbage Bags,Garbage Bags Premium,Imported Brand,HOU-GB-GBP-IB-02187,,Garbage Bags Premium in Household > Garbage Bags. Simple product for Zephrant ERP import; one internal Default variant will be created.,Piece,Carton,12,6000,650,750,0,0,5,Active
Aluminum Foil,,,,,,,,,Household,Aluminum Foil,Aluminum Foil,Store Brand,HOU-AF-AF-SB-02188,,Aluminum Foil in Household > Aluminum Foil. Simple product for Zephrant ERP import; one internal Default variant will be created.,Liter,Carton,12,12000,450,500,0,0,5,Active
Aluminum Foil,,,,,,,,,Household,Aluminum Foil,Aluminum Foil,Local Brand,HOU-AF-AF-LB-02189,,Aluminum Foil in Household > Aluminum Foil. Simple product for Zephrant ERP import; one internal Default variant will be created.,Liter,Carton,12,12000,450,500,0,0,5,Active
Aluminum Foil,,,,,,,,,Household,Aluminum Foil,Aluminum Foil,Imported Brand,HOU-AF-AF-IB-02190,,Aluminum Foil in Household > Aluminum Foil. Simple product for Zephrant ERP import; one internal Default variant will be created.,Liter,Carton,12,12000,450,500,0,0,5,Active
Aluminum Foil Regular,,,,,,,,,Household,Aluminum Foil,Aluminum Foil Regular,Store Brand,HOU-AF-AFR-SB-02191,,Aluminum Foil Regular in Household > Aluminum Foil. Simple product for Zephrant ERP import; one internal Default variant will be created.,Liter,Carton,12,12000,450,500,0,0,5,Active
Aluminum Foil Regular,,,,,,,,,Household,Aluminum Foil,Aluminum Foil Regular,Local Brand,HOU-AF-AFR-LB-02192,,Aluminum Foil Regular in Household > Aluminum Foil. Simple product for Zephrant ERP import; one internal Default variant will be created.,Liter,Carton,12,12000,450,500,0,0,5,Active
Aluminum Foil Regular,,,,,,,,,Household,Aluminum Foil,Aluminum Foil Regular,Imported Brand,HOU-AF-AFR-IB-02193,,Aluminum Foil Regular in Household > Aluminum Foil. Simple product for Zephrant ERP import; one internal Default variant will be created.,Liter,Carton,12,12000,450,500,0,0,5,Active
Aluminum Foil Premium,,,,,,,,,Household,Aluminum Foil,Aluminum Foil Premium,Store Brand,HOU-AF-AFP-SB-02194,,Aluminum Foil Premium in Household > Aluminum Foil. Simple product for Zephrant ERP import; one internal Default variant will be created.,Liter,Carton,12,12000,450,500,0,0,5,Active
Aluminum Foil Premium,,,,,,,,,Household,Aluminum Foil,Aluminum Foil Premium,Local Brand,HOU-AF-AFP-LB-02195,,Aluminum Foil Premium in Household > Aluminum Foil. Simple product for Zephrant ERP import; one internal Default variant will be created.,Liter,Carton,12,12000,450,500,0,0,5,Active
Aluminum Foil Premium,,,,,,,,,Household,Aluminum Foil,Aluminum Foil Premium,Imported Brand,HOU-AF-AFP-IB-02196,,Aluminum Foil Premium in Household > Aluminum Foil. Simple product for Zephrant ERP import; one internal Default variant will be created.,Liter,Carton,12,12000,450,500,0,0,5,Active
Cling Film,,,,,,,,,Household,Cling Film,Cling Film,Store Brand,HOU-CF-CF-SB-02197,,Cling Film in Household > Cling Film. Simple product for Zephrant ERP import; one internal Default variant will be created.,Piece,Carton,12,6000,650,750,0,0,5,Active
Cling Film,,,,,,,,,Household,Cling Film,Cling Film,Local Brand,HOU-CF-CF-LB-02198,,Cling Film in Household > Cling Film. Simple product for Zephrant ERP import; one internal Default variant will be created.,Piece,Carton,12,6000,650,750,0,0,5,Active
Cling Film,,,,,,,,,Household,Cling Film,Cling Film,Imported Brand,HOU-CF-CF-IB-02199,,Cling Film in Household > Cling Film. Simple product for Zephrant ERP import; one internal Default variant will be created.,Piece,Carton,12,6000,650,750,0,0,5,Active
Cling Film Regular,,,,,,,,,Household,Cling Film,Cling Film Regular,Store Brand,HOU-CF-CFR-SB-02200,,Cling Film Regular in Household > Cling Film. Simple product for Zephrant ERP import; one internal Default variant will be created.,Piece,Carton,12,6000,650,750,0,0,5,Active
Cling Film Regular,,,,,,,,,Household,Cling Film,Cling Film Regular,Local Brand,HOU-CF-CFR-LB-02201,,Cling Film Regular in Household > Cling Film. Simple product for Zephrant ERP import; one internal Default variant will be created.,Piece,Carton,12,6000,650,750,0,0,5,Active
Cling Film Regular,,,,,,,,,Household,Cling Film,Cling Film Regular,Imported Brand,HOU-CF-CFR-IB-02202,,Cling Film Regular in Household > Cling Film. Simple product for Zephrant ERP import; one internal Default variant will be created.,Piece,Carton,12,6000,650,750,0,0,5,Active
Cling Film Premium,,,,,,,,,Household,Cling Film,Cling Film Premium,Store Brand,HOU-CF-CFP-SB-02203,,Cling Film Premium in Household > Cling Film. Simple product for Zephrant ERP import; one internal Default variant will be created.,Piece,Carton,12,6000,650,750,0,0,5,Active
Cling Film Premium,,,,,,,,,Household,Cling Film,Cling Film Premium,Local Brand,HOU-CF-CFP-LB-02204,,Cling Film Premium in Household > Cling Film. Simple product for Zephrant ERP import; one internal Default variant will be created.,Piece,Carton,12,6000,650,750,0,0,5,Active
Cling Film Premium,,,,,,,,,Household,Cling Film,Cling Film Premium,Imported Brand,HOU-CF-CFP-IB-02205,,Cling Film Premium in Household > Cling Film. Simple product for Zephrant ERP import; one internal Default variant will be created.,Piece,Carton,12,6000,650,750,0,0,5,Active
Food Storage,,,,,,,,,Household,Food Storage,Food Storage,Store Brand,HOU-FS-FS-SB-02206,,Food Storage in Household > Food Storage. Simple product for Zephrant ERP import; one internal Default variant will be created.,Piece,Carton,12,6000,650,750,0,0,5,Active
Food Storage,,,,,,,,,Household,Food Storage,Food Storage,Local Brand,HOU-FS-FS-LB-02207,,Food Storage in Household > Food Storage. Simple product for Zephrant ERP import; one internal Default variant will be created.,Piece,Carton,12,6000,650,750,0,0,5,Active
Food Storage,,,,,,,,,Household,Food Storage,Food Storage,Imported Brand,HOU-FS-FS-IB-02208,,Food Storage in Household > Food Storage. Simple product for Zephrant ERP import; one internal Default variant will be created.,Piece,Carton,12,6000,650,750,0,0,5,Active
Food Storage Regular,,,,,,,,,Household,Food Storage,Food Storage Regular,Store Brand,HOU-FS-FSR-SB-02209,,Food Storage Regular in Household > Food Storage. Simple product for Zephrant ERP import; one internal Default variant will be created.,Piece,Carton,12,6000,650,750,0,0,5,Active
Food Storage Regular,,,,,,,,,Household,Food Storage,Food Storage Regular,Local Brand,HOU-FS-FSR-LB-02210,,Food Storage Regular in Household > Food Storage. Simple product for Zephrant ERP import; one internal Default variant will be created.,Piece,Carton,12,6000,650,750,0,0,5,Active
Food Storage Regular,,,,,,,,,Household,Food Storage,Food Storage Regular,Imported Brand,HOU-FS-FSR-IB-02211,,Food Storage Regular in Household > Food Storage. Simple product for Zephrant ERP import; one internal Default variant will be created.,Piece,Carton,12,6000,650,750,0,0,5,Active
Food Storage Premium,,,,,,,,,Household,Food Storage,Food Storage Premium,Store Brand,HOU-FS-FSP-SB-02212,,Food Storage Premium in Household > Food Storage. Simple product for Zephrant ERP import; one internal Default variant will be created.,Piece,Carton,12,6000,650,750,0,0,5,Active
Food Storage Premium,,,,,,,,,Household,Food Storage,Food Storage Premium,Local Brand,HOU-FS-FSP-LB-02213,,Food Storage Premium in Household > Food Storage. Simple product for Zephrant ERP import; one internal Default variant will be created.,Piece,Carton,12,6000,650,750,0,0,5,Active
Food Storage Premium,,,,,,,,,Household,Food Storage,Food Storage Premium,Imported Brand,HOU-FS-FSP-IB-02214,,Food Storage Premium in Household > Food Storage. Simple product for Zephrant ERP import; one internal Default variant will be created.,Piece,Carton,12,6000,650,750,0,0,5,Active
Plastic Products,,,,,,,,,Household,Plastic Products,Plastic Products,Store Brand,HOU-PP-PP-SB-02215,,Plastic Products in Household > Plastic Products. Simple product for Zephrant ERP import; one internal Default variant will be created.,Piece,Carton,12,6000,650,750,0,0,5,Active
Plastic Products,,,,,,,,,Household,Plastic Products,Plastic Products,Local Brand,HOU-PP-PP-LB-02216,,Plastic Products in Household > Plastic Products. Simple product for Zephrant ERP import; one internal Default variant will be created.,Piece,Carton,12,6000,650,750,0,0,5,Active
Plastic Products,,,,,,,,,Household,Plastic Products,Plastic Products,Imported Brand,HOU-PP-PP-IB-02217,,Plastic Products in Household > Plastic Products. Simple product for Zephrant ERP import; one internal Default variant will be created.,Piece,Carton,12,6000,650,750,0,0,5,Active
Plastic Products Regular,,,,,,,,,Household,Plastic Products,Plastic Products Regular,Store Brand,HOU-PP-PPR-SB-02218,,Plastic Products Regular in Household > Plastic Products. Simple product for Zephrant ERP import; one internal Default variant will be created.,Piece,Carton,12,6000,650,750,0,0,5,Active
Plastic Products Regular,,,,,,,,,Household,Plastic Products,Plastic Products Regular,Local Brand,HOU-PP-PPR-LB-02219,,Plastic Products Regular in Household > Plastic Products. Simple product for Zephrant ERP import; one internal Default variant will be created.,Piece,Carton,12,6000,650,750,0,0,5,Active
Plastic Products Regular,,,,,,,,,Household,Plastic Products,Plastic Products Regular,Imported Brand,HOU-PP-PPR-IB-02220,,Plastic Products Regular in Household > Plastic Products. Simple product for Zephrant ERP import; one internal Default variant will be created.,Piece,Carton,12,6000,650,750,0,0,5,Active
Plastic Products Premium,,,,,,,,,Household,Plastic Products,Plastic Products Premium,Store Brand,HOU-PP-PPP-SB-02221,,Plastic Products Premium in Household > Plastic Products. Simple product for Zephrant ERP import; one internal Default variant will be created.,Piece,Carton,12,6000,650,750,0,0,5,Active
Plastic Products Premium,,,,,,,,,Household,Plastic Products,Plastic Products Premium,Local Brand,HOU-PP-PPP-LB-02222,,Plastic Products Premium in Household > Plastic Products. Simple product for Zephrant ERP import; one internal Default variant will be created.,Piece,Carton,12,6000,650,750,0,0,5,Active
Plastic Products Premium,,,,,,,,,Household,Plastic Products,Plastic Products Premium,Imported Brand,HOU-PP-PPP-IB-02223,,Plastic Products Premium in Household > Plastic Products. Simple product for Zephrant ERP import; one internal Default variant will be created.,Piece,Carton,12,6000,650,750,0,0,5,Active
Disposable Products,,,,,,,,,Household,Disposable Products,Disposable Products,Store Brand,HOU-DP-DP-SB-02224,,Disposable Products in Household > Disposable Products. Simple product for Zephrant ERP import; one internal Default variant will be created.,Piece,Carton,12,6000,650,750,0,0,5,Active
Disposable Products,,,,,,,,,Household,Disposable Products,Disposable Products,Local Brand,HOU-DP-DP-LB-02225,,Disposable Products in Household > Disposable Products. Simple product for Zephrant ERP import; one internal Default variant will be created.,Piece,Carton,12,6000,650,750,0,0,5,Active
Disposable Products,,,,,,,,,Household,Disposable Products,Disposable Products,Imported Brand,HOU-DP-DP-IB-02226,,Disposable Products in Household > Disposable Products. Simple product for Zephrant ERP import; one internal Default variant will be created.,Piece,Carton,12,6000,650,750,0,0,5,Active
Disposable Products Regular,,,,,,,,,Household,Disposable Products,Disposable Products Regular,Store Brand,HOU-DP-DPR-SB-02227,,Disposable Products Regular in Household > Disposable Products. Simple product for Zephrant ERP import; one internal Default variant will be created.,Piece,Carton,12,6000,650,750,0,0,5,Active
Disposable Products Regular,,,,,,,,,Household,Disposable Products,Disposable Products Regular,Local Brand,HOU-DP-DPR-LB-02228,,Disposable Products Regular in Household > Disposable Products. Simple product for Zephrant ERP import; one internal Default variant will be created.,Piece,Carton,12,6000,650,750,0,0,5,Active
Disposable Products Regular,,,,,,,,,Household,Disposable Products,Disposable Products Regular,Imported Brand,HOU-DP-DPR-IB-02229,,Disposable Products Regular in Household > Disposable Products. Simple product for Zephrant ERP import; one internal Default variant will be created.,Piece,Carton,12,6000,650,750,0,0,5,Active
Disposable Products Premium,,,,,,,,,Household,Disposable Products,Disposable Products Premium,Store Brand,HOU-DP-DPP-SB-02230,,Disposable Products Premium in Household > Disposable Products. Simple product for Zephrant ERP import; one internal Default variant will be created.,Piece,Carton,12,6000,650,750,0,0,5,Active
Disposable Products Premium,,,,,,,,,Household,Disposable Products,Disposable Products Premium,Local Brand,HOU-DP-DPP-LB-02231,,Disposable Products Premium in Household > Disposable Products. Simple product for Zephrant ERP import; one internal Default variant will be created.,Piece,Carton,12,6000,650,750,0,0,5,Active
Disposable Products Premium,,,,,,,,,Household,Disposable Products,Disposable Products Premium,Imported Brand,HOU-DP-DPP-IB-02232,,Disposable Products Premium in Household > Disposable Products. Simple product for Zephrant ERP import; one internal Default variant will be created.,Piece,Carton,12,6000,650,750,0,0,5,Active
Cleaning Tools,,,,,,,,,Household,Cleaning Tools,Cleaning Tools,Store Brand,HOU-CT-CT-SB-02233,,Cleaning Tools in Household > Cleaning Tools. Simple product for Zephrant ERP import; one internal Default variant will be created.,Piece,Carton,12,6000,650,750,0,0,5,Active
Cleaning Tools,,,,,,,,,Household,Cleaning Tools,Cleaning Tools,Local Brand,HOU-CT-CT-LB-02234,,Cleaning Tools in Household > Cleaning Tools. Simple product for Zephrant ERP import; one internal Default variant will be created.,Piece,Carton,12,6000,650,750,0,0,5,Active
Cleaning Tools,,,,,,,,,Household,Cleaning Tools,Cleaning Tools,Imported Brand,HOU-CT-CT-IB-02235,,Cleaning Tools in Household > Cleaning Tools. Simple product for Zephrant ERP import; one internal Default variant will be created.,Piece,Carton,12,6000,650,750,0,0,5,Active
Cleaning Tools Regular,,,,,,,,,Household,Cleaning Tools,Cleaning Tools Regular,Store Brand,HOU-CT-CTR-SB-02236,,Cleaning Tools Regular in Household > Cleaning Tools. Simple product for Zephrant ERP import; one internal Default variant will be created.,Piece,Carton,12,6000,650,750,0,0,5,Active
Cleaning Tools Regular,,,,,,,,,Household,Cleaning Tools,Cleaning Tools Regular,Local Brand,HOU-CT-CTR-LB-02237,,Cleaning Tools Regular in Household > Cleaning Tools. Simple product for Zephrant ERP import; one internal Default variant will be created.,Piece,Carton,12,6000,650,750,0,0,5,Active
Cleaning Tools Regular,,,,,,,,,Household,Cleaning Tools,Cleaning Tools Regular,Imported Brand,HOU-CT-CTR-IB-02238,,Cleaning Tools Regular in Household > Cleaning Tools. Simple product for Zephrant ERP import; one internal Default variant will be created.,Piece,Carton,12,6000,650,750,0,0,5,Active
Cleaning Tools Premium,,,,,,,,,Household,Cleaning Tools,Cleaning Tools Premium,Store Brand,HOU-CT-CTP-SB-02239,,Cleaning Tools Premium in Household > Cleaning Tools. Simple product for Zephrant ERP import; one internal Default variant will be created.,Piece,Carton,12,6000,650,750,0,0,5,Active
Cleaning Tools Premium,,,,,,,,,Household,Cleaning Tools,Cleaning Tools Premium,Local Brand,HOU-CT-CTP-LB-02240,,Cleaning Tools Premium in Household > Cleaning Tools. Simple product for Zephrant ERP import; one internal Default variant will be created.,Piece,Carton,12,6000,650,750,0,0,5,Active
Cleaning Tools Premium,,,,,,,,,Household,Cleaning Tools,Cleaning Tools Premium,Imported Brand,HOU-CT-CTP-IB-02241,,Cleaning Tools Premium in Household > Cleaning Tools. Simple product for Zephrant ERP import; one internal Default variant will be created.,Piece,Carton,12,6000,650,750,0,0,5,Active
Kitchen Tools,,,,,,,,,Household,Kitchen Tools,Kitchen Tools,Store Brand,HOU-KT-KT-SB-02242,,Kitchen Tools in Household > Kitchen Tools. Simple product for Zephrant ERP import; one internal Default variant will be created.,Piece,Carton,12,6000,650,750,0,0,5,Active
Kitchen Tools,,,,,,,,,Household,Kitchen Tools,Kitchen Tools,Local Brand,HOU-KT-KT-LB-02243,,Kitchen Tools in Household > Kitchen Tools. Simple product for Zephrant ERP import; one internal Default variant will be created.,Piece,Carton,12,6000,650,750,0,0,5,Active
Kitchen Tools,,,,,,,,,Household,Kitchen Tools,Kitchen Tools,Imported Brand,HOU-KT-KT-IB-02244,,Kitchen Tools in Household > Kitchen Tools. Simple product for Zephrant ERP import; one internal Default variant will be created.,Piece,Carton,12,6000,650,750,0,0,5,Active
Kitchen Tools Regular,,,,,,,,,Household,Kitchen Tools,Kitchen Tools Regular,Store Brand,HOU-KT-KTR-SB-02245,,Kitchen Tools Regular in Household > Kitchen Tools. Simple product for Zephrant ERP import; one internal Default variant will be created.,Piece,Carton,12,6000,650,750,0,0,5,Active
Kitchen Tools Regular,,,,,,,,,Household,Kitchen Tools,Kitchen Tools Regular,Local Brand,HOU-KT-KTR-LB-02246,,Kitchen Tools Regular in Household > Kitchen Tools. Simple product for Zephrant ERP import; one internal Default variant will be created.,Piece,Carton,12,6000,650,750,0,0,5,Active
Kitchen Tools Regular,,,,,,,,,Household,Kitchen Tools,Kitchen Tools Regular,Imported Brand,HOU-KT-KTR-IB-02247,,Kitchen Tools Regular in Household > Kitchen Tools. Simple product for Zephrant ERP import; one internal Default variant will be created.,Piece,Carton,12,6000,650,750,0,0,5,Active
Kitchen Tools Premium,,,,,,,,,Household,Kitchen Tools,Kitchen Tools Premium,Store Brand,HOU-KT-KTP-SB-02248,,Kitchen Tools Premium in Household > Kitchen Tools. Simple product for Zephrant ERP import; one internal Default variant will be created.,Piece,Carton,12,6000,650,750,0,0,5,Active
Kitchen Tools Premium,,,,,,,,,Household,Kitchen Tools,Kitchen Tools Premium,Local Brand,HOU-KT-KTP-LB-02249,,Kitchen Tools Premium in Household > Kitchen Tools. Simple product for Zephrant ERP import; one internal Default variant will be created.,Piece,Carton,12,6000,650,750,0,0,5,Active
Kitchen Tools Premium,,,,,,,,,Household,Kitchen Tools,Kitchen Tools Premium,Imported Brand,HOU-KT-KTP-IB-02250,,Kitchen Tools Premium in Household > Kitchen Tools. Simple product for Zephrant ERP import; one internal Default variant will be created.,Piece,Carton,12,6000,650,750,0,0,5,Active
Household Accessories,,,,,,,,,Household,Household Accessories,Household Accessories,Store Brand,HOU-HA-HA-SB-02251,,Household Accessories in Household > Household Accessories. Simple product for Zephrant ERP import; one internal Default variant will be created.,Piece,Carton,12,6000,650,750,0,0,5,Active
Household Accessories,,,,,,,,,Household,Household Accessories,Household Accessories,Local Brand,HOU-HA-HA-LB-02252,,Household Accessories in Household > Household Accessories. Simple product for Zephrant ERP import; one internal Default variant will be created.,Piece,Carton,12,6000,650,750,0,0,5,Active
Household Accessories,,,,,,,,,Household,Household Accessories,Household Accessories,Imported Brand,HOU-HA-HA-IB-02253,,Household Accessories in Household > Household Accessories. Simple product for Zephrant ERP import; one internal Default variant will be created.,Piece,Carton,12,6000,650,750,0,0,5,Active
Household Accessories Regular,,,,,,,,,Household,Household Accessories,Household Accessories Regular,Store Brand,HOU-HA-HAR-SB-02254,,Household Accessories Regular in Household > Household Accessories. Simple product for Zephrant ERP import; one internal Default variant will be created.,Piece,Carton,12,6000,650,750,0,0,5,Active
Household Accessories Regular,,,,,,,,,Household,Household Accessories,Household Accessories Regular,Local Brand,HOU-HA-HAR-LB-02255,,Household Accessories Regular in Household > Household Accessories. Simple product for Zephrant ERP import; one internal Default variant will be created.,Piece,Carton,12,6000,650,750,0,0,5,Active
Household Accessories Regular,,,,,,,,,Household,Household Accessories,Household Accessories Regular,Imported Brand,HOU-HA-HAR-IB-02256,,Household Accessories Regular in Household > Household Accessories. Simple product for Zephrant ERP import; one internal Default variant will be created.,Piece,Carton,12,6000,650,750,0,0,5,Active
Household Accessories Premium,,,,,,,,,Household,Household Accessories,Household Accessories Premium,Store Brand,HOU-HA-HAP-SB-02257,,Household Accessories Premium in Household > Household Accessories. Simple product for Zephrant ERP import; one internal Default variant will be created.,Piece,Carton,12,6000,650,750,0,0,5,Active
Household Accessories Premium,,,,,,,,,Household,Household Accessories,Household Accessories Premium,Local Brand,HOU-HA-HAP-LB-02258,,Household Accessories Premium in Household > Household Accessories. Simple product for Zephrant ERP import; one internal Default variant will be created.,Piece,Carton,12,6000,650,750,0,0,5,Active
Household Accessories Premium,,,,,,,,,Household,Household Accessories,Household Accessories Premium,Imported Brand,HOU-HA-HAP-IB-02259,,Household Accessories Premium in Household > Household Accessories. Simple product for Zephrant ERP import; one internal Default variant will be created.,Piece,Carton,12,6000,650,750,0,0,5,Active
Cat Food,,,,,,,,,Pet Care,Cat Food,Cat Food,Store Brand,PC-CF-CF-SB-02260,,Cat Food in Pet Care > Cat Food. Simple product for Zephrant ERP import; one internal Default variant will be created.,Piece,Carton,12,6000,650,750,0,0,5,Active
Cat Food,,,,,,,,,Pet Care,Cat Food,Cat Food,Local Brand,PC-CF-CF-LB-02261,,Cat Food in Pet Care > Cat Food. Simple product for Zephrant ERP import; one internal Default variant will be created.,Piece,Carton,12,6000,650,750,0,0,5,Active
Cat Food,,,,,,,,,Pet Care,Cat Food,Cat Food,Imported Brand,PC-CF-CF-IB-02262,,Cat Food in Pet Care > Cat Food. Simple product for Zephrant ERP import; one internal Default variant will be created.,Piece,Carton,12,6000,650,750,0,0,5,Active
Cat Food Regular,,,,,,,,,Pet Care,Cat Food,Cat Food Regular,Store Brand,PC-CF-CFR-SB-02263,,Cat Food Regular in Pet Care > Cat Food. Simple product for Zephrant ERP import; one internal Default variant will be created.,Piece,Carton,12,6000,650,750,0,0,5,Active
Cat Food Regular,,,,,,,,,Pet Care,Cat Food,Cat Food Regular,Local Brand,PC-CF-CFR-LB-02264,,Cat Food Regular in Pet Care > Cat Food. Simple product for Zephrant ERP import; one internal Default variant will be created.,Piece,Carton,12,6000,650,750,0,0,5,Active
Cat Food Regular,,,,,,,,,Pet Care,Cat Food,Cat Food Regular,Imported Brand,PC-CF-CFR-IB-02265,,Cat Food Regular in Pet Care > Cat Food. Simple product for Zephrant ERP import; one internal Default variant will be created.,Piece,Carton,12,6000,650,750,0,0,5,Active
Cat Food Premium,,,,,,,,,Pet Care,Cat Food,Cat Food Premium,Store Brand,PC-CF-CFP-SB-02266,,Cat Food Premium in Pet Care > Cat Food. Simple product for Zephrant ERP import; one internal Default variant will be created.,Piece,Carton,12,6000,650,750,0,0,5,Active
Cat Food Premium,,,,,,,,,Pet Care,Cat Food,Cat Food Premium,Local Brand,PC-CF-CFP-LB-02267,,Cat Food Premium in Pet Care > Cat Food. Simple product for Zephrant ERP import; one internal Default variant will be created.,Piece,Carton,12,6000,650,750,0,0,5,Active
Cat Food Premium,,,,,,,,,Pet Care,Cat Food,Cat Food Premium,Imported Brand,PC-CF-CFP-IB-02268,,Cat Food Premium in Pet Care > Cat Food. Simple product for Zephrant ERP import; one internal Default variant will be created.,Piece,Carton,12,6000,650,750,0,0,5,Active
Dog Food,,,,,,,,,Pet Care,Dog Food,Dog Food,Store Brand,PC-DF-DF-SB-02269,,Dog Food in Pet Care > Dog Food. Simple product for Zephrant ERP import; one internal Default variant will be created.,Piece,Carton,12,6000,650,750,0,0,5,Active
Dog Food,,,,,,,,,Pet Care,Dog Food,Dog Food,Local Brand,PC-DF-DF-LB-02270,,Dog Food in Pet Care > Dog Food. Simple product for Zephrant ERP import; one internal Default variant will be created.,Piece,Carton,12,6000,650,750,0,0,5,Active
Dog Food,,,,,,,,,Pet Care,Dog Food,Dog Food,Imported Brand,PC-DF-DF-IB-02271,,Dog Food in Pet Care > Dog Food. Simple product for Zephrant ERP import; one internal Default variant will be created.,Piece,Carton,12,6000,650,750,0,0,5,Active
Dog Food Regular,,,,,,,,,Pet Care,Dog Food,Dog Food Regular,Store Brand,PC-DF-DFR-SB-02272,,Dog Food Regular in Pet Care > Dog Food. Simple product for Zephrant ERP import; one internal Default variant will be created.,Piece,Carton,12,6000,650,750,0,0,5,Active
Dog Food Regular,,,,,,,,,Pet Care,Dog Food,Dog Food Regular,Local Brand,PC-DF-DFR-LB-02273,,Dog Food Regular in Pet Care > Dog Food. Simple product for Zephrant ERP import; one internal Default variant will be created.,Piece,Carton,12,6000,650,750,0,0,5,Active
Dog Food Regular,,,,,,,,,Pet Care,Dog Food,Dog Food Regular,Imported Brand,PC-DF-DFR-IB-02274,,Dog Food Regular in Pet Care > Dog Food. Simple product for Zephrant ERP import; one internal Default variant will be created.,Piece,Carton,12,6000,650,750,0,0,5,Active
Dog Food Premium,,,,,,,,,Pet Care,Dog Food,Dog Food Premium,Store Brand,PC-DF-DFP-SB-02275,,Dog Food Premium in Pet Care > Dog Food. Simple product for Zephrant ERP import; one internal Default variant will be created.,Piece,Carton,12,6000,650,750,0,0,5,Active
Dog Food Premium,,,,,,,,,Pet Care,Dog Food,Dog Food Premium,Local Brand,PC-DF-DFP-LB-02276,,Dog Food Premium in Pet Care > Dog Food. Simple product for Zephrant ERP import; one internal Default variant will be created.,Piece,Carton,12,6000,650,750,0,0,5,Active
Dog Food Premium,,,,,,,,,Pet Care,Dog Food,Dog Food Premium,Imported Brand,PC-DF-DFP-IB-02277,,Dog Food Premium in Pet Care > Dog Food. Simple product for Zephrant ERP import; one internal Default variant will be created.,Piece,Carton,12,6000,650,750,0,0,5,Active
Bird Feed,,,,,,,,,Pet Care,Bird Feed,Bird Feed,Store Brand,PC-BF-BF-SB-02278,,Bird Feed in Pet Care > Bird Feed. Simple product for Zephrant ERP import; one internal Default variant will be created.,Piece,Carton,12,6000,650,750,0,0,5,Active
Bird Feed,,,,,,,,,Pet Care,Bird Feed,Bird Feed,Local Brand,PC-BF-BF-LB-02279,,Bird Feed in Pet Care > Bird Feed. Simple product for Zephrant ERP import; one internal Default variant will be created.,Piece,Carton,12,6000,650,750,0,0,5,Active
Bird Feed,,,,,,,,,Pet Care,Bird Feed,Bird Feed,Imported Brand,PC-BF-BF-IB-02280,,Bird Feed in Pet Care > Bird Feed. Simple product for Zephrant ERP import; one internal Default variant will be created.,Piece,Carton,12,6000,650,750,0,0,5,Active
Bird Feed Regular,,,,,,,,,Pet Care,Bird Feed,Bird Feed Regular,Store Brand,PC-BF-BFR-SB-02281,,Bird Feed Regular in Pet Care > Bird Feed. Simple product for Zephrant ERP import; one internal Default variant will be created.,Piece,Carton,12,6000,650,750,0,0,5,Active
Bird Feed Regular,,,,,,,,,Pet Care,Bird Feed,Bird Feed Regular,Local Brand,PC-BF-BFR-LB-02282,,Bird Feed Regular in Pet Care > Bird Feed. Simple product for Zephrant ERP import; one internal Default variant will be created.,Piece,Carton,12,6000,650,750,0,0,5,Active
Bird Feed Regular,,,,,,,,,Pet Care,Bird Feed,Bird Feed Regular,Imported Brand,PC-BF-BFR-IB-02283,,Bird Feed Regular in Pet Care > Bird Feed. Simple product for Zephrant ERP import; one internal Default variant will be created.,Piece,Carton,12,6000,650,750,0,0,5,Active
Bird Feed Premium,,,,,,,,,Pet Care,Bird Feed,Bird Feed Premium,Store Brand,PC-BF-BFP-SB-02284,,Bird Feed Premium in Pet Care > Bird Feed. Simple product for Zephrant ERP import; one internal Default variant will be created.,Piece,Carton,12,6000,650,750,0,0,5,Active
Bird Feed Premium,,,,,,,,,Pet Care,Bird Feed,Bird Feed Premium,Local Brand,PC-BF-BFP-LB-02285,,Bird Feed Premium in Pet Care > Bird Feed. Simple product for Zephrant ERP import; one internal Default variant will be created.,Piece,Carton,12,6000,650,750,0,0,5,Active
Bird Feed Premium,,,,,,,,,Pet Care,Bird Feed,Bird Feed Premium,Imported Brand,PC-BF-BFP-IB-02286,,Bird Feed Premium in Pet Care > Bird Feed. Simple product for Zephrant ERP import; one internal Default variant will be created.,Piece,Carton,12,6000,650,750,0,0,5,Active
Fish Feed,,,,,,,,,Pet Care,Fish Feed,Fish Feed,Store Brand,PC-FF-FF-SB-02287,,Fish Feed in Pet Care > Fish Feed. Simple product for Zephrant ERP import; one internal Default variant will be created.,Piece,Carton,12,6000,650,750,0,0,5,Active
Fish Feed,,,,,,,,,Pet Care,Fish Feed,Fish Feed,Local Brand,PC-FF-FF-LB-02288,,Fish Feed in Pet Care > Fish Feed. Simple product for Zephrant ERP import; one internal Default variant will be created.,Piece,Carton,12,6000,650,750,0,0,5,Active
Fish Feed,,,,,,,,,Pet Care,Fish Feed,Fish Feed,Imported Brand,PC-FF-FF-IB-02289,,Fish Feed in Pet Care > Fish Feed. Simple product for Zephrant ERP import; one internal Default variant will be created.,Piece,Carton,12,6000,650,750,0,0,5,Active
Fish Feed Regular,,,,,,,,,Pet Care,Fish Feed,Fish Feed Regular,Store Brand,PC-FF-FFR-SB-02290,,Fish Feed Regular in Pet Care > Fish Feed. Simple product for Zephrant ERP import; one internal Default variant will be created.,Piece,Carton,12,6000,650,750,0,0,5,Active
Fish Feed Regular,,,,,,,,,Pet Care,Fish Feed,Fish Feed Regular,Local Brand,PC-FF-FFR-LB-02291,,Fish Feed Regular in Pet Care > Fish Feed. Simple product for Zephrant ERP import; one internal Default variant will be created.,Piece,Carton,12,6000,650,750,0,0,5,Active
Fish Feed Regular,,,,,,,,,Pet Care,Fish Feed,Fish Feed Regular,Imported Brand,PC-FF-FFR-IB-02292,,Fish Feed Regular in Pet Care > Fish Feed. Simple product for Zephrant ERP import; one internal Default variant will be created.,Piece,Carton,12,6000,650,750,0,0,5,Active
Fish Feed Premium,,,,,,,,,Pet Care,Fish Feed,Fish Feed Premium,Store Brand,PC-FF-FFP-SB-02293,,Fish Feed Premium in Pet Care > Fish Feed. Simple product for Zephrant ERP import; one internal Default variant will be created.,Piece,Carton,12,6000,650,750,0,0,5,Active
Fish Feed Premium,,,,,,,,,Pet Care,Fish Feed,Fish Feed Premium,Local Brand,PC-FF-FFP-LB-02294,,Fish Feed Premium in Pet Care > Fish Feed. Simple product for Zephrant ERP import; one internal Default variant will be created.,Piece,Carton,12,6000,650,750,0,0,5,Active
Fish Feed Premium,,,,,,,,,Pet Care,Fish Feed,Fish Feed Premium,Imported Brand,PC-FF-FFP-IB-02295,,Fish Feed Premium in Pet Care > Fish Feed. Simple product for Zephrant ERP import; one internal Default variant will be created.,Piece,Carton,12,6000,650,750,0,0,5,Active
Pet Treats,,,,,,,,,Pet Care,Pet Treats,Pet Treats,Store Brand,PC-PT-PT-SB-02296,,Pet Treats in Pet Care > Pet Treats. Simple product for Zephrant ERP import; one internal Default variant will be created.,Piece,Carton,12,6000,650,750,0,0,5,Active
Pet Treats,,,,,,,,,Pet Care,Pet Treats,Pet Treats,Local Brand,PC-PT-PT-LB-02297,,Pet Treats in Pet Care > Pet Treats. Simple product for Zephrant ERP import; one internal Default variant will be created.,Piece,Carton,12,6000,650,750,0,0,5,Active
Pet Treats,,,,,,,,,Pet Care,Pet Treats,Pet Treats,Imported Brand,PC-PT-PT-IB-02298,,Pet Treats in Pet Care > Pet Treats. Simple product for Zephrant ERP import; one internal Default variant will be created.,Piece,Carton,12,6000,650,750,0,0,5,Active
Pet Treats Regular,,,,,,,,,Pet Care,Pet Treats,Pet Treats Regular,Store Brand,PC-PT-PTR-SB-02299,,Pet Treats Regular in Pet Care > Pet Treats. Simple product for Zephrant ERP import; one internal Default variant will be created.,Piece,Carton,12,6000,650,750,0,0,5,Active
Pet Treats Regular,,,,,,,,,Pet Care,Pet Treats,Pet Treats Regular,Local Brand,PC-PT-PTR-LB-02300,,Pet Treats Regular in Pet Care > Pet Treats. Simple product for Zephrant ERP import; one internal Default variant will be created.,Piece,Carton,12,6000,650,750,0,0,5,Active
Pet Treats Regular,,,,,,,,,Pet Care,Pet Treats,Pet Treats Regular,Imported Brand,PC-PT-PTR-IB-02301,,Pet Treats Regular in Pet Care > Pet Treats. Simple product for Zephrant ERP import; one internal Default variant will be created.,Piece,Carton,12,6000,650,750,0,0,5,Active
Pet Treats Premium,,,,,,,,,Pet Care,Pet Treats,Pet Treats Premium,Store Brand,PC-PT-PTP-SB-02302,,Pet Treats Premium in Pet Care > Pet Treats. Simple product for Zephrant ERP import; one internal Default variant will be created.,Piece,Carton,12,6000,650,750,0,0,5,Active
Pet Treats Premium,,,,,,,,,Pet Care,Pet Treats,Pet Treats Premium,Local Brand,PC-PT-PTP-LB-02303,,Pet Treats Premium in Pet Care > Pet Treats. Simple product for Zephrant ERP import; one internal Default variant will be created.,Piece,Carton,12,6000,650,750,0,0,5,Active
Pet Treats Premium,,,,,,,,,Pet Care,Pet Treats,Pet Treats Premium,Imported Brand,PC-PT-PTP-IB-02304,,Pet Treats Premium in Pet Care > Pet Treats. Simple product for Zephrant ERP import; one internal Default variant will be created.,Piece,Carton,12,6000,650,750,0,0,5,Active
Pet Hygiene,,,,,,,,,Pet Care,Pet Hygiene,Pet Hygiene,Store Brand,PC-PH-PH-SB-02305,,Pet Hygiene in Pet Care > Pet Hygiene. Simple product for Zephrant ERP import; one internal Default variant will be created.,Piece,Carton,12,6000,650,750,0,0,5,Active
Pet Hygiene,,,,,,,,,Pet Care,Pet Hygiene,Pet Hygiene,Local Brand,PC-PH-PH-LB-02306,,Pet Hygiene in Pet Care > Pet Hygiene. Simple product for Zephrant ERP import; one internal Default variant will be created.,Piece,Carton,12,6000,650,750,0,0,5,Active
Pet Hygiene,,,,,,,,,Pet Care,Pet Hygiene,Pet Hygiene,Imported Brand,PC-PH-PH-IB-02307,,Pet Hygiene in Pet Care > Pet Hygiene. Simple product for Zephrant ERP import; one internal Default variant will be created.,Piece,Carton,12,6000,650,750,0,0,5,Active
Pet Hygiene Regular,,,,,,,,,Pet Care,Pet Hygiene,Pet Hygiene Regular,Store Brand,PC-PH-PHR-SB-02308,,Pet Hygiene Regular in Pet Care > Pet Hygiene. Simple product for Zephrant ERP import; one internal Default variant will be created.,Piece,Carton,12,6000,650,750,0,0,5,Active
Pet Hygiene Regular,,,,,,,,,Pet Care,Pet Hygiene,Pet Hygiene Regular,Local Brand,PC-PH-PHR-LB-02309,,Pet Hygiene Regular in Pet Care > Pet Hygiene. Simple product for Zephrant ERP import; one internal Default variant will be created.,Piece,Carton,12,6000,650,750,0,0,5,Active
Pet Hygiene Regular,,,,,,,,,Pet Care,Pet Hygiene,Pet Hygiene Regular,Imported Brand,PC-PH-PHR-IB-02310,,Pet Hygiene Regular in Pet Care > Pet Hygiene. Simple product for Zephrant ERP import; one internal Default variant will be created.,Piece,Carton,12,6000,650,750,0,0,5,Active
Pet Hygiene Premium,,,,,,,,,Pet Care,Pet Hygiene,Pet Hygiene Premium,Store Brand,PC-PH-PHP-SB-02311,,Pet Hygiene Premium in Pet Care > Pet Hygiene. Simple product for Zephrant ERP import; one internal Default variant will be created.,Piece,Carton,12,6000,650,750,0,0,5,Active
Pet Hygiene Premium,,,,,,,,,Pet Care,Pet Hygiene,Pet Hygiene Premium,Local Brand,PC-PH-PHP-LB-02312,,Pet Hygiene Premium in Pet Care > Pet Hygiene. Simple product for Zephrant ERP import; one internal Default variant will be created.,Piece,Carton,12,6000,650,750,0,0,5,Active
Pet Hygiene Premium,,,,,,,,,Pet Care,Pet Hygiene,Pet Hygiene Premium,Imported Brand,PC-PH-PHP-IB-02313,,Pet Hygiene Premium in Pet Care > Pet Hygiene. Simple product for Zephrant ERP import; one internal Default variant will be created.,Piece,Carton,12,6000,650,750,0,0,5,Active
Pet Accessories,,,,,,,,,Pet Care,Pet Accessories,Pet Accessories,Store Brand,PC-PA-PA-SB-02314,,Pet Accessories in Pet Care > Pet Accessories. Simple product for Zephrant ERP import; one internal Default variant will be created.,Piece,Carton,12,6000,650,750,0,0,5,Active
Pet Accessories,,,,,,,,,Pet Care,Pet Accessories,Pet Accessories,Local Brand,PC-PA-PA-LB-02315,,Pet Accessories in Pet Care > Pet Accessories. Simple product for Zephrant ERP import; one internal Default variant will be created.,Piece,Carton,12,6000,650,750,0,0,5,Active
Pet Accessories,,,,,,,,,Pet Care,Pet Accessories,Pet Accessories,Imported Brand,PC-PA-PA-IB-02316,,Pet Accessories in Pet Care > Pet Accessories. Simple product for Zephrant ERP import; one internal Default variant will be created.,Piece,Carton,12,6000,650,750,0,0,5,Active
Pet Accessories Regular,,,,,,,,,Pet Care,Pet Accessories,Pet Accessories Regular,Store Brand,PC-PA-PAR-SB-02317,,Pet Accessories Regular in Pet Care > Pet Accessories. Simple product for Zephrant ERP import; one internal Default variant will be created.,Piece,Carton,12,6000,650,750,0,0,5,Active
Pet Accessories Regular,,,,,,,,,Pet Care,Pet Accessories,Pet Accessories Regular,Local Brand,PC-PA-PAR-LB-02318,,Pet Accessories Regular in Pet Care > Pet Accessories. Simple product for Zephrant ERP import; one internal Default variant will be created.,Piece,Carton,12,6000,650,750,0,0,5,Active
Pet Accessories Regular,,,,,,,,,Pet Care,Pet Accessories,Pet Accessories Regular,Imported Brand,PC-PA-PAR-IB-02319,,Pet Accessories Regular in Pet Care > Pet Accessories. Simple product for Zephrant ERP import; one internal Default variant will be created.,Piece,Carton,12,6000,650,750,0,0,5,Active
Pet Accessories Premium,,,,,,,,,Pet Care,Pet Accessories,Pet Accessories Premium,Store Brand,PC-PA-PAP-SB-02320,,Pet Accessories Premium in Pet Care > Pet Accessories. Simple product for Zephrant ERP import; one internal Default variant will be created.,Piece,Carton,12,6000,650,750,0,0,5,Active
Pet Accessories Premium,,,,,,,,,Pet Care,Pet Accessories,Pet Accessories Premium,Local Brand,PC-PA-PAP-LB-02321,,Pet Accessories Premium in Pet Care > Pet Accessories. Simple product for Zephrant ERP import; one internal Default variant will be created.,Piece,Carton,12,6000,650,750,0,0,5,Active
Pet Accessories Premium,,,,,,,,,Pet Care,Pet Accessories,Pet Accessories Premium,Imported Brand,PC-PA-PAP-IB-02322,,Pet Accessories Premium in Pet Care > Pet Accessories. Simple product for Zephrant ERP import; one internal Default variant will be created.,Piece,Carton,12,6000,650,750,0,0,5,Active
Dollar Pens,,,,,,,,,Stationery & Office Supplies,Pens,Pens,Dollar,SOS-PENS-PENS-DOLL-02323,,Dollar Pens in Stationery & Office Supplies > Pens. Simple product for Zephrant ERP import; one internal Default variant will be created.,Piece,Carton,12,6000,650,750,0,0,5,Active
Piano Pens,,,,,,,,,Stationery & Office Supplies,Pens,Pens,Piano,SOS-PENS-PENS-PIAN-02324,,Piano Pens in Stationery & Office Supplies > Pens. Simple product for Zephrant ERP import; one internal Default variant will be created.,Piece,Carton,12,6000,650,750,0,0,5,Active
Pointer Pens,,,,,,,,,Stationery & Office Supplies,Pens,Pens,Pointer,SOS-PENS-PENS-POIN-02325,,Pointer Pens in Stationery & Office Supplies > Pens. Simple product for Zephrant ERP import; one internal Default variant will be created.,Piece,Carton,12,6000,650,750,0,0,5,Active
Pelikan Pens,,,,,,,,,Stationery & Office Supplies,Pens,Pens,Pelikan,SOS-PENS-PENS-PELI-02326,,Pelikan Pens in Stationery & Office Supplies > Pens. Simple product for Zephrant ERP import; one internal Default variant will be created.,Piece,Carton,12,6000,650,750,0,0,5,Active
Dollar Pens Regular,,,,,,,,,Stationery & Office Supplies,Pens,Pens Regular,Dollar,SOS-PENS-PR-DOLL-02327,,Dollar Pens Regular in Stationery & Office Supplies > Pens. Simple product for Zephrant ERP import; one internal Default variant will be created.,Piece,Carton,12,6000,650,750,0,0,5,Active
Piano Pens Regular,,,,,,,,,Stationery & Office Supplies,Pens,Pens Regular,Piano,SOS-PENS-PR-PIAN-02328,,Piano Pens Regular in Stationery & Office Supplies > Pens. Simple product for Zephrant ERP import; one internal Default variant will be created.,Piece,Carton,12,6000,650,750,0,0,5,Active
Pointer Pens Regular,,,,,,,,,Stationery & Office Supplies,Pens,Pens Regular,Pointer,SOS-PENS-PR-POIN-02329,,Pointer Pens Regular in Stationery & Office Supplies > Pens. Simple product for Zephrant ERP import; one internal Default variant will be created.,Piece,Carton,12,6000,650,750,0,0,5,Active
Pelikan Pens Regular,,,,,,,,,Stationery & Office Supplies,Pens,Pens Regular,Pelikan,SOS-PENS-PR-PELI-02330,,Pelikan Pens Regular in Stationery & Office Supplies > Pens. Simple product for Zephrant ERP import; one internal Default variant will be created.,Piece,Carton,12,6000,650,750,0,0,5,Active
Dollar Pens Premium,,,,,,,,,Stationery & Office Supplies,Pens,Pens Premium,Dollar,SOS-PENS-PP-DOLL-02331,,Dollar Pens Premium in Stationery & Office Supplies > Pens. Simple product for Zephrant ERP import; one internal Default variant will be created.,Piece,Carton,12,6000,650,750,0,0,5,Active
Piano Pens Premium,,,,,,,,,Stationery & Office Supplies,Pens,Pens Premium,Piano,SOS-PENS-PP-PIAN-02332,,Piano Pens Premium in Stationery & Office Supplies > Pens. Simple product for Zephrant ERP import; one internal Default variant will be created.,Piece,Carton,12,6000,650,750,0,0,5,Active
Pointer Pens Premium,,,,,,,,,Stationery & Office Supplies,Pens,Pens Premium,Pointer,SOS-PENS-PP-POIN-02333,,Pointer Pens Premium in Stationery & Office Supplies > Pens. Simple product for Zephrant ERP import; one internal Default variant will be created.,Piece,Carton,12,6000,650,750,0,0,5,Active
Pelikan Pens Premium,,,,,,,,,Stationery & Office Supplies,Pens,Pens Premium,Pelikan,SOS-PENS-PP-PELI-02334,,Pelikan Pens Premium in Stationery & Office Supplies > Pens. Simple product for Zephrant ERP import; one internal Default variant will be created.,Piece,Carton,12,6000,650,750,0,0,5,Active
Pencils,,,,,,,,,Stationery & Office Supplies,Pencils,Pencils,Store Brand,SOS-PENC-PENC-SB-02335,,Pencils in Stationery & Office Supplies > Pencils. Simple product for Zephrant ERP import; one internal Default variant will be created.,Piece,Carton,12,6000,650,750,0,0,5,Active
Pencils,,,,,,,,,Stationery & Office Supplies,Pencils,Pencils,Local Brand,SOS-PENC-PENC-LB-02336,,Pencils in Stationery & Office Supplies > Pencils. Simple product for Zephrant ERP import; one internal Default variant will be created.,Piece,Carton,12,6000,650,750,0,0,5,Active
Pencils,,,,,,,,,Stationery & Office Supplies,Pencils,Pencils,Imported Brand,SOS-PENC-PENC-IB-02337,,Pencils in Stationery & Office Supplies > Pencils. Simple product for Zephrant ERP import; one internal Default variant will be created.,Piece,Carton,12,6000,650,750,0,0,5,Active
Pencils Regular,,,,,,,,,Stationery & Office Supplies,Pencils,Pencils Regular,Store Brand,SOS-PENC-PR-SB-02338,,Pencils Regular in Stationery & Office Supplies > Pencils. Simple product for Zephrant ERP import; one internal Default variant will be created.,Piece,Carton,12,6000,650,750,0,0,5,Active
Pencils Regular,,,,,,,,,Stationery & Office Supplies,Pencils,Pencils Regular,Local Brand,SOS-PENC-PR-LB-02339,,Pencils Regular in Stationery & Office Supplies > Pencils. Simple product for Zephrant ERP import; one internal Default variant will be created.,Piece,Carton,12,6000,650,750,0,0,5,Active
Pencils Regular,,,,,,,,,Stationery & Office Supplies,Pencils,Pencils Regular,Imported Brand,SOS-PENC-PR-IB-02340,,Pencils Regular in Stationery & Office Supplies > Pencils. Simple product for Zephrant ERP import; one internal Default variant will be created.,Piece,Carton,12,6000,650,750,0,0,5,Active
Pencils Premium,,,,,,,,,Stationery & Office Supplies,Pencils,Pencils Premium,Store Brand,SOS-PENC-PP-SB-02341,,Pencils Premium in Stationery & Office Supplies > Pencils. Simple product for Zephrant ERP import; one internal Default variant will be created.,Piece,Carton,12,6000,650,750,0,0,5,Active
Pencils Premium,,,,,,,,,Stationery & Office Supplies,Pencils,Pencils Premium,Local Brand,SOS-PENC-PP-LB-02342,,Pencils Premium in Stationery & Office Supplies > Pencils. Simple product for Zephrant ERP import; one internal Default variant will be created.,Piece,Carton,12,6000,650,750,0,0,5,Active
Pencils Premium,,,,,,,,,Stationery & Office Supplies,Pencils,Pencils Premium,Imported Brand,SOS-PENC-PP-IB-02343,,Pencils Premium in Stationery & Office Supplies > Pencils. Simple product for Zephrant ERP import; one internal Default variant will be created.,Piece,Carton,12,6000,650,750,0,0,5,Active
Markers,,,,,,,,,Stationery & Office Supplies,Markers,Markers,Store Brand,SOS-MARK-MARK-SB-02344,,Markers in Stationery & Office Supplies > Markers. Simple product for Zephrant ERP import; one internal Default variant will be created.,Piece,Carton,12,6000,650,750,0,0,5,Active
Markers,,,,,,,,,Stationery & Office Supplies,Markers,Markers,Local Brand,SOS-MARK-MARK-LB-02345,,Markers in Stationery & Office Supplies > Markers. Simple product for Zephrant ERP import; one internal Default variant will be created.,Piece,Carton,12,6000,650,750,0,0,5,Active
Markers,,,,,,,,,Stationery & Office Supplies,Markers,Markers,Imported Brand,SOS-MARK-MARK-IB-02346,,Markers in Stationery & Office Supplies > Markers. Simple product for Zephrant ERP import; one internal Default variant will be created.,Piece,Carton,12,6000,650,750,0,0,5,Active
Markers Regular,,,,,,,,,Stationery & Office Supplies,Markers,Markers Regular,Store Brand,SOS-MARK-MR-SB-02347,,Markers Regular in Stationery & Office Supplies > Markers. Simple product for Zephrant ERP import; one internal Default variant will be created.,Piece,Carton,12,6000,650,750,0,0,5,Active
Markers Regular,,,,,,,,,Stationery & Office Supplies,Markers,Markers Regular,Local Brand,SOS-MARK-MR-LB-02348,,Markers Regular in Stationery & Office Supplies > Markers. Simple product for Zephrant ERP import; one internal Default variant will be created.,Piece,Carton,12,6000,650,750,0,0,5,Active
Markers Regular,,,,,,,,,Stationery & Office Supplies,Markers,Markers Regular,Imported Brand,SOS-MARK-MR-IB-02349,,Markers Regular in Stationery & Office Supplies > Markers. Simple product for Zephrant ERP import; one internal Default variant will be created.,Piece,Carton,12,6000,650,750,0,0,5,Active
Markers Premium,,,,,,,,,Stationery & Office Supplies,Markers,Markers Premium,Store Brand,SOS-MARK-MP-SB-02350,,Markers Premium in Stationery & Office Supplies > Markers. Simple product for Zephrant ERP import; one internal Default variant will be created.,Piece,Carton,12,6000,650,750,0,0,5,Active
Markers Premium,,,,,,,,,Stationery & Office Supplies,Markers,Markers Premium,Local Brand,SOS-MARK-MP-LB-02351,,Markers Premium in Stationery & Office Supplies > Markers. Simple product for Zephrant ERP import; one internal Default variant will be created.,Piece,Carton,12,6000,650,750,0,0,5,Active
Markers Premium,,,,,,,,,Stationery & Office Supplies,Markers,Markers Premium,Imported Brand,SOS-MARK-MP-IB-02352,,Markers Premium in Stationery & Office Supplies > Markers. Simple product for Zephrant ERP import; one internal Default variant will be created.,Piece,Carton,12,6000,650,750,0,0,5,Active
Ferozsons Notebooks,,,,,,,,,Stationery & Office Supplies,Notebooks,Notebooks,Ferozsons,SOS-NOTE-NOTE-FERO-02353,,Ferozsons Notebooks in Stationery & Office Supplies > Notebooks. Simple product for Zephrant ERP import; one internal Default variant will be created.,Piece,Carton,12,6000,650,750,0,0,5,Active
Oxford Notebooks,,,,,,,,,Stationery & Office Supplies,Notebooks,Notebooks,Oxford,SOS-NOTE-NOTE-OXFO-02354,,Oxford Notebooks in Stationery & Office Supplies > Notebooks. Simple product for Zephrant ERP import; one internal Default variant will be created.,Piece,Carton,12,6000,650,750,0,0,5,Active
Dollar Notebooks,,,,,,,,,Stationery & Office Supplies,Notebooks,Notebooks,Dollar,SOS-NOTE-NOTE-DOLL-02355,,Dollar Notebooks in Stationery & Office Supplies > Notebooks. Simple product for Zephrant ERP import; one internal Default variant will be created.,Piece,Carton,12,6000,650,750,0,0,5,Active
Notebooks,,,,,,,,,Stationery & Office Supplies,Notebooks,Notebooks,Local Brand,SOS-NOTE-NOTE-LB-02356,,Notebooks in Stationery & Office Supplies > Notebooks. Simple product for Zephrant ERP import; one internal Default variant will be created.,Piece,Carton,12,6000,650,750,0,0,5,Active
Ferozsons Notebooks Regular,,,,,,,,,Stationery & Office Supplies,Notebooks,Notebooks Regular,Ferozsons,SOS-NOTE-NR-FERO-02357,,Ferozsons Notebooks Regular in Stationery & Office Supplies > Notebooks. Simple product for Zephrant ERP import; one internal Default variant will be created.,Piece,Carton,12,6000,650,750,0,0,5,Active
Oxford Notebooks Regular,,,,,,,,,Stationery & Office Supplies,Notebooks,Notebooks Regular,Oxford,SOS-NOTE-NR-OXFO-02358,,Oxford Notebooks Regular in Stationery & Office Supplies > Notebooks. Simple product for Zephrant ERP import; one internal Default variant will be created.,Piece,Carton,12,6000,650,750,0,0,5,Active
Dollar Notebooks Regular,,,,,,,,,Stationery & Office Supplies,Notebooks,Notebooks Regular,Dollar,SOS-NOTE-NR-DOLL-02359,,Dollar Notebooks Regular in Stationery & Office Supplies > Notebooks. Simple product for Zephrant ERP import; one internal Default variant will be created.,Piece,Carton,12,6000,650,750,0,0,5,Active
Notebooks Regular,,,,,,,,,Stationery & Office Supplies,Notebooks,Notebooks Regular,Local Brand,SOS-NOTE-NR-LB-02360,,Notebooks Regular in Stationery & Office Supplies > Notebooks. Simple product for Zephrant ERP import; one internal Default variant will be created.,Piece,Carton,12,6000,650,750,0,0,5,Active
Ferozsons Notebooks Premium,,,,,,,,,Stationery & Office Supplies,Notebooks,Notebooks Premium,Ferozsons,SOS-NOTE-NP-FERO-02361,,Ferozsons Notebooks Premium in Stationery & Office Supplies > Notebooks. Simple product for Zephrant ERP import; one internal Default variant will be created.,Piece,Carton,12,6000,650,750,0,0,5,Active
Oxford Notebooks Premium,,,,,,,,,Stationery & Office Supplies,Notebooks,Notebooks Premium,Oxford,SOS-NOTE-NP-OXFO-02362,,Oxford Notebooks Premium in Stationery & Office Supplies > Notebooks. Simple product for Zephrant ERP import; one internal Default variant will be created.,Piece,Carton,12,6000,650,750,0,0,5,Active
Dollar Notebooks Premium,,,,,,,,,Stationery & Office Supplies,Notebooks,Notebooks Premium,Dollar,SOS-NOTE-NP-DOLL-02363,,Dollar Notebooks Premium in Stationery & Office Supplies > Notebooks. Simple product for Zephrant ERP import; one internal Default variant will be created.,Piece,Carton,12,6000,650,750,0,0,5,Active
Notebooks Premium,,,,,,,,,Stationery & Office Supplies,Notebooks,Notebooks Premium,Local Brand,SOS-NOTE-NP-LB-02364,,Notebooks Premium in Stationery & Office Supplies > Notebooks. Simple product for Zephrant ERP import; one internal Default variant will be created.,Piece,Carton,12,6000,650,750,0,0,5,Active
Registers,,,,,,,,,Stationery & Office Supplies,Registers,Registers,Store Brand,SOS-REGI-REGI-SB-02365,,Registers in Stationery & Office Supplies > Registers. Simple product for Zephrant ERP import; one internal Default variant will be created.,Piece,Carton,12,6000,650,750,0,0,5,Active
Registers,,,,,,,,,Stationery & Office Supplies,Registers,Registers,Local Brand,SOS-REGI-REGI-LB-02366,,Registers in Stationery & Office Supplies > Registers. Simple product for Zephrant ERP import; one internal Default variant will be created.,Piece,Carton,12,6000,650,750,0,0,5,Active
Registers,,,,,,,,,Stationery & Office Supplies,Registers,Registers,Imported Brand,SOS-REGI-REGI-IB-02367,,Registers in Stationery & Office Supplies > Registers. Simple product for Zephrant ERP import; one internal Default variant will be created.,Piece,Carton,12,6000,650,750,0,0,5,Active
Registers Regular,,,,,,,,,Stationery & Office Supplies,Registers,Registers Regular,Store Brand,SOS-REGI-RR-SB-02368,,Registers Regular in Stationery & Office Supplies > Registers. Simple product for Zephrant ERP import; one internal Default variant will be created.,Piece,Carton,12,6000,650,750,0,0,5,Active
Registers Regular,,,,,,,,,Stationery & Office Supplies,Registers,Registers Regular,Local Brand,SOS-REGI-RR-LB-02369,,Registers Regular in Stationery & Office Supplies > Registers. Simple product for Zephrant ERP import; one internal Default variant will be created.,Piece,Carton,12,6000,650,750,0,0,5,Active
Registers Regular,,,,,,,,,Stationery & Office Supplies,Registers,Registers Regular,Imported Brand,SOS-REGI-RR-IB-02370,,Registers Regular in Stationery & Office Supplies > Registers. Simple product for Zephrant ERP import; one internal Default variant will be created.,Piece,Carton,12,6000,650,750,0,0,5,Active
Registers Premium,,,,,,,,,Stationery & Office Supplies,Registers,Registers Premium,Store Brand,SOS-REGI-RP-SB-02371,,Registers Premium in Stationery & Office Supplies > Registers. Simple product for Zephrant ERP import; one internal Default variant will be created.,Piece,Carton,12,6000,650,750,0,0,5,Active
Registers Premium,,,,,,,,,Stationery & Office Supplies,Registers,Registers Premium,Local Brand,SOS-REGI-RP-LB-02372,,Registers Premium in Stationery & Office Supplies > Registers. Simple product for Zephrant ERP import; one internal Default variant will be created.,Piece,Carton,12,6000,650,750,0,0,5,Active
Registers Premium,,,,,,,,,Stationery & Office Supplies,Registers,Registers Premium,Imported Brand,SOS-REGI-RP-IB-02373,,Registers Premium in Stationery & Office Supplies > Registers. Simple product for Zephrant ERP import; one internal Default variant will be created.,Piece,Carton,12,6000,650,750,0,0,5,Active
Paper Products,,,,,,,,,Stationery & Office Supplies,Paper Products,Paper Products,Store Brand,SOS-PP-PP-SB-02374,,Paper Products in Stationery & Office Supplies > Paper Products. Simple product for Zephrant ERP import; one internal Default variant will be created.,Piece,Carton,12,6000,650,750,0,0,5,Active
Paper Products,,,,,,,,,Stationery & Office Supplies,Paper Products,Paper Products,Local Brand,SOS-PP-PP-LB-02375,,Paper Products in Stationery & Office Supplies > Paper Products. Simple product for Zephrant ERP import; one internal Default variant will be created.,Piece,Carton,12,6000,650,750,0,0,5,Active
Paper Products,,,,,,,,,Stationery & Office Supplies,Paper Products,Paper Products,Imported Brand,SOS-PP-PP-IB-02376,,Paper Products in Stationery & Office Supplies > Paper Products. Simple product for Zephrant ERP import; one internal Default variant will be created.,Piece,Carton,12,6000,650,750,0,0,5,Active
Paper Products Regular,,,,,,,,,Stationery & Office Supplies,Paper Products,Paper Products Regular,Store Brand,SOS-PP-PPR-SB-02377,,Paper Products Regular in Stationery & Office Supplies > Paper Products. Simple product for Zephrant ERP import; one internal Default variant will be created.,Piece,Carton,12,6000,650,750,0,0,5,Active
Paper Products Regular,,,,,,,,,Stationery & Office Supplies,Paper Products,Paper Products Regular,Local Brand,SOS-PP-PPR-LB-02378,,Paper Products Regular in Stationery & Office Supplies > Paper Products. Simple product for Zephrant ERP import; one internal Default variant will be created.,Piece,Carton,12,6000,650,750,0,0,5,Active
Paper Products Regular,,,,,,,,,Stationery & Office Supplies,Paper Products,Paper Products Regular,Imported Brand,SOS-PP-PPR-IB-02379,,Paper Products Regular in Stationery & Office Supplies > Paper Products. Simple product for Zephrant ERP import; one internal Default variant will be created.,Piece,Carton,12,6000,650,750,0,0,5,Active
Paper Products Premium,,,,,,,,,Stationery & Office Supplies,Paper Products,Paper Products Premium,Store Brand,SOS-PP-PPP-SB-02380,,Paper Products Premium in Stationery & Office Supplies > Paper Products. Simple product for Zephrant ERP import; one internal Default variant will be created.,Piece,Carton,12,6000,650,750,0,0,5,Active
Paper Products Premium,,,,,,,,,Stationery & Office Supplies,Paper Products,Paper Products Premium,Local Brand,SOS-PP-PPP-LB-02381,,Paper Products Premium in Stationery & Office Supplies > Paper Products. Simple product for Zephrant ERP import; one internal Default variant will be created.,Piece,Carton,12,6000,650,750,0,0,5,Active
Paper Products Premium,,,,,,,,,Stationery & Office Supplies,Paper Products,Paper Products Premium,Imported Brand,SOS-PP-PPP-IB-02382,,Paper Products Premium in Stationery & Office Supplies > Paper Products. Simple product for Zephrant ERP import; one internal Default variant will be created.,Piece,Carton,12,6000,650,750,0,0,5,Active
School Supplies,,,,,,,,,Stationery & Office Supplies,School Supplies,School Supplies,Store Brand,SOS-SS-SS-SB-02383,,School Supplies in Stationery & Office Supplies > School Supplies. Simple product for Zephrant ERP import; one internal Default variant will be created.,Piece,Carton,12,6000,650,750,0,0,5,Active
School Supplies,,,,,,,,,Stationery & Office Supplies,School Supplies,School Supplies,Local Brand,SOS-SS-SS-LB-02384,,School Supplies in Stationery & Office Supplies > School Supplies. Simple product for Zephrant ERP import; one internal Default variant will be created.,Piece,Carton,12,6000,650,750,0,0,5,Active
School Supplies,,,,,,,,,Stationery & Office Supplies,School Supplies,School Supplies,Imported Brand,SOS-SS-SS-IB-02385,,School Supplies in Stationery & Office Supplies > School Supplies. Simple product for Zephrant ERP import; one internal Default variant will be created.,Piece,Carton,12,6000,650,750,0,0,5,Active
School Supplies Regular,,,,,,,,,Stationery & Office Supplies,School Supplies,School Supplies Regular,Store Brand,SOS-SS-SSR-SB-02386,,School Supplies Regular in Stationery & Office Supplies > School Supplies. Simple product for Zephrant ERP import; one internal Default variant will be created.,Piece,Carton,12,6000,650,750,0,0,5,Active
School Supplies Regular,,,,,,,,,Stationery & Office Supplies,School Supplies,School Supplies Regular,Local Brand,SOS-SS-SSR-LB-02387,,School Supplies Regular in Stationery & Office Supplies > School Supplies. Simple product for Zephrant ERP import; one internal Default variant will be created.,Piece,Carton,12,6000,650,750,0,0,5,Active
School Supplies Regular,,,,,,,,,Stationery & Office Supplies,School Supplies,School Supplies Regular,Imported Brand,SOS-SS-SSR-IB-02388,,School Supplies Regular in Stationery & Office Supplies > School Supplies. Simple product for Zephrant ERP import; one internal Default variant will be created.,Piece,Carton,12,6000,650,750,0,0,5,Active
School Supplies Premium,,,,,,,,,Stationery & Office Supplies,School Supplies,School Supplies Premium,Store Brand,SOS-SS-SSP-SB-02389,,School Supplies Premium in Stationery & Office Supplies > School Supplies. Simple product for Zephrant ERP import; one internal Default variant will be created.,Piece,Carton,12,6000,650,750,0,0,5,Active
School Supplies Premium,,,,,,,,,Stationery & Office Supplies,School Supplies,School Supplies Premium,Local Brand,SOS-SS-SSP-LB-02390,,School Supplies Premium in Stationery & Office Supplies > School Supplies. Simple product for Zephrant ERP import; one internal Default variant will be created.,Piece,Carton,12,6000,650,750,0,0,5,Active
School Supplies Premium,,,,,,,,,Stationery & Office Supplies,School Supplies,School Supplies Premium,Imported Brand,SOS-SS-SSP-IB-02391,,School Supplies Premium in Stationery & Office Supplies > School Supplies. Simple product for Zephrant ERP import; one internal Default variant will be created.,Piece,Carton,12,6000,650,750,0,0,5,Active
Office Supplies,,,,,,,,,Stationery & Office Supplies,Office Supplies,Office Supplies,Store Brand,SOS-OS-OS-SB-02392,,Office Supplies in Stationery & Office Supplies > Office Supplies. Simple product for Zephrant ERP import; one internal Default variant will be created.,Piece,Carton,12,6000,650,750,0,0,5,Active
Office Supplies,,,,,,,,,Stationery & Office Supplies,Office Supplies,Office Supplies,Local Brand,SOS-OS-OS-LB-02393,,Office Supplies in Stationery & Office Supplies > Office Supplies. Simple product for Zephrant ERP import; one internal Default variant will be created.,Piece,Carton,12,6000,650,750,0,0,5,Active
Office Supplies,,,,,,,,,Stationery & Office Supplies,Office Supplies,Office Supplies,Imported Brand,SOS-OS-OS-IB-02394,,Office Supplies in Stationery & Office Supplies > Office Supplies. Simple product for Zephrant ERP import; one internal Default variant will be created.,Piece,Carton,12,6000,650,750,0,0,5,Active
Office Supplies Regular,,,,,,,,,Stationery & Office Supplies,Office Supplies,Office Supplies Regular,Store Brand,SOS-OS-OSR-SB-02395,,Office Supplies Regular in Stationery & Office Supplies > Office Supplies. Simple product for Zephrant ERP import; one internal Default variant will be created.,Piece,Carton,12,6000,650,750,0,0,5,Active
Office Supplies Regular,,,,,,,,,Stationery & Office Supplies,Office Supplies,Office Supplies Regular,Local Brand,SOS-OS-OSR-LB-02396,,Office Supplies Regular in Stationery & Office Supplies > Office Supplies. Simple product for Zephrant ERP import; one internal Default variant will be created.,Piece,Carton,12,6000,650,750,0,0,5,Active
Office Supplies Regular,,,,,,,,,Stationery & Office Supplies,Office Supplies,Office Supplies Regular,Imported Brand,SOS-OS-OSR-IB-02397,,Office Supplies Regular in Stationery & Office Supplies > Office Supplies. Simple product for Zephrant ERP import; one internal Default variant will be created.,Piece,Carton,12,6000,650,750,0,0,5,Active
Office Supplies Premium,,,,,,,,,Stationery & Office Supplies,Office Supplies,Office Supplies Premium,Store Brand,SOS-OS-OSP-SB-02398,,Office Supplies Premium in Stationery & Office Supplies > Office Supplies. Simple product for Zephrant ERP import; one internal Default variant will be created.,Piece,Carton,12,6000,650,750,0,0,5,Active
Office Supplies Premium,,,,,,,,,Stationery & Office Supplies,Office Supplies,Office Supplies Premium,Local Brand,SOS-OS-OSP-LB-02399,,Office Supplies Premium in Stationery & Office Supplies > Office Supplies. Simple product for Zephrant ERP import; one internal Default variant will be created.,Piece,Carton,12,6000,650,750,0,0,5,Active
Office Supplies Premium,,,,,,,,,Stationery & Office Supplies,Office Supplies,Office Supplies Premium,Imported Brand,SOS-OS-OSP-IB-02400,,Office Supplies Premium in Stationery & Office Supplies > Office Supplies. Simple product for Zephrant ERP import; one internal Default variant will be created.,Piece,Carton,12,6000,650,750,0,0,5,Active
Art Supplies,,,,,,,,,Stationery & Office Supplies,Art Supplies,Art Supplies,Store Brand,SOS-AS-AS-SB-02401,,Art Supplies in Stationery & Office Supplies > Art Supplies. Simple product for Zephrant ERP import; one internal Default variant will be created.,Piece,Carton,12,6000,650,750,0,0,5,Active
Art Supplies,,,,,,,,,Stationery & Office Supplies,Art Supplies,Art Supplies,Local Brand,SOS-AS-AS-LB-02402,,Art Supplies in Stationery & Office Supplies > Art Supplies. Simple product for Zephrant ERP import; one internal Default variant will be created.,Piece,Carton,12,6000,650,750,0,0,5,Active
Art Supplies,,,,,,,,,Stationery & Office Supplies,Art Supplies,Art Supplies,Imported Brand,SOS-AS-AS-IB-02403,,Art Supplies in Stationery & Office Supplies > Art Supplies. Simple product for Zephrant ERP import; one internal Default variant will be created.,Piece,Carton,12,6000,650,750,0,0,5,Active
Art Supplies Regular,,,,,,,,,Stationery & Office Supplies,Art Supplies,Art Supplies Regular,Store Brand,SOS-AS-ASR-SB-02404,,Art Supplies Regular in Stationery & Office Supplies > Art Supplies. Simple product for Zephrant ERP import; one internal Default variant will be created.,Piece,Carton,12,6000,650,750,0,0,5,Active
Art Supplies Regular,,,,,,,,,Stationery & Office Supplies,Art Supplies,Art Supplies Regular,Local Brand,SOS-AS-ASR-LB-02405,,Art Supplies Regular in Stationery & Office Supplies > Art Supplies. Simple product for Zephrant ERP import; one internal Default variant will be created.,Piece,Carton,12,6000,650,750,0,0,5,Active
Art Supplies Regular,,,,,,,,,Stationery & Office Supplies,Art Supplies,Art Supplies Regular,Imported Brand,SOS-AS-ASR-IB-02406,,Art Supplies Regular in Stationery & Office Supplies > Art Supplies. Simple product for Zephrant ERP import; one internal Default variant will be created.,Piece,Carton,12,6000,650,750,0,0,5,Active
Art Supplies Premium,,,,,,,,,Stationery & Office Supplies,Art Supplies,Art Supplies Premium,Store Brand,SOS-AS-ASP-SB-02407,,Art Supplies Premium in Stationery & Office Supplies > Art Supplies. Simple product for Zephrant ERP import; one internal Default variant will be created.,Piece,Carton,12,6000,650,750,0,0,5,Active
Art Supplies Premium,,,,,,,,,Stationery & Office Supplies,Art Supplies,Art Supplies Premium,Local Brand,SOS-AS-ASP-LB-02408,,Art Supplies Premium in Stationery & Office Supplies > Art Supplies. Simple product for Zephrant ERP import; one internal Default variant will be created.,Piece,Carton,12,6000,650,750,0,0,5,Active
Art Supplies Premium,,,,,,,,,Stationery & Office Supplies,Art Supplies,Art Supplies Premium,Imported Brand,SOS-AS-ASP-IB-02409,,Art Supplies Premium in Stationery & Office Supplies > Art Supplies. Simple product for Zephrant ERP import; one internal Default variant will be created.,Piece,Carton,12,6000,650,750,0,0,5,Active
Filing & Storage,,,,,,,,,Stationery & Office Supplies,Filing & Storage,Filing & Storage,Store Brand,SOS-FS-FS-SB-02410,,Filing & Storage in Stationery & Office Supplies > Filing & Storage. Simple product for Zephrant ERP import; one internal Default variant will be created.,Piece,Carton,12,6000,650,750,0,0,5,Active
Filing & Storage,,,,,,,,,Stationery & Office Supplies,Filing & Storage,Filing & Storage,Local Brand,SOS-FS-FS-LB-02411,,Filing & Storage in Stationery & Office Supplies > Filing & Storage. Simple product for Zephrant ERP import; one internal Default variant will be created.,Piece,Carton,12,6000,650,750,0,0,5,Active
Filing & Storage,,,,,,,,,Stationery & Office Supplies,Filing & Storage,Filing & Storage,Imported Brand,SOS-FS-FS-IB-02412,,Filing & Storage in Stationery & Office Supplies > Filing & Storage. Simple product for Zephrant ERP import; one internal Default variant will be created.,Piece,Carton,12,6000,650,750,0,0,5,Active
Filing & Storage Regular,,,,,,,,,Stationery & Office Supplies,Filing & Storage,Filing & Storage Regular,Store Brand,SOS-FS-FSR-SB-02413,,Filing & Storage Regular in Stationery & Office Supplies > Filing & Storage. Simple product for Zephrant ERP import; one internal Default variant will be created.,Piece,Carton,12,6000,650,750,0,0,5,Active
Filing & Storage Regular,,,,,,,,,Stationery & Office Supplies,Filing & Storage,Filing & Storage Regular,Local Brand,SOS-FS-FSR-LB-02414,,Filing & Storage Regular in Stationery & Office Supplies > Filing & Storage. Simple product for Zephrant ERP import; one internal Default variant will be created.,Piece,Carton,12,6000,650,750,0,0,5,Active
Filing & Storage Regular,,,,,,,,,Stationery & Office Supplies,Filing & Storage,Filing & Storage Regular,Imported Brand,SOS-FS-FSR-IB-02415,,Filing & Storage Regular in Stationery & Office Supplies > Filing & Storage. Simple product for Zephrant ERP import; one internal Default variant will be created.,Piece,Carton,12,6000,650,750,0,0,5,Active
Filing & Storage Premium,,,,,,,,,Stationery & Office Supplies,Filing & Storage,Filing & Storage Premium,Store Brand,SOS-FS-FSP-SB-02416,,Filing & Storage Premium in Stationery & Office Supplies > Filing & Storage. Simple product for Zephrant ERP import; one internal Default variant will be created.,Piece,Carton,12,6000,650,750,0,0,5,Active
Filing & Storage Premium,,,,,,,,,Stationery & Office Supplies,Filing & Storage,Filing & Storage Premium,Local Brand,SOS-FS-FSP-LB-02417,,Filing & Storage Premium in Stationery & Office Supplies > Filing & Storage. Simple product for Zephrant ERP import; one internal Default variant will be created.,Piece,Carton,12,6000,650,750,0,0,5,Active
Filing & Storage Premium,,,,,,,,,Stationery & Office Supplies,Filing & Storage,Filing & Storage Premium,Imported Brand,SOS-FS-FSP-IB-02418,,Filing & Storage Premium in Stationery & Office Supplies > Filing & Storage. Simple product for Zephrant ERP import; one internal Default variant will be created.,Piece,Carton,12,6000,650,750,0,0,5,Active
Audionic Chargers,,,,,,,,,Electronics & Mobile Accessories,Chargers,Chargers,Audionic,EMA-CHAR-CHAR-AUDI-02419,,Audionic Chargers in Electronics & Mobile Accessories > Chargers. Simple product for Zephrant ERP import; one internal Default variant will be created.,Piece,Carton,12,6000,650,750,0,0,5,Active
Ronin Chargers,,,,,,,,,Electronics & Mobile Accessories,Chargers,Chargers,Ronin,EMA-CHAR-CHAR-RONI-02420,,Ronin Chargers in Electronics & Mobile Accessories > Chargers. Simple product for Zephrant ERP import; one internal Default variant will be created.,Piece,Carton,12,6000,650,750,0,0,5,Active
Baseus Chargers,,,,,,,,,Electronics & Mobile Accessories,Chargers,Chargers,Baseus,EMA-CHAR-CHAR-BASE-02421,,Baseus Chargers in Electronics & Mobile Accessories > Chargers. Simple product for Zephrant ERP import; one internal Default variant will be created.,Piece,Carton,12,6000,650,750,0,0,5,Active
Anker Chargers,,,,,,,,,Electronics & Mobile Accessories,Chargers,Chargers,Anker,EMA-CHAR-CHAR-ANKE-02422,,Anker Chargers in Electronics & Mobile Accessories > Chargers. Simple product for Zephrant ERP import; one internal Default variant will be created.,Piece,Carton,12,6000,650,750,0,0,5,Active
Audionic Chargers Regular,,,,,,,,,Electronics & Mobile Accessories,Chargers,Chargers Regular,Audionic,EMA-CHAR-CR-AUDI-02423,,Audionic Chargers Regular in Electronics & Mobile Accessories > Chargers. Simple product for Zephrant ERP import; one internal Default variant will be created.,Piece,Carton,12,6000,650,750,0,0,5,Active
Ronin Chargers Regular,,,,,,,,,Electronics & Mobile Accessories,Chargers,Chargers Regular,Ronin,EMA-CHAR-CR-RONI-02424,,Ronin Chargers Regular in Electronics & Mobile Accessories > Chargers. Simple product for Zephrant ERP import; one internal Default variant will be created.,Piece,Carton,12,6000,650,750,0,0,5,Active
Baseus Chargers Regular,,,,,,,,,Electronics & Mobile Accessories,Chargers,Chargers Regular,Baseus,EMA-CHAR-CR-BASE-02425,,Baseus Chargers Regular in Electronics & Mobile Accessories > Chargers. Simple product for Zephrant ERP import; one internal Default variant will be created.,Piece,Carton,12,6000,650,750,0,0,5,Active
Anker Chargers Regular,,,,,,,,,Electronics & Mobile Accessories,Chargers,Chargers Regular,Anker,EMA-CHAR-CR-ANKE-02426,,Anker Chargers Regular in Electronics & Mobile Accessories > Chargers. Simple product for Zephrant ERP import; one internal Default variant will be created.,Piece,Carton,12,6000,650,750,0,0,5,Active
Audionic Chargers Premium,,,,,,,,,Electronics & Mobile Accessories,Chargers,Chargers Premium,Audionic,EMA-CHAR-CP-AUDI-02427,,Audionic Chargers Premium in Electronics & Mobile Accessories > Chargers. Simple product for Zephrant ERP import; one internal Default variant will be created.,Piece,Carton,12,6000,650,750,0,0,5,Active
Ronin Chargers Premium,,,,,,,,,Electronics & Mobile Accessories,Chargers,Chargers Premium,Ronin,EMA-CHAR-CP-RONI-02428,,Ronin Chargers Premium in Electronics & Mobile Accessories > Chargers. Simple product for Zephrant ERP import; one internal Default variant will be created.,Piece,Carton,12,6000,650,750,0,0,5,Active
Baseus Chargers Premium,,,,,,,,,Electronics & Mobile Accessories,Chargers,Chargers Premium,Baseus,EMA-CHAR-CP-BASE-02429,,Baseus Chargers Premium in Electronics & Mobile Accessories > Chargers. Simple product for Zephrant ERP import; one internal Default variant will be created.,Piece,Carton,12,6000,650,750,0,0,5,Active
Anker Chargers Premium,,,,,,,,,Electronics & Mobile Accessories,Chargers,Chargers Premium,Anker,EMA-CHAR-CP-ANKE-02430,,Anker Chargers Premium in Electronics & Mobile Accessories > Chargers. Simple product for Zephrant ERP import; one internal Default variant will be created.,Piece,Carton,12,6000,650,750,0,0,5,Active
Data Cables,,,,,,,,,Electronics & Mobile Accessories,Data Cables,Data Cables,Store Brand,EMA-DC-DC-SB-02431,,Data Cables in Electronics & Mobile Accessories > Data Cables. Simple product for Zephrant ERP import; one internal Default variant will be created.,Piece,Carton,12,6000,650,750,0,0,5,Active
Data Cables,,,,,,,,,Electronics & Mobile Accessories,Data Cables,Data Cables,Local Brand,EMA-DC-DC-LB-02432,,Data Cables in Electronics & Mobile Accessories > Data Cables. Simple product for Zephrant ERP import; one internal Default variant will be created.,Piece,Carton,12,6000,650,750,0,0,5,Active
Data Cables,,,,,,,,,Electronics & Mobile Accessories,Data Cables,Data Cables,Imported Brand,EMA-DC-DC-IB-02433,,Data Cables in Electronics & Mobile Accessories > Data Cables. Simple product for Zephrant ERP import; one internal Default variant will be created.,Piece,Carton,12,6000,650,750,0,0,5,Active
Data Cables Regular,,,,,,,,,Electronics & Mobile Accessories,Data Cables,Data Cables Regular,Store Brand,EMA-DC-DCR-SB-02434,,Data Cables Regular in Electronics & Mobile Accessories > Data Cables. Simple product for Zephrant ERP import; one internal Default variant will be created.,Piece,Carton,12,6000,650,750,0,0,5,Active
Data Cables Regular,,,,,,,,,Electronics & Mobile Accessories,Data Cables,Data Cables Regular,Local Brand,EMA-DC-DCR-LB-02435,,Data Cables Regular in Electronics & Mobile Accessories > Data Cables. Simple product for Zephrant ERP import; one internal Default variant will be created.,Piece,Carton,12,6000,650,750,0,0,5,Active
Data Cables Regular,,,,,,,,,Electronics & Mobile Accessories,Data Cables,Data Cables Regular,Imported Brand,EMA-DC-DCR-IB-02436,,Data Cables Regular in Electronics & Mobile Accessories > Data Cables. Simple product for Zephrant ERP import; one internal Default variant will be created.,Piece,Carton,12,6000,650,750,0,0,5,Active
Data Cables Premium,,,,,,,,,Electronics & Mobile Accessories,Data Cables,Data Cables Premium,Store Brand,EMA-DC-DCP-SB-02437,,Data Cables Premium in Electronics & Mobile Accessories > Data Cables. Simple product for Zephrant ERP import; one internal Default variant will be created.,Piece,Carton,12,6000,650,750,0,0,5,Active
Data Cables Premium,,,,,,,,,Electronics & Mobile Accessories,Data Cables,Data Cables Premium,Local Brand,EMA-DC-DCP-LB-02438,,Data Cables Premium in Electronics & Mobile Accessories > Data Cables. Simple product for Zephrant ERP import; one internal Default variant will be created.,Piece,Carton,12,6000,650,750,0,0,5,Active
Data Cables Premium,,,,,,,,,Electronics & Mobile Accessories,Data Cables,Data Cables Premium,Imported Brand,EMA-DC-DCP-IB-02439,,Data Cables Premium in Electronics & Mobile Accessories > Data Cables. Simple product for Zephrant ERP import; one internal Default variant will be created.,Piece,Carton,12,6000,650,750,0,0,5,Active
Earphones,,,,,,,,,Electronics & Mobile Accessories,Earphones,Earphones,Store Brand,EMA-EARP-EARP-SB-02440,,Earphones in Electronics & Mobile Accessories > Earphones. Simple product for Zephrant ERP import; one internal Default variant will be created.,Piece,Carton,12,6000,650,750,0,0,5,Active
Earphones,,,,,,,,,Electronics & Mobile Accessories,Earphones,Earphones,Local Brand,EMA-EARP-EARP-LB-02441,,Earphones in Electronics & Mobile Accessories > Earphones. Simple product for Zephrant ERP import; one internal Default variant will be created.,Piece,Carton,12,6000,650,750,0,0,5,Active
Earphones,,,,,,,,,Electronics & Mobile Accessories,Earphones,Earphones,Imported Brand,EMA-EARP-EARP-IB-02442,,Earphones in Electronics & Mobile Accessories > Earphones. Simple product for Zephrant ERP import; one internal Default variant will be created.,Piece,Carton,12,6000,650,750,0,0,5,Active
Earphones Regular,,,,,,,,,Electronics & Mobile Accessories,Earphones,Earphones Regular,Store Brand,EMA-EARP-ER-SB-02443,,Earphones Regular in Electronics & Mobile Accessories > Earphones. Simple product for Zephrant ERP import; one internal Default variant will be created.,Piece,Carton,12,6000,650,750,0,0,5,Active
Earphones Regular,,,,,,,,,Electronics & Mobile Accessories,Earphones,Earphones Regular,Local Brand,EMA-EARP-ER-LB-02444,,Earphones Regular in Electronics & Mobile Accessories > Earphones. Simple product for Zephrant ERP import; one internal Default variant will be created.,Piece,Carton,12,6000,650,750,0,0,5,Active
Earphones Regular,,,,,,,,,Electronics & Mobile Accessories,Earphones,Earphones Regular,Imported Brand,EMA-EARP-ER-IB-02445,,Earphones Regular in Electronics & Mobile Accessories > Earphones. Simple product for Zephrant ERP import; one internal Default variant will be created.,Piece,Carton,12,6000,650,750,0,0,5,Active
Earphones Premium,,,,,,,,,Electronics & Mobile Accessories,Earphones,Earphones Premium,Store Brand,EMA-EARP-EP-SB-02446,,Earphones Premium in Electronics & Mobile Accessories > Earphones. Simple product for Zephrant ERP import; one internal Default variant will be created.,Piece,Carton,12,6000,650,750,0,0,5,Active
Earphones Premium,,,,,,,,,Electronics & Mobile Accessories,Earphones,Earphones Premium,Local Brand,EMA-EARP-EP-LB-02447,,Earphones Premium in Electronics & Mobile Accessories > Earphones. Simple product for Zephrant ERP import; one internal Default variant will be created.,Piece,Carton,12,6000,650,750,0,0,5,Active
Earphones Premium,,,,,,,,,Electronics & Mobile Accessories,Earphones,Earphones Premium,Imported Brand,EMA-EARP-EP-IB-02448,,Earphones Premium in Electronics & Mobile Accessories > Earphones. Simple product for Zephrant ERP import; one internal Default variant will be created.,Piece,Carton,12,6000,650,750,0,0,5,Active
Headphones,,,,,,,,,Electronics & Mobile Accessories,Headphones,Headphones,Store Brand,EMA-HEAD-HEAD-SB-02449,,Headphones in Electronics & Mobile Accessories > Headphones. Simple product for Zephrant ERP import; one internal Default variant will be created.,Piece,Carton,12,6000,650,750,0,0,5,Active
Headphones,,,,,,,,,Electronics & Mobile Accessories,Headphones,Headphones,Local Brand,EMA-HEAD-HEAD-LB-02450,,Headphones in Electronics & Mobile Accessories > Headphones. Simple product for Zephrant ERP import; one internal Default variant will be created.,Piece,Carton,12,6000,650,750,0,0,5,Active
Headphones,,,,,,,,,Electronics & Mobile Accessories,Headphones,Headphones,Imported Brand,EMA-HEAD-HEAD-IB-02451,,Headphones in Electronics & Mobile Accessories > Headphones. Simple product for Zephrant ERP import; one internal Default variant will be created.,Piece,Carton,12,6000,650,750,0,0,5,Active
Headphones Regular,,,,,,,,,Electronics & Mobile Accessories,Headphones,Headphones Regular,Store Brand,EMA-HEAD-HR-SB-02452,,Headphones Regular in Electronics & Mobile Accessories > Headphones. Simple product for Zephrant ERP import; one internal Default variant will be created.,Piece,Carton,12,6000,650,750,0,0,5,Active
Headphones Regular,,,,,,,,,Electronics & Mobile Accessories,Headphones,Headphones Regular,Local Brand,EMA-HEAD-HR-LB-02453,,Headphones Regular in Electronics & Mobile Accessories > Headphones. Simple product for Zephrant ERP import; one internal Default variant will be created.,Piece,Carton,12,6000,650,750,0,0,5,Active
Headphones Regular,,,,,,,,,Electronics & Mobile Accessories,Headphones,Headphones Regular,Imported Brand,EMA-HEAD-HR-IB-02454,,Headphones Regular in Electronics & Mobile Accessories > Headphones. Simple product for Zephrant ERP import; one internal Default variant will be created.,Piece,Carton,12,6000,650,750,0,0,5,Active
Headphones Premium,,,,,,,,,Electronics & Mobile Accessories,Headphones,Headphones Premium,Store Brand,EMA-HEAD-HP-SB-02455,,Headphones Premium in Electronics & Mobile Accessories > Headphones. Simple product for Zephrant ERP import; one internal Default variant will be created.,Piece,Carton,12,6000,650,750,0,0,5,Active
Headphones Premium,,,,,,,,,Electronics & Mobile Accessories,Headphones,Headphones Premium,Local Brand,EMA-HEAD-HP-LB-02456,,Headphones Premium in Electronics & Mobile Accessories > Headphones. Simple product for Zephrant ERP import; one internal Default variant will be created.,Piece,Carton,12,6000,650,750,0,0,5,Active
Headphones Premium,,,,,,,,,Electronics & Mobile Accessories,Headphones,Headphones Premium,Imported Brand,EMA-HEAD-HP-IB-02457,,Headphones Premium in Electronics & Mobile Accessories > Headphones. Simple product for Zephrant ERP import; one internal Default variant will be created.,Piece,Carton,12,6000,650,750,0,0,5,Active
Power Banks,,,,,,,,,Electronics & Mobile Accessories,Power Banks,Power Banks,Store Brand,EMA-PB-PB-SB-02458,,Power Banks in Electronics & Mobile Accessories > Power Banks. Simple product for Zephrant ERP import; one internal Default variant will be created.,Piece,Carton,12,6000,650,750,0,0,5,Active
Power Banks,,,,,,,,,Electronics & Mobile Accessories,Power Banks,Power Banks,Local Brand,EMA-PB-PB-LB-02459,,Power Banks in Electronics & Mobile Accessories > Power Banks. Simple product for Zephrant ERP import; one internal Default variant will be created.,Piece,Carton,12,6000,650,750,0,0,5,Active
Power Banks,,,,,,,,,Electronics & Mobile Accessories,Power Banks,Power Banks,Imported Brand,EMA-PB-PB-IB-02460,,Power Banks in Electronics & Mobile Accessories > Power Banks. Simple product for Zephrant ERP import; one internal Default variant will be created.,Piece,Carton,12,6000,650,750,0,0,5,Active
Power Banks Regular,,,,,,,,,Electronics & Mobile Accessories,Power Banks,Power Banks Regular,Store Brand,EMA-PB-PBR-SB-02461,,Power Banks Regular in Electronics & Mobile Accessories > Power Banks. Simple product for Zephrant ERP import; one internal Default variant will be created.,Piece,Carton,12,6000,650,750,0,0,5,Active
Power Banks Regular,,,,,,,,,Electronics & Mobile Accessories,Power Banks,Power Banks Regular,Local Brand,EMA-PB-PBR-LB-02462,,Power Banks Regular in Electronics & Mobile Accessories > Power Banks. Simple product for Zephrant ERP import; one internal Default variant will be created.,Piece,Carton,12,6000,650,750,0,0,5,Active
Power Banks Regular,,,,,,,,,Electronics & Mobile Accessories,Power Banks,Power Banks Regular,Imported Brand,EMA-PB-PBR-IB-02463,,Power Banks Regular in Electronics & Mobile Accessories > Power Banks. Simple product for Zephrant ERP import; one internal Default variant will be created.,Piece,Carton,12,6000,650,750,0,0,5,Active
Power Banks Premium,,,,,,,,,Electronics & Mobile Accessories,Power Banks,Power Banks Premium,Store Brand,EMA-PB-PBP-SB-02464,,Power Banks Premium in Electronics & Mobile Accessories > Power Banks. Simple product for Zephrant ERP import; one internal Default variant will be created.,Piece,Carton,12,6000,650,750,0,0,5,Active
Power Banks Premium,,,,,,,,,Electronics & Mobile Accessories,Power Banks,Power Banks Premium,Local Brand,EMA-PB-PBP-LB-02465,,Power Banks Premium in Electronics & Mobile Accessories > Power Banks. Simple product for Zephrant ERP import; one internal Default variant will be created.,Piece,Carton,12,6000,650,750,0,0,5,Active
Power Banks Premium,,,,,,,,,Electronics & Mobile Accessories,Power Banks,Power Banks Premium,Imported Brand,EMA-PB-PBP-IB-02466,,Power Banks Premium in Electronics & Mobile Accessories > Power Banks. Simple product for Zephrant ERP import; one internal Default variant will be created.,Piece,Carton,12,6000,650,750,0,0,5,Active
Energizer Batteries,,,,,,,,,Electronics & Mobile Accessories,Batteries,Batteries,Energizer,EMA-BATT-BATT-ENER-02467,,Energizer Batteries in Electronics & Mobile Accessories > Batteries. Simple product for Zephrant ERP import; one internal Default variant will be created.,Piece,Carton,12,6000,650,750,0,0,5,Active
Duracell Batteries,,,,,,,,,Electronics & Mobile Accessories,Batteries,Batteries,Duracell,EMA-BATT-BATT-DURA-02468,,Duracell Batteries in Electronics & Mobile Accessories > Batteries. Simple product for Zephrant ERP import; one internal Default variant will be created.,Piece,Carton,12,6000,650,750,0,0,5,Active
Panasonic Batteries,,,,,,,,,Electronics & Mobile Accessories,Batteries,Batteries,Panasonic,EMA-BATT-BATT-PANA-02469,,Panasonic Batteries in Electronics & Mobile Accessories > Batteries. Simple product for Zephrant ERP import; one internal Default variant will be created.,Piece,Carton,12,6000,650,750,0,0,5,Active
Osaka Batteries,,,,,,,,,Electronics & Mobile Accessories,Batteries,Batteries,Osaka,EMA-BATT-BATT-OSAK-02470,,Osaka Batteries in Electronics & Mobile Accessories > Batteries. Simple product for Zephrant ERP import; one internal Default variant will be created.,Piece,Carton,12,6000,650,750,0,0,5,Active
Energizer Batteries Regular,,,,,,,,,Electronics & Mobile Accessories,Batteries,Batteries Regular,Energizer,EMA-BATT-BR-ENER-02471,,Energizer Batteries Regular in Electronics & Mobile Accessories > Batteries. Simple product for Zephrant ERP import; one internal Default variant will be created.,Piece,Carton,12,6000,650,750,0,0,5,Active
Duracell Batteries Regular,,,,,,,,,Electronics & Mobile Accessories,Batteries,Batteries Regular,Duracell,EMA-BATT-BR-DURA-02472,,Duracell Batteries Regular in Electronics & Mobile Accessories > Batteries. Simple product for Zephrant ERP import; one internal Default variant will be created.,Piece,Carton,12,6000,650,750,0,0,5,Active
Panasonic Batteries Regular,,,,,,,,,Electronics & Mobile Accessories,Batteries,Batteries Regular,Panasonic,EMA-BATT-BR-PANA-02473,,Panasonic Batteries Regular in Electronics & Mobile Accessories > Batteries. Simple product for Zephrant ERP import; one internal Default variant will be created.,Piece,Carton,12,6000,650,750,0,0,5,Active
Osaka Batteries Regular,,,,,,,,,Electronics & Mobile Accessories,Batteries,Batteries Regular,Osaka,EMA-BATT-BR-OSAK-02474,,Osaka Batteries Regular in Electronics & Mobile Accessories > Batteries. Simple product for Zephrant ERP import; one internal Default variant will be created.,Piece,Carton,12,6000,650,750,0,0,5,Active
Energizer Batteries Premium,,,,,,,,,Electronics & Mobile Accessories,Batteries,Batteries Premium,Energizer,EMA-BATT-BP-ENER-02475,,Energizer Batteries Premium in Electronics & Mobile Accessories > Batteries. Simple product for Zephrant ERP import; one internal Default variant will be created.,Piece,Carton,12,6000,650,750,0,0,5,Active
Duracell Batteries Premium,,,,,,,,,Electronics & Mobile Accessories,Batteries,Batteries Premium,Duracell,EMA-BATT-BP-DURA-02476,,Duracell Batteries Premium in Electronics & Mobile Accessories > Batteries. Simple product for Zephrant ERP import; one internal Default variant will be created.,Piece,Carton,12,6000,650,750,0,0,5,Active
Panasonic Batteries Premium,,,,,,,,,Electronics & Mobile Accessories,Batteries,Batteries Premium,Panasonic,EMA-BATT-BP-PANA-02477,,Panasonic Batteries Premium in Electronics & Mobile Accessories > Batteries. Simple product for Zephrant ERP import; one internal Default variant will be created.,Piece,Carton,12,6000,650,750,0,0,5,Active
Osaka Batteries Premium,,,,,,,,,Electronics & Mobile Accessories,Batteries,Batteries Premium,Osaka,EMA-BATT-BP-OSAK-02478,,Osaka Batteries Premium in Electronics & Mobile Accessories > Batteries. Simple product for Zephrant ERP import; one internal Default variant will be created.,Piece,Carton,12,6000,650,750,0,0,5,Active
Philips LED Bulbs,,,,,,,,,Electronics & Mobile Accessories,LED Bulbs,LED Bulbs,Philips,EMA-LB-LB-PHIL-02479,,Philips LED Bulbs in Electronics & Mobile Accessories > LED Bulbs. Simple product for Zephrant ERP import; one internal Default variant will be created.,Piece,Carton,12,6000,650,750,0,0,5,Active
Osram LED Bulbs,,,,,,,,,Electronics & Mobile Accessories,LED Bulbs,LED Bulbs,Osram,EMA-LB-LB-OSRA-02480,,Osram LED Bulbs in Electronics & Mobile Accessories > LED Bulbs. Simple product for Zephrant ERP import; one internal Default variant will be created.,Piece,Carton,12,6000,650,750,0,0,5,Active
EcoStar LED Bulbs,,,,,,,,,Electronics & Mobile Accessories,LED Bulbs,LED Bulbs,EcoStar,EMA-LB-LB-ECOS-02481,,EcoStar LED Bulbs in Electronics & Mobile Accessories > LED Bulbs. Simple product for Zephrant ERP import; one internal Default variant will be created.,Piece,Carton,12,6000,650,750,0,0,5,Active
TCL LED Bulbs,,,,,,,,,Electronics & Mobile Accessories,LED Bulbs,LED Bulbs,TCL,EMA-LB-LB-TCL-02482,,TCL LED Bulbs in Electronics & Mobile Accessories > LED Bulbs. Simple product for Zephrant ERP import; one internal Default variant will be created.,Piece,Carton,12,6000,650,750,0,0,5,Active
Philips LED Bulbs Regular,,,,,,,,,Electronics & Mobile Accessories,LED Bulbs,LED Bulbs Regular,Philips,EMA-LB-LBR-PHIL-02483,,Philips LED Bulbs Regular in Electronics & Mobile Accessories > LED Bulbs. Simple product for Zephrant ERP import; one internal Default variant will be created.,Piece,Carton,12,6000,650,750,0,0,5,Active
Osram LED Bulbs Regular,,,,,,,,,Electronics & Mobile Accessories,LED Bulbs,LED Bulbs Regular,Osram,EMA-LB-LBR-OSRA-02484,,Osram LED Bulbs Regular in Electronics & Mobile Accessories > LED Bulbs. Simple product for Zephrant ERP import; one internal Default variant will be created.,Piece,Carton,12,6000,650,750,0,0,5,Active
EcoStar LED Bulbs Regular,,,,,,,,,Electronics & Mobile Accessories,LED Bulbs,LED Bulbs Regular,EcoStar,EMA-LB-LBR-ECOS-02485,,EcoStar LED Bulbs Regular in Electronics & Mobile Accessories > LED Bulbs. Simple product for Zephrant ERP import; one internal Default variant will be created.,Piece,Carton,12,6000,650,750,0,0,5,Active
TCL LED Bulbs Regular,,,,,,,,,Electronics & Mobile Accessories,LED Bulbs,LED Bulbs Regular,TCL,EMA-LB-LBR-TCL-02486,,TCL LED Bulbs Regular in Electronics & Mobile Accessories > LED Bulbs. Simple product for Zephrant ERP import; one internal Default variant will be created.,Piece,Carton,12,6000,650,750,0,0,5,Active
Philips LED Bulbs Premium,,,,,,,,,Electronics & Mobile Accessories,LED Bulbs,LED Bulbs Premium,Philips,EMA-LB-LBP-PHIL-02487,,Philips LED Bulbs Premium in Electronics & Mobile Accessories > LED Bulbs. Simple product for Zephrant ERP import; one internal Default variant will be created.,Piece,Carton,12,6000,650,750,0,0,5,Active
Osram LED Bulbs Premium,,,,,,,,,Electronics & Mobile Accessories,LED Bulbs,LED Bulbs Premium,Osram,EMA-LB-LBP-OSRA-02488,,Osram LED Bulbs Premium in Electronics & Mobile Accessories > LED Bulbs. Simple product for Zephrant ERP import; one internal Default variant will be created.,Piece,Carton,12,6000,650,750,0,0,5,Active
EcoStar LED Bulbs Premium,,,,,,,,,Electronics & Mobile Accessories,LED Bulbs,LED Bulbs Premium,EcoStar,EMA-LB-LBP-ECOS-02489,,EcoStar LED Bulbs Premium in Electronics & Mobile Accessories > LED Bulbs. Simple product for Zephrant ERP import; one internal Default variant will be created.,Piece,Carton,12,6000,650,750,0,0,5,Active
TCL LED Bulbs Premium,,,,,,,,,Electronics & Mobile Accessories,LED Bulbs,LED Bulbs Premium,TCL,EMA-LB-LBP-TCL-02490,,TCL LED Bulbs Premium in Electronics & Mobile Accessories > LED Bulbs. Simple product for Zephrant ERP import; one internal Default variant will be created.,Piece,Carton,12,6000,650,750,0,0,5,Active
Extension Boards,,,,,,,,,Electronics & Mobile Accessories,Extension Boards,Extension Boards,Store Brand,EMA-EB-EB-SB-02491,,Extension Boards in Electronics & Mobile Accessories > Extension Boards. Simple product for Zephrant ERP import; one internal Default variant will be created.,Piece,Carton,12,6000,650,750,0,0,5,Active
Extension Boards,,,,,,,,,Electronics & Mobile Accessories,Extension Boards,Extension Boards,Local Brand,EMA-EB-EB-LB-02492,,Extension Boards in Electronics & Mobile Accessories > Extension Boards. Simple product for Zephrant ERP import; one internal Default variant will be created.,Piece,Carton,12,6000,650,750,0,0,5,Active
Extension Boards,,,,,,,,,Electronics & Mobile Accessories,Extension Boards,Extension Boards,Imported Brand,EMA-EB-EB-IB-02493,,Extension Boards in Electronics & Mobile Accessories > Extension Boards. Simple product for Zephrant ERP import; one internal Default variant will be created.,Piece,Carton,12,6000,650,750,0,0,5,Active
Extension Boards Regular,,,,,,,,,Electronics & Mobile Accessories,Extension Boards,Extension Boards Regular,Store Brand,EMA-EB-EBR-SB-02494,,Extension Boards Regular in Electronics & Mobile Accessories > Extension Boards. Simple product for Zephrant ERP import; one internal Default variant will be created.,Piece,Carton,12,6000,650,750,0,0,5,Active
Extension Boards Regular,,,,,,,,,Electronics & Mobile Accessories,Extension Boards,Extension Boards Regular,Local Brand,EMA-EB-EBR-LB-02495,,Extension Boards Regular in Electronics & Mobile Accessories > Extension Boards. Simple product for Zephrant ERP import; one internal Default variant will be created.,Piece,Carton,12,6000,650,750,0,0,5,Active
Extension Boards Regular,,,,,,,,,Electronics & Mobile Accessories,Extension Boards,Extension Boards Regular,Imported Brand,EMA-EB-EBR-IB-02496,,Extension Boards Regular in Electronics & Mobile Accessories > Extension Boards. Simple product for Zephrant ERP import; one internal Default variant will be created.,Piece,Carton,12,6000,650,750,0,0,5,Active
Extension Boards Premium,,,,,,,,,Electronics & Mobile Accessories,Extension Boards,Extension Boards Premium,Store Brand,EMA-EB-EBP-SB-02497,,Extension Boards Premium in Electronics & Mobile Accessories > Extension Boards. Simple product for Zephrant ERP import; one internal Default variant will be created.,Piece,Carton,12,6000,650,750,0,0,5,Active
Extension Boards Premium,,,,,,,,,Electronics & Mobile Accessories,Extension Boards,Extension Boards Premium,Local Brand,EMA-EB-EBP-LB-02498,,Extension Boards Premium in Electronics & Mobile Accessories > Extension Boards. Simple product for Zephrant ERP import; one internal Default variant will be created.,Piece,Carton,12,6000,650,750,0,0,5,Active
Extension Boards Premium,,,,,,,,,Electronics & Mobile Accessories,Extension Boards,Extension Boards Premium,Imported Brand,EMA-EB-EBP-IB-02499,,Extension Boards Premium in Electronics & Mobile Accessories > Extension Boards. Simple product for Zephrant ERP import; one internal Default variant will be created.,Piece,Carton,12,6000,650,750,0,0,5,Active
Mobile Accessories,,,,,,,,,Electronics & Mobile Accessories,Mobile Accessories,Mobile Accessories,Store Brand,EMA-MA-MA-SB-02500,,Mobile Accessories in Electronics & Mobile Accessories > Mobile Accessories. Simple product for Zephrant ERP import; one internal Default variant will be created.,Piece,Carton,12,6000,650,750,0,0,5,Active
Mobile Accessories,,,,,,,,,Electronics & Mobile Accessories,Mobile Accessories,Mobile Accessories,Local Brand,EMA-MA-MA-LB-02501,,Mobile Accessories in Electronics & Mobile Accessories > Mobile Accessories. Simple product for Zephrant ERP import; one internal Default variant will be created.,Piece,Carton,12,6000,650,750,0,0,5,Active
Mobile Accessories,,,,,,,,,Electronics & Mobile Accessories,Mobile Accessories,Mobile Accessories,Imported Brand,EMA-MA-MA-IB-02502,,Mobile Accessories in Electronics & Mobile Accessories > Mobile Accessories. Simple product for Zephrant ERP import; one internal Default variant will be created.,Piece,Carton,12,6000,650,750,0,0,5,Active
Mobile Accessories Regular,,,,,,,,,Electronics & Mobile Accessories,Mobile Accessories,Mobile Accessories Regular,Store Brand,EMA-MA-MAR-SB-02503,,Mobile Accessories Regular in Electronics & Mobile Accessories > Mobile Accessories. Simple product for Zephrant ERP import; one internal Default variant will be created.,Piece,Carton,12,6000,650,750,0,0,5,Active
Mobile Accessories Regular,,,,,,,,,Electronics & Mobile Accessories,Mobile Accessories,Mobile Accessories Regular,Local Brand,EMA-MA-MAR-LB-02504,,Mobile Accessories Regular in Electronics & Mobile Accessories > Mobile Accessories. Simple product for Zephrant ERP import; one internal Default variant will be created.,Piece,Carton,12,6000,650,750,0,0,5,Active
Mobile Accessories Regular,,,,,,,,,Electronics & Mobile Accessories,Mobile Accessories,Mobile Accessories Regular,Imported Brand,EMA-MA-MAR-IB-02505,,Mobile Accessories Regular in Electronics & Mobile Accessories > Mobile Accessories. Simple product for Zephrant ERP import; one internal Default variant will be created.,Piece,Carton,12,6000,650,750,0,0,5,Active
Mobile Accessories Premium,,,,,,,,,Electronics & Mobile Accessories,Mobile Accessories,Mobile Accessories Premium,Store Brand,EMA-MA-MAP-SB-02506,,Mobile Accessories Premium in Electronics & Mobile Accessories > Mobile Accessories. Simple product for Zephrant ERP import; one internal Default variant will be created.,Piece,Carton,12,6000,650,750,0,0,5,Active
Mobile Accessories Premium,,,,,,,,,Electronics & Mobile Accessories,Mobile Accessories,Mobile Accessories Premium,Local Brand,EMA-MA-MAP-LB-02507,,Mobile Accessories Premium in Electronics & Mobile Accessories > Mobile Accessories. Simple product for Zephrant ERP import; one internal Default variant will be created.,Piece,Carton,12,6000,650,750,0,0,5,Active
Mobile Accessories Premium,,,,,,,,,Electronics & Mobile Accessories,Mobile Accessories,Mobile Accessories Premium,Imported Brand,EMA-MA-MAP-IB-02508,,Mobile Accessories Premium in Electronics & Mobile Accessories > Mobile Accessories. Simple product for Zephrant ERP import; one internal Default variant will be created.,Piece,Carton,12,6000,650,750,0,0,5,Active
Small Electronics,,,,,,,,,Electronics & Mobile Accessories,Small Electronics,Small Electronics,Store Brand,EMA-SE-SE-SB-02509,,Small Electronics in Electronics & Mobile Accessories > Small Electronics. Simple product for Zephrant ERP import; one internal Default variant will be created.,Piece,Carton,12,6000,650,750,0,0,5,Active
Small Electronics,,,,,,,,,Electronics & Mobile Accessories,Small Electronics,Small Electronics,Local Brand,EMA-SE-SE-LB-02510,,Small Electronics in Electronics & Mobile Accessories > Small Electronics. Simple product for Zephrant ERP import; one internal Default variant will be created.,Piece,Carton,12,6000,650,750,0,0,5,Active
Small Electronics,,,,,,,,,Electronics & Mobile Accessories,Small Electronics,Small Electronics,Imported Brand,EMA-SE-SE-IB-02511,,Small Electronics in Electronics & Mobile Accessories > Small Electronics. Simple product for Zephrant ERP import; one internal Default variant will be created.,Piece,Carton,12,6000,650,750,0,0,5,Active
Small Electronics Regular,,,,,,,,,Electronics & Mobile Accessories,Small Electronics,Small Electronics Regular,Store Brand,EMA-SE-SER-SB-02512,,Small Electronics Regular in Electronics & Mobile Accessories > Small Electronics. Simple product for Zephrant ERP import; one internal Default variant will be created.,Piece,Carton,12,6000,650,750,0,0,5,Active
Small Electronics Regular,,,,,,,,,Electronics & Mobile Accessories,Small Electronics,Small Electronics Regular,Local Brand,EMA-SE-SER-LB-02513,,Small Electronics Regular in Electronics & Mobile Accessories > Small Electronics. Simple product for Zephrant ERP import; one internal Default variant will be created.,Piece,Carton,12,6000,650,750,0,0,5,Active
Small Electronics Regular,,,,,,,,,Electronics & Mobile Accessories,Small Electronics,Small Electronics Regular,Imported Brand,EMA-SE-SER-IB-02514,,Small Electronics Regular in Electronics & Mobile Accessories > Small Electronics. Simple product for Zephrant ERP import; one internal Default variant will be created.,Piece,Carton,12,6000,650,750,0,0,5,Active
Small Electronics Premium,,,,,,,,,Electronics & Mobile Accessories,Small Electronics,Small Electronics Premium,Store Brand,EMA-SE-SEP-SB-02515,,Small Electronics Premium in Electronics & Mobile Accessories > Small Electronics. Simple product for Zephrant ERP import; one internal Default variant will be created.,Piece,Carton,12,6000,650,750,0,0,5,Active
Small Electronics Premium,,,,,,,,,Electronics & Mobile Accessories,Small Electronics,Small Electronics Premium,Local Brand,EMA-SE-SEP-LB-02516,,Small Electronics Premium in Electronics & Mobile Accessories > Small Electronics. Simple product for Zephrant ERP import; one internal Default variant will be created.,Piece,Carton,12,6000,650,750,0,0,5,Active
Small Electronics Premium,,,,,,,,,Electronics & Mobile Accessories,Small Electronics,Small Electronics Premium,Imported Brand,EMA-SE-SEP-IB-02517,,Small Electronics Premium in Electronics & Mobile Accessories > Small Electronics. Simple product for Zephrant ERP import; one internal Default variant will be created.,Piece,Carton,12,6000,650,750,0,0,5,Active
Computer Accessories,,,,,,,,,Electronics & Mobile Accessories,Computer Accessories,Computer Accessories,Store Brand,EMA-CA-CA-SB-02518,,Computer Accessories in Electronics & Mobile Accessories > Computer Accessories. Simple product for Zephrant ERP import; one internal Default variant will be created.,Piece,Carton,12,6000,650,750,0,0,5,Active
Computer Accessories,,,,,,,,,Electronics & Mobile Accessories,Computer Accessories,Computer Accessories,Local Brand,EMA-CA-CA-LB-02519,,Computer Accessories in Electronics & Mobile Accessories > Computer Accessories. Simple product for Zephrant ERP import; one internal Default variant will be created.,Piece,Carton,12,6000,650,750,0,0,5,Active
Computer Accessories,,,,,,,,,Electronics & Mobile Accessories,Computer Accessories,Computer Accessories,Imported Brand,EMA-CA-CA-IB-02520,,Computer Accessories in Electronics & Mobile Accessories > Computer Accessories. Simple product for Zephrant ERP import; one internal Default variant will be created.,Piece,Carton,12,6000,650,750,0,0,5,Active
Computer Accessories Regular,,,,,,,,,Electronics & Mobile Accessories,Computer Accessories,Computer Accessories Regular,Store Brand,EMA-CA-CAR-SB-02521,,Computer Accessories Regular in Electronics & Mobile Accessories > Computer Accessories. Simple product for Zephrant ERP import; one internal Default variant will be created.,Piece,Carton,12,6000,650,750,0,0,5,Active
Computer Accessories Regular,,,,,,,,,Electronics & Mobile Accessories,Computer Accessories,Computer Accessories Regular,Local Brand,EMA-CA-CAR-LB-02522,,Computer Accessories Regular in Electronics & Mobile Accessories > Computer Accessories. Simple product for Zephrant ERP import; one internal Default variant will be created.,Piece,Carton,12,6000,650,750,0,0,5,Active
Computer Accessories Regular,,,,,,,,,Electronics & Mobile Accessories,Computer Accessories,Computer Accessories Regular,Imported Brand,EMA-CA-CAR-IB-02523,,Computer Accessories Regular in Electronics & Mobile Accessories > Computer Accessories. Simple product for Zephrant ERP import; one internal Default variant will be created.,Piece,Carton,12,6000,650,750,0,0,5,Active
Computer Accessories Premium,,,,,,,,,Electronics & Mobile Accessories,Computer Accessories,Computer Accessories Premium,Store Brand,EMA-CA-CAP-SB-02524,,Computer Accessories Premium in Electronics & Mobile Accessories > Computer Accessories. Simple product for Zephrant ERP import; one internal Default variant will be created.,Piece,Carton,12,6000,650,750,0,0,5,Active
Computer Accessories Premium,,,,,,,,,Electronics & Mobile Accessories,Computer Accessories,Computer Accessories Premium,Local Brand,EMA-CA-CAP-LB-02525,,Computer Accessories Premium in Electronics & Mobile Accessories > Computer Accessories. Simple product for Zephrant ERP import; one internal Default variant will be created.,Piece,Carton,12,6000,650,750,0,0,5,Active
Computer Accessories Premium,,,,,,,,,Electronics & Mobile Accessories,Computer Accessories,Computer Accessories Premium,Imported Brand,EMA-CA-CAP-IB-02526,,Computer Accessories Premium in Electronics & Mobile Accessories > Computer Accessories. Simple product for Zephrant ERP import; one internal Default variant will be created.,Piece,Carton,12,6000,650,750,0,0,5,Active
Ramadan,,,,,,,,,Seasonal & Promotional,Ramadan,Ramadan,Store Brand,SP-RAMA-RAMA-SB-02527,,Ramadan in Seasonal & Promotional > Ramadan. Simple product for Zephrant ERP import; one internal Default variant will be created.,Piece,Carton,12,2400,250,300,0,0,5,Active
Ramadan,,,,,,,,,Seasonal & Promotional,Ramadan,Ramadan,Local Brand,SP-RAMA-RAMA-LB-02528,,Ramadan in Seasonal & Promotional > Ramadan. Simple product for Zephrant ERP import; one internal Default variant will be created.,Piece,Carton,12,2400,250,300,0,0,5,Active
Ramadan,,,,,,,,,Seasonal & Promotional,Ramadan,Ramadan,Imported Brand,SP-RAMA-RAMA-IB-02529,,Ramadan in Seasonal & Promotional > Ramadan. Simple product for Zephrant ERP import; one internal Default variant will be created.,Piece,Carton,12,2400,250,300,0,0,5,Active
Ramadan Regular,,,,,,,,,Seasonal & Promotional,Ramadan,Ramadan Regular,Store Brand,SP-RAMA-RR-SB-02530,,Ramadan Regular in Seasonal & Promotional > Ramadan. Simple product for Zephrant ERP import; one internal Default variant will be created.,Piece,Carton,12,2400,250,300,0,0,5,Active
Ramadan Regular,,,,,,,,,Seasonal & Promotional,Ramadan,Ramadan Regular,Local Brand,SP-RAMA-RR-LB-02531,,Ramadan Regular in Seasonal & Promotional > Ramadan. Simple product for Zephrant ERP import; one internal Default variant will be created.,Piece,Carton,12,2400,250,300,0,0,5,Active
Ramadan Regular,,,,,,,,,Seasonal & Promotional,Ramadan,Ramadan Regular,Imported Brand,SP-RAMA-RR-IB-02532,,Ramadan Regular in Seasonal & Promotional > Ramadan. Simple product for Zephrant ERP import; one internal Default variant will be created.,Piece,Carton,12,2400,250,300,0,0,5,Active
Ramadan Premium,,,,,,,,,Seasonal & Promotional,Ramadan,Ramadan Premium,Store Brand,SP-RAMA-RP-SB-02533,,Ramadan Premium in Seasonal & Promotional > Ramadan. Simple product for Zephrant ERP import; one internal Default variant will be created.,Piece,Carton,12,2400,250,300,0,0,5,Active
Ramadan Premium,,,,,,,,,Seasonal & Promotional,Ramadan,Ramadan Premium,Local Brand,SP-RAMA-RP-LB-02534,,Ramadan Premium in Seasonal & Promotional > Ramadan. Simple product for Zephrant ERP import; one internal Default variant will be created.,Piece,Carton,12,2400,250,300,0,0,5,Active
Ramadan Premium,,,,,,,,,Seasonal & Promotional,Ramadan,Ramadan Premium,Imported Brand,SP-RAMA-RP-IB-02535,,Ramadan Premium in Seasonal & Promotional > Ramadan. Simple product for Zephrant ERP import; one internal Default variant will be created.,Piece,Carton,12,2400,250,300,0,0,5,Active
Eid,,,,,,,,,Seasonal & Promotional,Eid,Eid,Store Brand,SP-EID-EID-SB-02536,,Eid in Seasonal & Promotional > Eid. Simple product for Zephrant ERP import; one internal Default variant will be created.,Piece,Carton,12,2400,250,300,0,0,5,Active
Eid,,,,,,,,,Seasonal & Promotional,Eid,Eid,Local Brand,SP-EID-EID-LB-02537,,Eid in Seasonal & Promotional > Eid. Simple product for Zephrant ERP import; one internal Default variant will be created.,Piece,Carton,12,2400,250,300,0,0,5,Active
Eid,,,,,,,,,Seasonal & Promotional,Eid,Eid,Imported Brand,SP-EID-EID-IB-02538,,Eid in Seasonal & Promotional > Eid. Simple product for Zephrant ERP import; one internal Default variant will be created.,Piece,Carton,12,2400,250,300,0,0,5,Active
Eid Regular,,,,,,,,,Seasonal & Promotional,Eid,Eid Regular,Store Brand,SP-EID-ER-SB-02539,,Eid Regular in Seasonal & Promotional > Eid. Simple product for Zephrant ERP import; one internal Default variant will be created.,Piece,Carton,12,2400,250,300,0,0,5,Active
Eid Regular,,,,,,,,,Seasonal & Promotional,Eid,Eid Regular,Local Brand,SP-EID-ER-LB-02540,,Eid Regular in Seasonal & Promotional > Eid. Simple product for Zephrant ERP import; one internal Default variant will be created.,Piece,Carton,12,2400,250,300,0,0,5,Active
Eid Regular,,,,,,,,,Seasonal & Promotional,Eid,Eid Regular,Imported Brand,SP-EID-ER-IB-02541,,Eid Regular in Seasonal & Promotional > Eid. Simple product for Zephrant ERP import; one internal Default variant will be created.,Piece,Carton,12,2400,250,300,0,0,5,Active
Eid Premium,,,,,,,,,Seasonal & Promotional,Eid,Eid Premium,Store Brand,SP-EID-EP-SB-02542,,Eid Premium in Seasonal & Promotional > Eid. Simple product for Zephrant ERP import; one internal Default variant will be created.,Piece,Carton,12,2400,250,300,0,0,5,Active
Eid Premium,,,,,,,,,Seasonal & Promotional,Eid,Eid Premium,Local Brand,SP-EID-EP-LB-02543,,Eid Premium in Seasonal & Promotional > Eid. Simple product for Zephrant ERP import; one internal Default variant will be created.,Piece,Carton,12,2400,250,300,0,0,5,Active
Eid Premium,,,,,,,,,Seasonal & Promotional,Eid,Eid Premium,Imported Brand,SP-EID-EP-IB-02544,,Eid Premium in Seasonal & Promotional > Eid. Simple product for Zephrant ERP import; one internal Default variant will be created.,Piece,Carton,12,2400,250,300,0,0,5,Active
Winter Specials,,,,,,,,,Seasonal & Promotional,Winter Specials,Winter Specials,Store Brand,SP-WS-WS-SB-02545,,Winter Specials in Seasonal & Promotional > Winter Specials. Simple product for Zephrant ERP import; one internal Default variant will be created.,Piece,Carton,12,2400,250,300,0,0,5,Active
Winter Specials,,,,,,,,,Seasonal & Promotional,Winter Specials,Winter Specials,Local Brand,SP-WS-WS-LB-02546,,Winter Specials in Seasonal & Promotional > Winter Specials. Simple product for Zephrant ERP import; one internal Default variant will be created.,Piece,Carton,12,2400,250,300,0,0,5,Active
Winter Specials,,,,,,,,,Seasonal & Promotional,Winter Specials,Winter Specials,Imported Brand,SP-WS-WS-IB-02547,,Winter Specials in Seasonal & Promotional > Winter Specials. Simple product for Zephrant ERP import; one internal Default variant will be created.,Piece,Carton,12,2400,250,300,0,0,5,Active
Winter Specials Regular,,,,,,,,,Seasonal & Promotional,Winter Specials,Winter Specials Regular,Store Brand,SP-WS-WSR-SB-02548,,Winter Specials Regular in Seasonal & Promotional > Winter Specials. Simple product for Zephrant ERP import; one internal Default variant will be created.,Piece,Carton,12,2400,250,300,0,0,5,Active
Winter Specials Regular,,,,,,,,,Seasonal & Promotional,Winter Specials,Winter Specials Regular,Local Brand,SP-WS-WSR-LB-02549,,Winter Specials Regular in Seasonal & Promotional > Winter Specials. Simple product for Zephrant ERP import; one internal Default variant will be created.,Piece,Carton,12,2400,250,300,0,0,5,Active
Winter Specials Regular,,,,,,,,,Seasonal & Promotional,Winter Specials,Winter Specials Regular,Imported Brand,SP-WS-WSR-IB-02550,,Winter Specials Regular in Seasonal & Promotional > Winter Specials. Simple product for Zephrant ERP import; one internal Default variant will be created.,Piece,Carton,12,2400,250,300,0,0,5,Active
Winter Specials Premium,,,,,,,,,Seasonal & Promotional,Winter Specials,Winter Specials Premium,Store Brand,SP-WS-WSP-SB-02551,,Winter Specials Premium in Seasonal & Promotional > Winter Specials. Simple product for Zephrant ERP import; one internal Default variant will be created.,Piece,Carton,12,2400,250,300,0,0,5,Active
Winter Specials Premium,,,,,,,,,Seasonal & Promotional,Winter Specials,Winter Specials Premium,Local Brand,SP-WS-WSP-LB-02552,,Winter Specials Premium in Seasonal & Promotional > Winter Specials. Simple product for Zephrant ERP import; one internal Default variant will be created.,Piece,Carton,12,2400,250,300,0,0,5,Active
Winter Specials Premium,,,,,,,,,Seasonal & Promotional,Winter Specials,Winter Specials Premium,Imported Brand,SP-WS-WSP-IB-02553,,Winter Specials Premium in Seasonal & Promotional > Winter Specials. Simple product for Zephrant ERP import; one internal Default variant will be created.,Piece,Carton,12,2400,250,300,0,0,5,Active
Summer Specials,,,,,,,,,Seasonal & Promotional,Summer Specials,Summer Specials,Store Brand,SP-SS-SS-SB-02554,,Summer Specials in Seasonal & Promotional > Summer Specials. Simple product for Zephrant ERP import; one internal Default variant will be created.,Piece,Carton,12,2400,250,300,0,0,5,Active
Summer Specials,,,,,,,,,Seasonal & Promotional,Summer Specials,Summer Specials,Local Brand,SP-SS-SS-LB-02555,,Summer Specials in Seasonal & Promotional > Summer Specials. Simple product for Zephrant ERP import; one internal Default variant will be created.,Piece,Carton,12,2400,250,300,0,0,5,Active
Summer Specials,,,,,,,,,Seasonal & Promotional,Summer Specials,Summer Specials,Imported Brand,SP-SS-SS-IB-02556,,Summer Specials in Seasonal & Promotional > Summer Specials. Simple product for Zephrant ERP import; one internal Default variant will be created.,Piece,Carton,12,2400,250,300,0,0,5,Active
Summer Specials Regular,,,,,,,,,Seasonal & Promotional,Summer Specials,Summer Specials Regular,Store Brand,SP-SS-SSR-SB-02557,,Summer Specials Regular in Seasonal & Promotional > Summer Specials. Simple product for Zephrant ERP import; one internal Default variant will be created.,Piece,Carton,12,2400,250,300,0,0,5,Active
Summer Specials Regular,,,,,,,,,Seasonal & Promotional,Summer Specials,Summer Specials Regular,Local Brand,SP-SS-SSR-LB-02558,,Summer Specials Regular in Seasonal & Promotional > Summer Specials. Simple product for Zephrant ERP import; one internal Default variant will be created.,Piece,Carton,12,2400,250,300,0,0,5,Active
Summer Specials Regular,,,,,,,,,Seasonal & Promotional,Summer Specials,Summer Specials Regular,Imported Brand,SP-SS-SSR-IB-02559,,Summer Specials Regular in Seasonal & Promotional > Summer Specials. Simple product for Zephrant ERP import; one internal Default variant will be created.,Piece,Carton,12,2400,250,300,0,0,5,Active
Summer Specials Premium,,,,,,,,,Seasonal & Promotional,Summer Specials,Summer Specials Premium,Store Brand,SP-SS-SSP-SB-02560,,Summer Specials Premium in Seasonal & Promotional > Summer Specials. Simple product for Zephrant ERP import; one internal Default variant will be created.,Piece,Carton,12,2400,250,300,0,0,5,Active
Summer Specials Premium,,,,,,,,,Seasonal & Promotional,Summer Specials,Summer Specials Premium,Local Brand,SP-SS-SSP-LB-02561,,Summer Specials Premium in Seasonal & Promotional > Summer Specials. Simple product for Zephrant ERP import; one internal Default variant will be created.,Piece,Carton,12,2400,250,300,0,0,5,Active
Summer Specials Premium,,,,,,,,,Seasonal & Promotional,Summer Specials,Summer Specials Premium,Imported Brand,SP-SS-SSP-IB-02562,,Summer Specials Premium in Seasonal & Promotional > Summer Specials. Simple product for Zephrant ERP import; one internal Default variant will be created.,Piece,Carton,12,2400,250,300,0,0,5,Active
School Season,,,,,,,,,Seasonal & Promotional,School Season,School Season,Store Brand,SP-SS-SS-SB-02563,,School Season in Seasonal & Promotional > School Season. Simple product for Zephrant ERP import; one internal Default variant will be created.,Piece,Carton,12,2400,250,300,0,0,5,Active
School Season,,,,,,,,,Seasonal & Promotional,School Season,School Season,Local Brand,SP-SS-SS-LB-02564,,School Season in Seasonal & Promotional > School Season. Simple product for Zephrant ERP import; one internal Default variant will be created.,Piece,Carton,12,2400,250,300,0,0,5,Active
School Season,,,,,,,,,Seasonal & Promotional,School Season,School Season,Imported Brand,SP-SS-SS-IB-02565,,School Season in Seasonal & Promotional > School Season. Simple product for Zephrant ERP import; one internal Default variant will be created.,Piece,Carton,12,2400,250,300,0,0,5,Active
School Season Regular,,,,,,,,,Seasonal & Promotional,School Season,School Season Regular,Store Brand,SP-SS-SSR-SB-02566,,School Season Regular in Seasonal & Promotional > School Season. Simple product for Zephrant ERP import; one internal Default variant will be created.,Piece,Carton,12,2400,250,300,0,0,5,Active
School Season Regular,,,,,,,,,Seasonal & Promotional,School Season,School Season Regular,Local Brand,SP-SS-SSR-LB-02567,,School Season Regular in Seasonal & Promotional > School Season. Simple product for Zephrant ERP import; one internal Default variant will be created.,Piece,Carton,12,2400,250,300,0,0,5,Active
School Season Regular,,,,,,,,,Seasonal & Promotional,School Season,School Season Regular,Imported Brand,SP-SS-SSR-IB-02568,,School Season Regular in Seasonal & Promotional > School Season. Simple product for Zephrant ERP import; one internal Default variant will be created.,Piece,Carton,12,2400,250,300,0,0,5,Active
School Season Premium,,,,,,,,,Seasonal & Promotional,School Season,School Season Premium,Store Brand,SP-SS-SSP-SB-02569,,School Season Premium in Seasonal & Promotional > School Season. Simple product for Zephrant ERP import; one internal Default variant will be created.,Piece,Carton,12,2400,250,300,0,0,5,Active
School Season Premium,,,,,,,,,Seasonal & Promotional,School Season,School Season Premium,Local Brand,SP-SS-SSP-LB-02570,,School Season Premium in Seasonal & Promotional > School Season. Simple product for Zephrant ERP import; one internal Default variant will be created.,Piece,Carton,12,2400,250,300,0,0,5,Active
School Season Premium,,,,,,,,,Seasonal & Promotional,School Season,School Season Premium,Imported Brand,SP-SS-SSP-IB-02571,,School Season Premium in Seasonal & Promotional > School Season. Simple product for Zephrant ERP import; one internal Default variant will be created.,Piece,Carton,12,2400,250,300,0,0,5,Active
Gift Packs,,,,,,,,,Seasonal & Promotional,Gift Packs,Gift Packs,Store Brand,SP-GP-GP-SB-02572,,Gift Packs in Seasonal & Promotional > Gift Packs. Simple product for Zephrant ERP import; one internal Default variant will be created.,Piece,Carton,12,2400,250,300,0,0,5,Active
Gift Packs,,,,,,,,,Seasonal & Promotional,Gift Packs,Gift Packs,Local Brand,SP-GP-GP-LB-02573,,Gift Packs in Seasonal & Promotional > Gift Packs. Simple product for Zephrant ERP import; one internal Default variant will be created.,Piece,Carton,12,2400,250,300,0,0,5,Active
Gift Packs,,,,,,,,,Seasonal & Promotional,Gift Packs,Gift Packs,Imported Brand,SP-GP-GP-IB-02574,,Gift Packs in Seasonal & Promotional > Gift Packs. Simple product for Zephrant ERP import; one internal Default variant will be created.,Piece,Carton,12,2400,250,300,0,0,5,Active
Gift Packs Regular,,,,,,,,,Seasonal & Promotional,Gift Packs,Gift Packs Regular,Store Brand,SP-GP-GPR-SB-02575,,Gift Packs Regular in Seasonal & Promotional > Gift Packs. Simple product for Zephrant ERP import; one internal Default variant will be created.,Piece,Carton,12,2400,250,300,0,0,5,Active
Gift Packs Regular,,,,,,,,,Seasonal & Promotional,Gift Packs,Gift Packs Regular,Local Brand,SP-GP-GPR-LB-02576,,Gift Packs Regular in Seasonal & Promotional > Gift Packs. Simple product for Zephrant ERP import; one internal Default variant will be created.,Piece,Carton,12,2400,250,300,0,0,5,Active
Gift Packs Regular,,,,,,,,,Seasonal & Promotional,Gift Packs,Gift Packs Regular,Imported Brand,SP-GP-GPR-IB-02577,,Gift Packs Regular in Seasonal & Promotional > Gift Packs. Simple product for Zephrant ERP import; one internal Default variant will be created.,Piece,Carton,12,2400,250,300,0,0,5,Active
Gift Packs Premium,,,,,,,,,Seasonal & Promotional,Gift Packs,Gift Packs Premium,Store Brand,SP-GP-GPP-SB-02578,,Gift Packs Premium in Seasonal & Promotional > Gift Packs. Simple product for Zephrant ERP import; one internal Default variant will be created.,Piece,Carton,12,2400,250,300,0,0,5,Active
Gift Packs Premium,,,,,,,,,Seasonal & Promotional,Gift Packs,Gift Packs Premium,Local Brand,SP-GP-GPP-LB-02579,,Gift Packs Premium in Seasonal & Promotional > Gift Packs. Simple product for Zephrant ERP import; one internal Default variant will be created.,Piece,Carton,12,2400,250,300,0,0,5,Active
Gift Packs Premium,,,,,,,,,Seasonal & Promotional,Gift Packs,Gift Packs Premium,Imported Brand,SP-GP-GPP-IB-02580,,Gift Packs Premium in Seasonal & Promotional > Gift Packs. Simple product for Zephrant ERP import; one internal Default variant will be created.,Piece,Carton,12,2400,250,300,0,0,5,Active
Promotional Bundles,,,,,,,,,Seasonal & Promotional,Promotional Bundles,Promotional Bundles,Store Brand,SP-PB-PB-SB-02581,,Promotional Bundles in Seasonal & Promotional > Promotional Bundles. Simple product for Zephrant ERP import; one internal Default variant will be created.,Piece,Carton,12,2400,250,300,0,0,5,Active
Promotional Bundles,,,,,,,,,Seasonal & Promotional,Promotional Bundles,Promotional Bundles,Local Brand,SP-PB-PB-LB-02582,,Promotional Bundles in Seasonal & Promotional > Promotional Bundles. Simple product for Zephrant ERP import; one internal Default variant will be created.,Piece,Carton,12,2400,250,300,0,0,5,Active
Promotional Bundles,,,,,,,,,Seasonal & Promotional,Promotional Bundles,Promotional Bundles,Imported Brand,SP-PB-PB-IB-02583,,Promotional Bundles in Seasonal & Promotional > Promotional Bundles. Simple product for Zephrant ERP import; one internal Default variant will be created.,Piece,Carton,12,2400,250,300,0,0,5,Active
Promotional Bundles Regular,,,,,,,,,Seasonal & Promotional,Promotional Bundles,Promotional Bundles Regular,Store Brand,SP-PB-PBR-SB-02584,,Promotional Bundles Regular in Seasonal & Promotional > Promotional Bundles. Simple product for Zephrant ERP import; one internal Default variant will be created.,Piece,Carton,12,2400,250,300,0,0,5,Active
Promotional Bundles Regular,,,,,,,,,Seasonal & Promotional,Promotional Bundles,Promotional Bundles Regular,Local Brand,SP-PB-PBR-LB-02585,,Promotional Bundles Regular in Seasonal & Promotional > Promotional Bundles. Simple product for Zephrant ERP import; one internal Default variant will be created.,Piece,Carton,12,2400,250,300,0,0,5,Active
Promotional Bundles Regular,,,,,,,,,Seasonal & Promotional,Promotional Bundles,Promotional Bundles Regular,Imported Brand,SP-PB-PBR-IB-02586,,Promotional Bundles Regular in Seasonal & Promotional > Promotional Bundles. Simple product for Zephrant ERP import; one internal Default variant will be created.,Piece,Carton,12,2400,250,300,0,0,5,Active
Promotional Bundles Premium,,,,,,,,,Seasonal & Promotional,Promotional Bundles,Promotional Bundles Premium,Store Brand,SP-PB-PBP-SB-02587,,Promotional Bundles Premium in Seasonal & Promotional > Promotional Bundles. Simple product for Zephrant ERP import; one internal Default variant will be created.,Piece,Carton,12,2400,250,300,0,0,5,Active
Promotional Bundles Premium,,,,,,,,,Seasonal & Promotional,Promotional Bundles,Promotional Bundles Premium,Local Brand,SP-PB-PBP-LB-02588,,Promotional Bundles Premium in Seasonal & Promotional > Promotional Bundles. Simple product for Zephrant ERP import; one internal Default variant will be created.,Piece,Carton,12,2400,250,300,0,0,5,Active
Promotional Bundles Premium,,,,,,,,,Seasonal & Promotional,Promotional Bundles,Promotional Bundles Premium,Imported Brand,SP-PB-PBP-IB-02589,,Promotional Bundles Premium in Seasonal & Promotional > Promotional Bundles. Simple product for Zephrant ERP import; one internal Default variant will be created.,Piece,Carton,12,2400,250,300,0,0,5,Active
Toys,,,,,,,,,General Merchandise,Toys,Toys,Store Brand,GM-TOYS-TOYS-SB-02590,,Toys in General Merchandise > Toys. Simple product for Zephrant ERP import; one internal Default variant will be created.,Piece,Carton,12,6000,650,750,0,0,5,Active
Toys,,,,,,,,,General Merchandise,Toys,Toys,Local Brand,GM-TOYS-TOYS-LB-02591,,Toys in General Merchandise > Toys. Simple product for Zephrant ERP import; one internal Default variant will be created.,Piece,Carton,12,6000,650,750,0,0,5,Active
Toys,,,,,,,,,General Merchandise,Toys,Toys,Imported Brand,GM-TOYS-TOYS-IB-02592,,Toys in General Merchandise > Toys. Simple product for Zephrant ERP import; one internal Default variant will be created.,Piece,Carton,12,6000,650,750,0,0,5,Active
Toys Regular,,,,,,,,,General Merchandise,Toys,Toys Regular,Store Brand,GM-TOYS-TR-SB-02593,,Toys Regular in General Merchandise > Toys. Simple product for Zephrant ERP import; one internal Default variant will be created.,Piece,Carton,12,6000,650,750,0,0,5,Active
Toys Regular,,,,,,,,,General Merchandise,Toys,Toys Regular,Local Brand,GM-TOYS-TR-LB-02594,,Toys Regular in General Merchandise > Toys. Simple product for Zephrant ERP import; one internal Default variant will be created.,Piece,Carton,12,6000,650,750,0,0,5,Active
Toys Regular,,,,,,,,,General Merchandise,Toys,Toys Regular,Imported Brand,GM-TOYS-TR-IB-02595,,Toys Regular in General Merchandise > Toys. Simple product for Zephrant ERP import; one internal Default variant will be created.,Piece,Carton,12,6000,650,750,0,0,5,Active
Toys Premium,,,,,,,,,General Merchandise,Toys,Toys Premium,Store Brand,GM-TOYS-TP-SB-02596,,Toys Premium in General Merchandise > Toys. Simple product for Zephrant ERP import; one internal Default variant will be created.,Piece,Carton,12,6000,650,750,0,0,5,Active
Toys Premium,,,,,,,,,General Merchandise,Toys,Toys Premium,Local Brand,GM-TOYS-TP-LB-02597,,Toys Premium in General Merchandise > Toys. Simple product for Zephrant ERP import; one internal Default variant will be created.,Piece,Carton,12,6000,650,750,0,0,5,Active
Toys Premium,,,,,,,,,General Merchandise,Toys,Toys Premium,Imported Brand,GM-TOYS-TP-IB-02598,,Toys Premium in General Merchandise > Toys. Simple product for Zephrant ERP import; one internal Default variant will be created.,Piece,Carton,12,6000,650,750,0,0,5,Active
Gifts,,,,,,,,,General Merchandise,Gifts,Gifts,Store Brand,GM-GIFT-GIFT-SB-02599,,Gifts in General Merchandise > Gifts. Simple product for Zephrant ERP import; one internal Default variant will be created.,Piece,Carton,12,6000,650,750,0,0,5,Active
Gifts,,,,,,,,,General Merchandise,Gifts,Gifts,Local Brand,GM-GIFT-GIFT-LB-02600,,Gifts in General Merchandise > Gifts. Simple product for Zephrant ERP import; one internal Default variant will be created.,Piece,Carton,12,6000,650,750,0,0,5,Active
Gifts,,,,,,,,,General Merchandise,Gifts,Gifts,Imported Brand,GM-GIFT-GIFT-IB-02601,,Gifts in General Merchandise > Gifts. Simple product for Zephrant ERP import; one internal Default variant will be created.,Piece,Carton,12,6000,650,750,0,0,5,Active
Gifts Regular,,,,,,,,,General Merchandise,Gifts,Gifts Regular,Store Brand,GM-GIFT-GR-SB-02602,,Gifts Regular in General Merchandise > Gifts. Simple product for Zephrant ERP import; one internal Default variant will be created.,Piece,Carton,12,6000,650,750,0,0,5,Active
Gifts Regular,,,,,,,,,General Merchandise,Gifts,Gifts Regular,Local Brand,GM-GIFT-GR-LB-02603,,Gifts Regular in General Merchandise > Gifts. Simple product for Zephrant ERP import; one internal Default variant will be created.,Piece,Carton,12,6000,650,750,0,0,5,Active
Gifts Regular,,,,,,,,,General Merchandise,Gifts,Gifts Regular,Imported Brand,GM-GIFT-GR-IB-02604,,Gifts Regular in General Merchandise > Gifts. Simple product for Zephrant ERP import; one internal Default variant will be created.,Piece,Carton,12,6000,650,750,0,0,5,Active
Gifts Premium,,,,,,,,,General Merchandise,Gifts,Gifts Premium,Store Brand,GM-GIFT-GP-SB-02605,,Gifts Premium in General Merchandise > Gifts. Simple product for Zephrant ERP import; one internal Default variant will be created.,Piece,Carton,12,6000,650,750,0,0,5,Active
Gifts Premium,,,,,,,,,General Merchandise,Gifts,Gifts Premium,Local Brand,GM-GIFT-GP-LB-02606,,Gifts Premium in General Merchandise > Gifts. Simple product for Zephrant ERP import; one internal Default variant will be created.,Piece,Carton,12,6000,650,750,0,0,5,Active
Gifts Premium,,,,,,,,,General Merchandise,Gifts,Gifts Premium,Imported Brand,GM-GIFT-GP-IB-02607,,Gifts Premium in General Merchandise > Gifts. Simple product for Zephrant ERP import; one internal Default variant will be created.,Piece,Carton,12,6000,650,750,0,0,5,Active
Travel Accessories,,,,,,,,,General Merchandise,Travel Accessories,Travel Accessories,Store Brand,GM-TA-TA-SB-02608,,Travel Accessories in General Merchandise > Travel Accessories. Simple product for Zephrant ERP import; one internal Default variant will be created.,Piece,Carton,12,6000,650,750,0,0,5,Active
Travel Accessories,,,,,,,,,General Merchandise,Travel Accessories,Travel Accessories,Local Brand,GM-TA-TA-LB-02609,,Travel Accessories in General Merchandise > Travel Accessories. Simple product for Zephrant ERP import; one internal Default variant will be created.,Piece,Carton,12,6000,650,750,0,0,5,Active
Travel Accessories,,,,,,,,,General Merchandise,Travel Accessories,Travel Accessories,Imported Brand,GM-TA-TA-IB-02610,,Travel Accessories in General Merchandise > Travel Accessories. Simple product for Zephrant ERP import; one internal Default variant will be created.,Piece,Carton,12,6000,650,750,0,0,5,Active
Travel Accessories Regular,,,,,,,,,General Merchandise,Travel Accessories,Travel Accessories Regular,Store Brand,GM-TA-TAR-SB-02611,,Travel Accessories Regular in General Merchandise > Travel Accessories. Simple product for Zephrant ERP import; one internal Default variant will be created.,Piece,Carton,12,6000,650,750,0,0,5,Active
Travel Accessories Regular,,,,,,,,,General Merchandise,Travel Accessories,Travel Accessories Regular,Local Brand,GM-TA-TAR-LB-02612,,Travel Accessories Regular in General Merchandise > Travel Accessories. Simple product for Zephrant ERP import; one internal Default variant will be created.,Piece,Carton,12,6000,650,750,0,0,5,Active
Travel Accessories Regular,,,,,,,,,General Merchandise,Travel Accessories,Travel Accessories Regular,Imported Brand,GM-TA-TAR-IB-02613,,Travel Accessories Regular in General Merchandise > Travel Accessories. Simple product for Zephrant ERP import; one internal Default variant will be created.,Piece,Carton,12,6000,650,750,0,0,5,Active
Travel Accessories Premium,,,,,,,,,General Merchandise,Travel Accessories,Travel Accessories Premium,Store Brand,GM-TA-TAP-SB-02614,,Travel Accessories Premium in General Merchandise > Travel Accessories. Simple product for Zephrant ERP import; one internal Default variant will be created.,Piece,Carton,12,6000,650,750,0,0,5,Active
Travel Accessories Premium,,,,,,,,,General Merchandise,Travel Accessories,Travel Accessories Premium,Local Brand,GM-TA-TAP-LB-02615,,Travel Accessories Premium in General Merchandise > Travel Accessories. Simple product for Zephrant ERP import; one internal Default variant will be created.,Piece,Carton,12,6000,650,750,0,0,5,Active
Travel Accessories Premium,,,,,,,,,General Merchandise,Travel Accessories,Travel Accessories Premium,Imported Brand,GM-TA-TAP-IB-02616,,Travel Accessories Premium in General Merchandise > Travel Accessories. Simple product for Zephrant ERP import; one internal Default variant will be created.,Piece,Carton,12,6000,650,750,0,0,5,Active
Religious Items,,,,,,,,,General Merchandise,Religious Items,Religious Items,Store Brand,GM-RI-RI-SB-02617,,Religious Items in General Merchandise > Religious Items. Simple product for Zephrant ERP import; one internal Default variant will be created.,Piece,Carton,12,6000,650,750,0,0,5,Active
Religious Items,,,,,,,,,General Merchandise,Religious Items,Religious Items,Local Brand,GM-RI-RI-LB-02618,,Religious Items in General Merchandise > Religious Items. Simple product for Zephrant ERP import; one internal Default variant will be created.,Piece,Carton,12,6000,650,750,0,0,5,Active
Religious Items,,,,,,,,,General Merchandise,Religious Items,Religious Items,Imported Brand,GM-RI-RI-IB-02619,,Religious Items in General Merchandise > Religious Items. Simple product for Zephrant ERP import; one internal Default variant will be created.,Piece,Carton,12,6000,650,750,0,0,5,Active
Religious Items Regular,,,,,,,,,General Merchandise,Religious Items,Religious Items Regular,Store Brand,GM-RI-RIR-SB-02620,,Religious Items Regular in General Merchandise > Religious Items. Simple product for Zephrant ERP import; one internal Default variant will be created.,Piece,Carton,12,6000,650,750,0,0,5,Active
Religious Items Regular,,,,,,,,,General Merchandise,Religious Items,Religious Items Regular,Local Brand,GM-RI-RIR-LB-02621,,Religious Items Regular in General Merchandise > Religious Items. Simple product for Zephrant ERP import; one internal Default variant will be created.,Piece,Carton,12,6000,650,750,0,0,5,Active
Religious Items Regular,,,,,,,,,General Merchandise,Religious Items,Religious Items Regular,Imported Brand,GM-RI-RIR-IB-02622,,Religious Items Regular in General Merchandise > Religious Items. Simple product for Zephrant ERP import; one internal Default variant will be created.,Piece,Carton,12,6000,650,750,0,0,5,Active
Religious Items Premium,,,,,,,,,General Merchandise,Religious Items,Religious Items Premium,Store Brand,GM-RI-RIP-SB-02623,,Religious Items Premium in General Merchandise > Religious Items. Simple product for Zephrant ERP import; one internal Default variant will be created.,Piece,Carton,12,6000,650,750,0,0,5,Active
Religious Items Premium,,,,,,,,,General Merchandise,Religious Items,Religious Items Premium,Local Brand,GM-RI-RIP-LB-02624,,Religious Items Premium in General Merchandise > Religious Items. Simple product for Zephrant ERP import; one internal Default variant will be created.,Piece,Carton,12,6000,650,750,0,0,5,Active
Religious Items Premium,,,,,,,,,General Merchandise,Religious Items,Religious Items Premium,Imported Brand,GM-RI-RIP-IB-02625,,Religious Items Premium in General Merchandise > Religious Items. Simple product for Zephrant ERP import; one internal Default variant will be created.,Piece,Carton,12,6000,650,750,0,0,5,Active
Kitchenware,,,,,,,,,General Merchandise,Kitchenware,Kitchenware,Store Brand,GM-KITC-KITC-SB-02626,,Kitchenware in General Merchandise > Kitchenware. Simple product for Zephrant ERP import; one internal Default variant will be created.,Piece,Carton,12,6000,650,750,0,0,5,Active
Kitchenware,,,,,,,,,General Merchandise,Kitchenware,Kitchenware,Local Brand,GM-KITC-KITC-LB-02627,,Kitchenware in General Merchandise > Kitchenware. Simple product for Zephrant ERP import; one internal Default variant will be created.,Piece,Carton,12,6000,650,750,0,0,5,Active
Kitchenware,,,,,,,,,General Merchandise,Kitchenware,Kitchenware,Imported Brand,GM-KITC-KITC-IB-02628,,Kitchenware in General Merchandise > Kitchenware. Simple product for Zephrant ERP import; one internal Default variant will be created.,Piece,Carton,12,6000,650,750,0,0,5,Active
Kitchenware Regular,,,,,,,,,General Merchandise,Kitchenware,Kitchenware Regular,Store Brand,GM-KITC-KR-SB-02629,,Kitchenware Regular in General Merchandise > Kitchenware. Simple product for Zephrant ERP import; one internal Default variant will be created.,Piece,Carton,12,6000,650,750,0,0,5,Active
Kitchenware Regular,,,,,,,,,General Merchandise,Kitchenware,Kitchenware Regular,Local Brand,GM-KITC-KR-LB-02630,,Kitchenware Regular in General Merchandise > Kitchenware. Simple product for Zephrant ERP import; one internal Default variant will be created.,Piece,Carton,12,6000,650,750,0,0,5,Active
Kitchenware Regular,,,,,,,,,General Merchandise,Kitchenware,Kitchenware Regular,Imported Brand,GM-KITC-KR-IB-02631,,Kitchenware Regular in General Merchandise > Kitchenware. Simple product for Zephrant ERP import; one internal Default variant will be created.,Piece,Carton,12,6000,650,750,0,0,5,Active
Kitchenware Premium,,,,,,,,,General Merchandise,Kitchenware,Kitchenware Premium,Store Brand,GM-KITC-KP-SB-02632,,Kitchenware Premium in General Merchandise > Kitchenware. Simple product for Zephrant ERP import; one internal Default variant will be created.,Piece,Carton,12,6000,650,750,0,0,5,Active
Kitchenware Premium,,,,,,,,,General Merchandise,Kitchenware,Kitchenware Premium,Local Brand,GM-KITC-KP-LB-02633,,Kitchenware Premium in General Merchandise > Kitchenware. Simple product for Zephrant ERP import; one internal Default variant will be created.,Piece,Carton,12,6000,650,750,0,0,5,Active
Kitchenware Premium,,,,,,,,,General Merchandise,Kitchenware,Kitchenware Premium,Imported Brand,GM-KITC-KP-IB-02634,,Kitchenware Premium in General Merchandise > Kitchenware. Simple product for Zephrant ERP import; one internal Default variant will be created.,Piece,Carton,12,6000,650,750,0,0,5,Active
Plastic Ware,,,,,,,,,General Merchandise,Plastic Ware,Plastic Ware,Store Brand,GM-PW-PW-SB-02635,,Plastic Ware in General Merchandise > Plastic Ware. Simple product for Zephrant ERP import; one internal Default variant will be created.,Piece,Carton,12,6000,650,750,0,0,5,Active
Plastic Ware,,,,,,,,,General Merchandise,Plastic Ware,Plastic Ware,Local Brand,GM-PW-PW-LB-02636,,Plastic Ware in General Merchandise > Plastic Ware. Simple product for Zephrant ERP import; one internal Default variant will be created.,Piece,Carton,12,6000,650,750,0,0,5,Active
Plastic Ware,,,,,,,,,General Merchandise,Plastic Ware,Plastic Ware,Imported Brand,GM-PW-PW-IB-02637,,Plastic Ware in General Merchandise > Plastic Ware. Simple product for Zephrant ERP import; one internal Default variant will be created.,Piece,Carton,12,6000,650,750,0,0,5,Active
Plastic Ware Regular,,,,,,,,,General Merchandise,Plastic Ware,Plastic Ware Regular,Store Brand,GM-PW-PWR-SB-02638,,Plastic Ware Regular in General Merchandise > Plastic Ware. Simple product for Zephrant ERP import; one internal Default variant will be created.,Piece,Carton,12,6000,650,750,0,0,5,Active
Plastic Ware Regular,,,,,,,,,General Merchandise,Plastic Ware,Plastic Ware Regular,Local Brand,GM-PW-PWR-LB-02639,,Plastic Ware Regular in General Merchandise > Plastic Ware. Simple product for Zephrant ERP import; one internal Default variant will be created.,Piece,Carton,12,6000,650,750,0,0,5,Active
Plastic Ware Regular,,,,,,,,,General Merchandise,Plastic Ware,Plastic Ware Regular,Imported Brand,GM-PW-PWR-IB-02640,,Plastic Ware Regular in General Merchandise > Plastic Ware. Simple product for Zephrant ERP import; one internal Default variant will be created.,Piece,Carton,12,6000,650,750,0,0,5,Active
Plastic Ware Premium,,,,,,,,,General Merchandise,Plastic Ware,Plastic Ware Premium,Store Brand,GM-PW-PWP-SB-02641,,Plastic Ware Premium in General Merchandise > Plastic Ware. Simple product for Zephrant ERP import; one internal Default variant will be created.,Piece,Carton,12,6000,650,750,0,0,5,Active
Plastic Ware Premium,,,,,,,,,General Merchandise,Plastic Ware,Plastic Ware Premium,Local Brand,GM-PW-PWP-LB-02642,,Plastic Ware Premium in General Merchandise > Plastic Ware. Simple product for Zephrant ERP import; one internal Default variant will be created.,Piece,Carton,12,6000,650,750,0,0,5,Active
Plastic Ware Premium,,,,,,,,,General Merchandise,Plastic Ware,Plastic Ware Premium,Imported Brand,GM-PW-PWP-IB-02643,,Plastic Ware Premium in General Merchandise > Plastic Ware. Simple product for Zephrant ERP import; one internal Default variant will be created.,Piece,Carton,12,6000,650,750,0,0,5,Active
Utility Items,,,,,,,,,General Merchandise,Utility Items,Utility Items,Store Brand,GM-UI-UI-SB-02644,,Utility Items in General Merchandise > Utility Items. Simple product for Zephrant ERP import; one internal Default variant will be created.,Piece,Carton,12,6000,650,750,0,0,5,Active
Utility Items,,,,,,,,,General Merchandise,Utility Items,Utility Items,Local Brand,GM-UI-UI-LB-02645,,Utility Items in General Merchandise > Utility Items. Simple product for Zephrant ERP import; one internal Default variant will be created.,Piece,Carton,12,6000,650,750,0,0,5,Active
Utility Items,,,,,,,,,General Merchandise,Utility Items,Utility Items,Imported Brand,GM-UI-UI-IB-02646,,Utility Items in General Merchandise > Utility Items. Simple product for Zephrant ERP import; one internal Default variant will be created.,Piece,Carton,12,6000,650,750,0,0,5,Active
Utility Items Regular,,,,,,,,,General Merchandise,Utility Items,Utility Items Regular,Store Brand,GM-UI-UIR-SB-02647,,Utility Items Regular in General Merchandise > Utility Items. Simple product for Zephrant ERP import; one internal Default variant will be created.,Piece,Carton,12,6000,650,750,0,0,5,Active
Utility Items Regular,,,,,,,,,General Merchandise,Utility Items,Utility Items Regular,Local Brand,GM-UI-UIR-LB-02648,,Utility Items Regular in General Merchandise > Utility Items. Simple product for Zephrant ERP import; one internal Default variant will be created.,Piece,Carton,12,6000,650,750,0,0,5,Active
Utility Items Regular,,,,,,,,,General Merchandise,Utility Items,Utility Items Regular,Imported Brand,GM-UI-UIR-IB-02649,,Utility Items Regular in General Merchandise > Utility Items. Simple product for Zephrant ERP import; one internal Default variant will be created.,Piece,Carton,12,6000,650,750,0,0,5,Active
Utility Items Premium,,,,,,,,,General Merchandise,Utility Items,Utility Items Premium,Store Brand,GM-UI-UIP-SB-02650,,Utility Items Premium in General Merchandise > Utility Items. Simple product for Zephrant ERP import; one internal Default variant will be created.,Piece,Carton,12,6000,650,750,0,0,5,Active
Utility Items Premium,,,,,,,,,General Merchandise,Utility Items,Utility Items Premium,Local Brand,GM-UI-UIP-LB-02651,,Utility Items Premium in General Merchandise > Utility Items. Simple product for Zephrant ERP import; one internal Default variant will be created.,Piece,Carton,12,6000,650,750,0,0,5,Active
Utility Items Premium,,,,,,,,,General Merchandise,Utility Items,Utility Items Premium,Imported Brand,GM-UI-UIP-IB-02652,,Utility Items Premium in General Merchandise > Utility Items. Simple product for Zephrant ERP import; one internal Default variant will be created.,Piece,Carton,12,6000,650,750,0,0,5,Active
Hardware Essentials,,,,,,,,,General Merchandise,Hardware Essentials,Hardware Essentials,Store Brand,GM-HE-HE-SB-02653,,Hardware Essentials in General Merchandise > Hardware Essentials. Simple product for Zephrant ERP import; one internal Default variant will be created.,Piece,Carton,12,6000,650,750,0,0,5,Active
Hardware Essentials,,,,,,,,,General Merchandise,Hardware Essentials,Hardware Essentials,Local Brand,GM-HE-HE-LB-02654,,Hardware Essentials in General Merchandise > Hardware Essentials. Simple product for Zephrant ERP import; one internal Default variant will be created.,Piece,Carton,12,6000,650,750,0,0,5,Active
Hardware Essentials,,,,,,,,,General Merchandise,Hardware Essentials,Hardware Essentials,Imported Brand,GM-HE-HE-IB-02655,,Hardware Essentials in General Merchandise > Hardware Essentials. Simple product for Zephrant ERP import; one internal Default variant will be created.,Piece,Carton,12,6000,650,750,0,0,5,Active
Hardware Essentials Regular,,,,,,,,,General Merchandise,Hardware Essentials,Hardware Essentials Regular,Store Brand,GM-HE-HER-SB-02656,,Hardware Essentials Regular in General Merchandise > Hardware Essentials. Simple product for Zephrant ERP import; one internal Default variant will be created.,Piece,Carton,12,6000,650,750,0,0,5,Active
Hardware Essentials Regular,,,,,,,,,General Merchandise,Hardware Essentials,Hardware Essentials Regular,Local Brand,GM-HE-HER-LB-02657,,Hardware Essentials Regular in General Merchandise > Hardware Essentials. Simple product for Zephrant ERP import; one internal Default variant will be created.,Piece,Carton,12,6000,650,750,0,0,5,Active
Hardware Essentials Regular,,,,,,,,,General Merchandise,Hardware Essentials,Hardware Essentials Regular,Imported Brand,GM-HE-HER-IB-02658,,Hardware Essentials Regular in General Merchandise > Hardware Essentials. Simple product for Zephrant ERP import; one internal Default variant will be created.,Piece,Carton,12,6000,650,750,0,0,5,Active
Hardware Essentials Premium,,,,,,,,,General Merchandise,Hardware Essentials,Hardware Essentials Premium,Store Brand,GM-HE-HEP-SB-02659,,Hardware Essentials Premium in General Merchandise > Hardware Essentials. Simple product for Zephrant ERP import; one internal Default variant will be created.,Piece,Carton,12,6000,650,750,0,0,5,Active
Hardware Essentials Premium,,,,,,,,,General Merchandise,Hardware Essentials,Hardware Essentials Premium,Local Brand,GM-HE-HEP-LB-02660,,Hardware Essentials Premium in General Merchandise > Hardware Essentials. Simple product for Zephrant ERP import; one internal Default variant will be created.,Piece,Carton,12,6000,650,750,0,0,5,Active
Hardware Essentials Premium,,,,,,,,,General Merchandise,Hardware Essentials,Hardware Essentials Premium,Imported Brand,GM-HE-HEP-IB-02661,,Hardware Essentials Premium in General Merchandise > Hardware Essentials. Simple product for Zephrant ERP import; one internal Default variant will be created.,Piece,Carton,12,6000,650,750,0,0,5,Active
Sewing Accessories,,,,,,,,,General Merchandise,Sewing Accessories,Sewing Accessories,Store Brand,GM-SA-SA-SB-02662,,Sewing Accessories in General Merchandise > Sewing Accessories. Simple product for Zephrant ERP import; one internal Default variant will be created.,Piece,Carton,12,6000,650,750,0,0,5,Active
Sewing Accessories,,,,,,,,,General Merchandise,Sewing Accessories,Sewing Accessories,Local Brand,GM-SA-SA-LB-02663,,Sewing Accessories in General Merchandise > Sewing Accessories. Simple product for Zephrant ERP import; one internal Default variant will be created.,Piece,Carton,12,6000,650,750,0,0,5,Active
Sewing Accessories,,,,,,,,,General Merchandise,Sewing Accessories,Sewing Accessories,Imported Brand,GM-SA-SA-IB-02664,,Sewing Accessories in General Merchandise > Sewing Accessories. Simple product for Zephrant ERP import; one internal Default variant will be created.,Piece,Carton,12,6000,650,750,0,0,5,Active
Sewing Accessories Regular,,,,,,,,,General Merchandise,Sewing Accessories,Sewing Accessories Regular,Store Brand,GM-SA-SAR-SB-02665,,Sewing Accessories Regular in General Merchandise > Sewing Accessories. Simple product for Zephrant ERP import; one internal Default variant will be created.,Piece,Carton,12,6000,650,750,0,0,5,Active
Sewing Accessories Regular,,,,,,,,,General Merchandise,Sewing Accessories,Sewing Accessories Regular,Local Brand,GM-SA-SAR-LB-02666,,Sewing Accessories Regular in General Merchandise > Sewing Accessories. Simple product for Zephrant ERP import; one internal Default variant will be created.,Piece,Carton,12,6000,650,750,0,0,5,Active
Sewing Accessories Regular,,,,,,,,,General Merchandise,Sewing Accessories,Sewing Accessories Regular,Imported Brand,GM-SA-SAR-IB-02667,,Sewing Accessories Regular in General Merchandise > Sewing Accessories. Simple product for Zephrant ERP import; one internal Default variant will be created.,Piece,Carton,12,6000,650,750,0,0,5,Active
Sewing Accessories Premium,,,,,,,,,General Merchandise,Sewing Accessories,Sewing Accessories Premium,Store Brand,GM-SA-SAP-SB-02668,,Sewing Accessories Premium in General Merchandise > Sewing Accessories. Simple product for Zephrant ERP import; one internal Default variant will be created.,Piece,Carton,12,6000,650,750,0,0,5,Active
Sewing Accessories Premium,,,,,,,,,General Merchandise,Sewing Accessories,Sewing Accessories Premium,Local Brand,GM-SA-SAP-LB-02669,,Sewing Accessories Premium in General Merchandise > Sewing Accessories. Simple product for Zephrant ERP import; one internal Default variant will be created.,Piece,Carton,12,6000,650,750,0,0,5,Active
Sewing Accessories Premium,,,,,,,,,General Merchandise,Sewing Accessories,Sewing Accessories Premium,Imported Brand,GM-SA-SAP-IB-02670,,Sewing Accessories Premium in General Merchandise > Sewing Accessories. Simple product for Zephrant ERP import; one internal Default variant will be created.,Piece,Carton,12,6000,650,750,0,0,5,Active
Miscellaneous,,,,,,,,,General Merchandise,Miscellaneous,Miscellaneous,Store Brand,GM-MISC-MISC-SB-02671,,Miscellaneous in General Merchandise > Miscellaneous. Simple product for Zephrant ERP import; one internal Default variant will be created.,Piece,Carton,12,6000,650,750,0,0,5,Active
Miscellaneous,,,,,,,,,General Merchandise,Miscellaneous,Miscellaneous,Local Brand,GM-MISC-MISC-LB-02672,,Miscellaneous in General Merchandise > Miscellaneous. Simple product for Zephrant ERP import; one internal Default variant will be created.,Piece,Carton,12,6000,650,750,0,0,5,Active
Miscellaneous,,,,,,,,,General Merchandise,Miscellaneous,Miscellaneous,Imported Brand,GM-MISC-MISC-IB-02673,,Miscellaneous in General Merchandise > Miscellaneous. Simple product for Zephrant ERP import; one internal Default variant will be created.,Piece,Carton,12,6000,650,750,0,0,5,Active
Miscellaneous Regular,,,,,,,,,General Merchandise,Miscellaneous,Miscellaneous Regular,Store Brand,GM-MISC-MR-SB-02674,,Miscellaneous Regular in General Merchandise > Miscellaneous. Simple product for Zephrant ERP import; one internal Default variant will be created.,Piece,Carton,12,6000,650,750,0,0,5,Active
Miscellaneous Regular,,,,,,,,,General Merchandise,Miscellaneous,Miscellaneous Regular,Local Brand,GM-MISC-MR-LB-02675,,Miscellaneous Regular in General Merchandise > Miscellaneous. Simple product for Zephrant ERP import; one internal Default variant will be created.,Piece,Carton,12,6000,650,750,0,0,5,Active
Miscellaneous Regular,,,,,,,,,General Merchandise,Miscellaneous,Miscellaneous Regular,Imported Brand,GM-MISC-MR-IB-02676,,Miscellaneous Regular in General Merchandise > Miscellaneous. Simple product for Zephrant ERP import; one internal Default variant will be created.,Piece,Carton,12,6000,650,750,0,0,5,Active
Miscellaneous Premium,,,,,,,,,General Merchandise,Miscellaneous,Miscellaneous Premium,Store Brand,GM-MISC-MP-SB-02677,,Miscellaneous Premium in General Merchandise > Miscellaneous. Simple product for Zephrant ERP import; one internal Default variant will be created.,Piece,Carton,12,6000,650,750,0,0,5,Active
Miscellaneous Premium,,,,,,,,,General Merchandise,Miscellaneous,Miscellaneous Premium,Local Brand,GM-MISC-MP-LB-02678,,Miscellaneous Premium in General Merchandise > Miscellaneous. Simple product for Zephrant ERP import; one internal Default variant will be created.,Piece,Carton,12,6000,650,750,0,0,5,Active
Miscellaneous Premium,,,,,,,,,General Merchandise,Miscellaneous,Miscellaneous Premium,Imported Brand,GM-MISC-MP-IB-02679,,Miscellaneous Premium in General Merchandise > Miscellaneous. Simple product for Zephrant ERP import; one internal Default variant will be created.,Piece,Carton,12,6000,650,750,0,0,5,Active
